variant_key,aa_pos,VariantClassification,is_missense,is_synonymous,is_frameshift,is_intron,is_utr,has_AF_popmax,log10_AF_popmax,spliceai,has_spliceai,is_multi_exon,exon_number,is_exon4,REVEL,has_REVEL,phyloP100way,phastCons100way,has_phyloP100way,has_phastCons100way,exon_symmetric,disrupts_frame,is_exon_1_17,is_exon18,is_nonsense,nmd_aa_below_830,is_init_codon,is_top_60_cys,splice_site,is_whole_exon,functional_effect,is_exonic,codon_change_length,is_duplication,is_deletion,is_inframe_ins_or_del,is_insertion,functional_score,has_functional_score,functional_se,functional_sd
C_T_11089332_<NA>_<NA>_<NA>,,0,0,0,0,0,0,1,-1.9821322810364943,,0,0,,,,0,0.824000000953674,0.0320000015199184,1,1,,0,,,0,0,0,0,0,0,0,0,0,0,0,0,0,,0,,
G_T_11089344_<NA>_<NA>_<NA>,,0,0,0,0,0,0,1,-4.183559832043861,,0,0,,,,0,-0.217999994754791,0.97299998998642,1,1,,0,,,0,0,0,0,0,0,0,0,0,0,0,0,0,,0,,
G_A_11089352_<NA>_<NA>_<NA>,,0,0,0,0,0,0,0,,,0,0,,,,0,-1.95899999141693,0.0,1,1,,0,,,0,0,0,0,0,0,0,0,0,0,0,0,0,,0,,
C_C_11089362_<NA>_<NA>_<NA>,,1,0,0,0,0,0,0,,,0,0,,,,0,,,0,0,,0,,,0,0,0,0,0,0,0,0,-3,0,0,0,0,,0,,
C_A_11089400_<NA>_<NA>_<NA>,,1,0,0,0,0,0,1,-4.31533413597414,,0,0,,,,0,0.474000006914139,0.944999992847443,1,1,,0,,,0,0,0,0,0,0,0,0,0,0,0,0,0,,0,,
C_T_11089413_<NA>_<NA>_<NA>,,1,0,0,0,0,0,1,,,0,0,,,,0,3.66199994087219,1.0,1,1,,0,,,0,0,0,0,0,0,0,0,0,0,0,0,0,,0,,
C_A_11089427_<NA>_<NA>_<NA>,,0,0,0,0,0,0,1,-4.496617936526268,,0,0,,,,0,0.207000002264977,0.0,1,1,,0,,,0,0,0,0,0,0,0,0,0,0,0,0,0,,0,,
G_C_11089452_<NA>_<NA>_<NA>,,0,0,0,0,0,0,1,-3.4478186611606643,,0,0,,,,0,0.140000000596046,0.656000018119812,1,1,,0,,,0,0,0,0,0,0,0,0,0,0,0,0,0,,0,,
G_T_11089475_<NA>_<NA>_<NA>,,0,0,0,0,0,1,0,,0.03,1,0,1.0,0.0,,0,0.667999982833862,0.0,1,1,,0,1,0,0,0,0,0,0,1,0,1,0,0,0,0,0,,0,,
C_G_11089514_<NA>_<NA>_<NA>,,1,0,0,0,0,1,0,,0.0,1,0,1.0,0.0,,0,0.643999993801117,0.0010000000474974,1,1,,0,1,0,0,0,0,0,0,1,0,1,0,0,0,0,0,,0,,
G_C_11089521_<NA>_<NA>_<NA>,,0,0,0,0,0,1,1,-6.044408449594275,0.0,1,0,1.0,0.0,,0,-0.230000004172325,0.0,1,1,,0,1,0,0,0,0,0,0,1,0,1,0,0,0,0,0,,0,,
C_A_11089541_<NA>_<NA>_<NA>,,1,0,0,0,0,1,0,,0.0,1,0,1.0,0.0,,0,0.0810000002384186,0.0,1,1,,0,1,0,0,0,0,0,0,1,0,1,0,0,0,0,0,,0,,
C_C_11089548_Met_1_fs,1.0,1,0,0,1,0,0,0,,,0,0,1.0,0.0,,0,,,0,0,,1,1,0,0,0,1,0,1,1,1,1,-67,0,0,0,0,,0,,
A_C_11089549_Met_1_Leu,1.0,1,0,0,0,0,0,0,,0.0,1,0,1.0,0.0,,0,2.20700001716614,0.889999985694885,1,1,,0,1,0,0,0,1,0,0,1,1,1,0,0,0,0,0,,0,,
A_G_11089549_Met_1_Val,1.0,1,0,0,0,0,0,0,,0.0,1,0,1.0,0.0,,0,2.20700001716614,0.889999985694885,1,1,,0,1,0,0,0,1,0,0,1,1,1,0,0,0,0,0,,0,,
A_T_11089549_Met_1_Leu,1.0,1,0,0,0,0,0,0,,0.0,1,0,1.0,0.0,,0,2.20700001716614,0.889999985694885,1,1,,0,1,0,0,0,1,0,0,1,1,1,0,0,0,0,0,,0,,
T_C_11089550_Met_1_Thr,1.0,1,0,0,0,0,0,0,,0.0,1,0,1.0,0.0,,0,1.76600003242493,0.927999973297119,1,1,,0,1,0,0,0,1,0,0,1,1,1,0,0,0,0,0,,0,,
T_T_11089550_Trp_4_fs,4.0,1,0,0,1,0,0,0,,,0,0,1.0,0.0,,0,-0.616999983787537,0.0,1,1,,1,1,0,0,0,0,0,0,1,1,1,-1,0,0,0,0,,0,,
G_A_11089551_Met_1_Ile,1.0,1,0,0,0,0,0,0,,0.0,1,0,1.0,0.0,,0,2.41799998283386,0.921999990940094,1,1,,0,1,0,0,0,1,0,0,1,1,1,0,0,0,0,0,,0,,
G_T_11089551_Met_1_Ile,1.0,1,0,0,0,0,0,0,,0.0,1,0,1.0,0.0,,0,2.41799998283386,0.921999990940094,1,1,,0,1,0,0,0,1,0,0,1,1,1,0,0,0,0,0,,0,,
G_A_11089554_Gly_2_Gly,2.0,0,0,1,0,0,0,0,,0.0,1,0,1.0,0.0,,0,-0.616999983787537,0.0,1,1,,0,1,0,0,0,0,0,0,1,1,1,0,0,0,0,0,0.997080592,1,0.073505588,0.294022354
G_G_11089554_Trp_4_fs,4.0,1,0,0,1,0,0,0,,,0,0,1.0,0.0,,0,-1.62199997901917,0.0,1,1,,1,1,0,0,0,0,0,0,1,1,1,-1,0,0,0,0,,0,,
C_T_11089557_Pro_3_Pro,3.0,0,0,1,0,0,0,1,-6.046095406586541,0.0,1,0,1.0,0.0,,0,-1.62199997901917,0.0,1,1,,0,1,0,0,0,0,0,0,1,1,1,0,0,0,0,0,1.00549784,1,0.055238767,0.312477655
G_A_11089559_Trp_4_Ter,4.0,1,0,0,0,0,0,1,-4.184355850868035,0.0,1,0,1.0,0.0,,0,-0.0529999993741512,0.0,1,1,,1,1,0,1,0,0,0,0,1,1,1,0,0,0,0,0,0.078872373,1,0.080345975,0.27832662
G_A_11089560_Trp_4_Ter,4.0,1,0,0,0,0,0,1,-4.650528200785614,0.0,1,0,1.0,0.0,,0,-0.906000018119812,0.0,1,1,,1,1,0,1,0,0,0,0,1,1,1,0,0,0,0,0,0.078872373,1,0.080345975,0.27832662
G_G_11089562_Trp_6_fs,6.0,1,0,0,1,0,0,0,,,0,0,1.0,0.0,,0,,,0,0,,1,1,0,0,0,0,0,0,1,1,1,5,0,0,0,0,,0,,
C_G_11089563_Gly_5_Gly,5.0,0,0,1,0,0,0,0,,0.0,1,0,1.0,0.0,,0,1.52400004863739,0.0599999986588955,1,1,,0,1,0,0,0,0,0,0,1,1,1,0,0,0,0,0,1.005333006,1,0.02758624,0.264597917
C_T_11089563_Gly_5_Gly,5.0,0,0,1,0,0,0,0,,0.0,1,0,1.0,0.0,,0,1.52400004863739,0.0599999986588955,1,1,,0,1,0,0,0,0,0,0,1,1,1,0,0,0,0,0,1.005333006,1,0.02758624,0.264597917
G_A_11089565_Trp_6_Ter,6.0,1,0,0,0,0,0,0,,0.0,1,0,1.0,0.0,,0,1.28299999237061,0.0689999982714653,1,1,,1,1,0,1,0,0,0,0,1,1,1,0,0,0,0,0,0.046640045,1,0.042287946,0.304942717
G_A_11089566_Trp_6_Ter,6.0,1,0,0,0,0,0,0,,0.0,1,0,1.0,0.0,,0,0.532000005245209,0.0439999997615814,1,1,,1,1,0,1,0,0,0,0,1,1,1,0,0,0,0,0,0.046640045,1,0.042287946,0.304942717
T_A_11089571_Leu_8_Ter,8.0,1,0,0,0,0,0,0,,0.0,1,0,1.0,0.0,,0,0.363999992609024,0.0099999997764825,1,1,,1,1,0,1,0,0,0,0,1,1,1,0,0,0,0,0,0.2564603,1,0.418173899,2.77385184
G_G_11089572_Trp_10_fs,10.0,1,0,0,1,0,0,0,,,0,0,1.0,0.0,,0,,,0,0,,1,1,0,0,0,0,0,0,1,1,1,-11,0,0,0,0,,0,,
C_T_11089575_Arg_9_Arg,9.0,0,0,1,0,0,0,0,,0.0,1,0,1.0,0.0,,0,1.48199999332428,0.973999977111816,1,1,,0,1,0,0,0,0,0,0,1,1,1,0,0,0,0,0,0.628225128,1,0.155985413,1.034690174
T_A_11089576_Trp_10_Arg,10.0,1,1,0,0,0,0,0,,0.0,1,0,1.0,0.0,0.639,1,2.81500005722046,1.0,1,1,,0,1,0,0,0,0,0,0,1,1,1,0,0,0,0,0,-0.088248655,1,0.043555172,0.174220688
T_C_11089576_Trp_10_Arg,10.0,1,1,0,0,0,0,0,,0.0,1,0,1.0,0.0,0.639,1,2.81500005722046,1.0,1,1,,0,1,0,0,0,0,0,0,1,1,1,0,0,0,0,0,-0.088248655,1,0.043555172,0.174220688
G_A_11089578_Trp_10_Ter,10.0,1,0,0,0,0,0,0,,0.0,1,0,1.0,0.0,,0,2.11100006103516,0.987999975681305,1,1,,1,1,0,1,0,0,0,0,1,1,1,0,0,0,0,0,-0.069331088,1,0.076745281,0.306981123
A_A_11089579_Ala_13_fs,13.0,1,0,0,1,0,0,0,,,0,0,1.0,0.0,,0,,,0,0,,1,1,0,0,0,0,0,0,1,1,1,4,0,0,0,0,,0,,
C_G_11089581_Thr_11_Thr,11.0,0,0,1,0,0,0,1,-6.046047116768077,0.0,1,0,1.0,0.0,,0,-0.164000004529953,0.0,1,1,,0,1,0,0,0,0,0,0,1,1,1,0,0,0,0,0,1.065421462,1,0.118569638,0.711417826
C_T_11089581_Thr_11_Thr,11.0,0,0,1,0,0,0,1,-5.568958054664114,0.0,1,0,1.0,0.0,,0,-0.164000004529953,0.0,1,1,,0,1,0,0,0,0,0,0,1,1,1,0,0,0,0,0,1.065421462,1,0.118569638,0.711417826
C_C_11089587_Leu_14_fs,14.0,1,0,0,1,0,0,0,,,0,0,1.0,0.0,,0,,,0,0,,1,1,0,0,0,0,0,0,1,1,1,1,0,0,0,0,,0,,
C_C_11089587_Leu_14_fs,14.0,1,0,0,1,0,0,0,,,0,0,1.0,0.0,,0,1.77100002765656,0.977999985218048,1,1,,1,1,0,0,0,0,0,0,1,1,1,-1,0,0,0,0,,0,,
T_A_11089589_Leu_14_Ter,14.0,1,0,0,0,0,0,0,,0.0,1,0,1.0,0.0,,0,1.77100002765656,0.977999985218048,1,1,,1,1,0,1,0,0,0,0,1,1,1,0,0,0,0,0,8.47e-05,1,0.052141143,0.233182281
T_C_11089592_Leu_15_Pro,15.0,1,1,0,0,0,0,1,-4.78015361397564,0.0,1,0,1.0,0.0,0.675,1,3.10400009155273,0.961000025272369,1,1,,0,1,0,0,0,0,0,0,1,1,1,0,0,0,0,0,-0.08636737,1,0.041304291,0.233652353
T_G_11089592_Leu_15_Arg,15.0,1,1,0,0,0,0,0,,0.0,1,0,1.0,0.0,0.71,1,3.10400009155273,0.961000025272369,1,1,,0,1,0,0,0,0,0,0,1,1,1,0,0,0,0,0,-0.033354738,1,0.033223602,0.265788814
C_T_11089593_Leu_15_Leu,15.0,0,0,1,0,0,0,1,-6.046047116768077,0.0,1,0,1.0,0.0,,0,-0.718999981880188,0.063000001013279,1,1,,0,1,0,0,0,0,0,0,1,1,1,0,0,0,0,0,0.920625025,1,0.056591958,0.438359418
C_A_11089596_Leu_16_Leu,16.0,0,0,1,0,0,0,1,-3.883060353449244,0.0,1,0,1.0,0.0,,0,0.238000005483627,0.0089999996125698,1,1,,0,1,0,0,0,0,0,0,1,1,1,0,0,0,0,0,1.038175855,1,0.065060857,0.260243429
C_T_11089596_Leu_16_Leu,16.0,0,0,1,0,0,0,0,,0.0,1,0,1.0,0.0,,0,0.238000005483627,0.0089999996125698,1,1,,0,1,0,0,0,0,0,0,1,1,1,0,0,0,0,0,1.038175855,1,0.065060857,0.260243429
G_G_11089597_Ala_18_fs,18.0,1,0,0,1,0,0,0,,,0,0,1.0,0.0,,0,-0.912000000476837,0.0,1,1,,1,1,0,0,0,0,0,0,1,1,1,-1,0,0,0,0,,0,,
C_T_11089599_Ala_17_Ala,17.0,0,0,1,0,0,0,1,-6.04599883231843,0.0,1,0,1.0,0.0,,0,-0.912000000476837,0.0,1,1,,0,1,0,0,0,0,0,0,1,1,1,0,0,0,0,0,1.051589778,1,0.046351696,0.278110177
C_T_11089601_Ala_18_Val,18.0,0,1,0,0,0,0,0,,0.0,1,0,1.0,0.0,0.112,1,0.852999985218048,0.0750000029802322,1,1,,0,1,0,0,0,0,0,0,1,1,1,0,0,0,0,0,1.039868875,1,0.034527955,0.154413711
G_C_11089602_Ala_18_Ala,18.0,0,0,1,0,0,0,0,,0.0,1,0,1.0,0.0,,0,-1.09300005435944,0.0,1,1,,0,1,0,0,0,0,0,0,1,1,1,0,0,0,0,0,0.084571495,1,0.037312772,0.129255234
G_A_11089606_Gly_20_Arg,20.0,0,1,0,0,0,0,1,-2.692076296388118,0.0,1,0,1.0,0.0,0.558,1,1.03900003433228,0.319999992847443,1,1,,0,1,0,0,0,0,0,0,1,1,1,0,0,0,0,0,0.912110047,1,0.078559588,0.384861809
G_A_11089608_Gly_20_Gly,20.0,0,0,1,0,0,0,1,-4.617622696531886,0.0,1,0,1.0,0.0,,0,0.61599999666214,0.46900001168251,1,1,,0,1,0,0,0,0,0,0,1,1,1,0,0,0,0,0,1.040485246,1,0.031048629,0.107555606
T_G_11089611_Thr_21_Thr,21.0,0,0,1,0,0,0,1,-4.61726273423867,0.0,1,0,1.0,0.0,,0,0.615000009536743,0.948000013828278,1,1,,0,1,0,0,0,0,0,0,1,1,1,0,0,0,0,0,0.866714609,1,0.044562067,0.19928762
T_T_11089611_Ala_22_fs,22.0,1,0,0,1,0,0,0,,,0,0,1.0,0.0,,0,1.66199994087219,0.998000025749207,1,1,,1,1,0,0,0,0,0,0,1,1,1,-1,0,0,0,0,,0,,
A_A_11089614_<NA>_<NA>_<NA>,,1,0,0,1,0,0,0,,,0,0,,,,0,,,0,0,,1,,,0,0,0,0,1,0,0,0,1,0,0,0,0,,0,,
G_A_11089616_<NA>_<NA>_<NA>,,1,0,0,0,0,0,1,-4.5982549177629375,0.99,1,0,,,,0,3.85899996757507,1.0,1,1,,1,,,0,0,0,0,1,0,0,0,0,0,0,0,0,,0,,
G_T_11089616_<NA>_<NA>_<NA>,,1,0,0,0,0,0,0,,1.0,1,0,,,,0,3.85899996757507,1.0,1,1,,1,,,0,0,0,0,1,0,0,0,0,0,0,0,0,,0,,
T_A_11089617_<NA>_<NA>_<NA>,,1,0,0,0,0,0,0,,1.0,1,0,,,,0,3.10400009155273,1.0,1,1,,1,,,0,0,0,0,1,0,0,0,0,0,0,0,0,,0,,
G_A_11089621_<NA>_<NA>_<NA>,,0,0,0,0,1,0,1,-4.632271453913024,0.0,1,0,,,,0,1.36000001430511,1.0,1,1,,0,,,0,0,0,0,0,0,0,0,0,0,0,0,0,,0,,
C_T_11089628_<NA>_<NA>_<NA>,,0,0,0,0,1,0,1,-4.596364810209452,0.0,1,0,,,,0,1.74100005626678,0.906000018119812,1,1,,0,,,0,0,0,0,0,0,0,0,0,0,0,0,0,,0,,
G_C_11089631_<NA>_<NA>_<NA>,,0,0,0,0,1,0,0,,0.0,1,0,,,,0,1.66400003433228,0.569999992847443,1,1,,0,,,0,0,0,0,0,0,0,0,0,0,0,0,0,,0,,
C_A_11089633_<NA>_<NA>_<NA>,,0,0,0,0,1,0,1,-1.3384712598680175,0.0,1,0,,,,0,-0.0010000000474974,0.331999987363815,1,1,,0,,,0,0,0,0,0,0,0,0,0,0,0,0,0,,0,,
C_T_11089633_<NA>_<NA>_<NA>,,0,0,0,0,1,0,1,-4.931072388317928,0.0,1,0,,,,0,-0.0010000000474974,0.331999987363815,1,1,,0,,,0,0,0,0,0,0,0,0,0,0,0,0,0,,0,,
C_G_11089635_<NA>_<NA>_<NA>,,0,0,0,0,1,0,0,,0.0,1,0,,,,0,0.676999986171722,0.003000000026077,1,1,,0,,,0,0,0,0,0,0,0,0,0,0,0,0,0,,0,,
C_T_11089755_<NA>_<NA>_<NA>,,0,0,0,0,1,0,1,-1.537602002101044,0.0,1,0,,,,0,0.509999990463257,0.0529999993741512,1,1,,0,,,0,0,0,0,0,0,0,0,0,0,0,0,0,,0,,
C_G_11089799_<NA>_<NA>_<NA>,,0,0,0,0,1,0,1,-1.2481822122631208,0.0,1,0,,,,0,-1.16100001335144,0.0,1,1,,0,,,0,0,0,0,0,0,0,0,0,0,0,0,0,,0,,
T_C_11090448_<NA>_<NA>_<NA>,,0,0,0,0,1,0,1,-0.2412394560900204,0.0,1,0,,,,0,-0.962999999523163,0.0,1,1,,0,,,0,0,0,0,0,0,0,0,0,0,0,0,0,,0,,
G_T_11090613_<NA>_<NA>_<NA>,,0,0,0,0,1,0,1,-3.918652692195868,0.0,1,0,,,,0,0.160999998450279,0.0,1,1,,0,,,0,0,0,0,0,0,0,0,0,0,0,0,0,,0,,
C_T_11090620_<NA>_<NA>_<NA>,,0,0,0,0,1,0,1,-3.2385232204552983,0.0,1,0,,,,0,-1.25,0.0,1,1,,0,,,0,0,0,0,0,0,0,0,0,0,0,0,0,,0,,
C_T_11090666_<NA>_<NA>_<NA>,,0,0,0,0,1,0,1,-4.832682665251824,0.0,1,0,,,,0,-0.959999978542328,0.0,1,1,,0,,,0,0,0,0,0,0,0,0,0,0,0,0,0,,0,,
G_A_11090690_<NA>_<NA>_<NA>,,0,0,0,0,1,0,1,-3.706637445288554,0.0,1,0,,,,0,-0.349000006914139,0.0,1,1,,0,,,0,0,0,0,0,0,0,0,0,0,0,0,0,,0,,
G_T_11091630_<NA>_<NA>_<NA>,,0,0,0,0,1,0,1,-0.8150248093017389,0.0,1,0,,,,0,-0.224000006914139,0.0,1,1,,0,,,0,0,0,0,0,0,0,0,0,0,0,0,0,,0,,
C_G_11100205_<NA>_<NA>_<NA>,,0,0,0,0,1,0,1,-3.4539511335982658,0.0,1,0,,,,0,-0.605000019073486,0.0,1,1,,0,,,0,0,0,0,0,0,0,0,0,0,0,0,0,,0,,
T_A_11100207_<NA>_<NA>_<NA>,,0,0,0,0,1,0,0,,0.0,1,0,,,,0,0.250999987125397,0.0,1,1,,0,,,0,0,0,0,0,0,0,0,0,0,0,0,0,,0,,
T_C_11100209_<NA>_<NA>_<NA>,,0,0,0,0,1,0,0,,0.0,1,0,,,,0,-0.497999995946884,0.0,1,1,,0,,,0,0,0,0,0,0,0,0,0,0,0,0,0,,0,,
T_C_11100210_<NA>_<NA>_<NA>,,0,0,0,0,1,0,1,-4.524764777395872,0.0,1,0,,,,0,-0.574000000953674,0.0,1,1,,0,,,0,0,0,0,0,0,0,0,0,0,0,0,0,,0,,
T_G_11100210_<NA>_<NA>_<NA>,,0,0,0,0,1,0,0,,0.0,1,0,,,,0,-0.574000000953674,0.0,1,1,,0,,,0,0,0,0,0,0,0,0,0,0,0,0,0,,0,,
C_T_11100211_<NA>_<NA>_<NA>,,0,0,0,0,1,0,1,-6.046047116768077,0.0,1,0,,,,0,-0.912999987602234,0.0,1,1,,0,,,0,0,0,0,0,0,0,0,0,0,0,0,0,,0,,
C_T_11100212_<NA>_<NA>_<NA>,,0,0,0,0,1,0,0,,0.0,1,0,,,,0,-2.06900000572205,0.0,1,1,,0,,,0,0,0,0,0,0,0,0,0,0,0,0,0,,0,,
T_C_11100213_<NA>_<NA>_<NA>,,0,0,0,0,1,0,0,,0.0,1,0,,,,0,1.09300005435944,0.0010000000474974,1,1,,0,,,0,0,0,0,0,0,0,0,0,0,0,0,0,,0,,
C_G_11100214_<NA>_<NA>_<NA>,,0,0,0,0,1,0,1,-4.832682665251824,0.0,1,0,,,,0,0.393999993801117,0.0,1,1,,0,,,0,0,0,0,0,0,0,0,0,0,0,0,0,,0,,
T_C_11100215_<NA>_<NA>_<NA>,,0,0,0,0,1,0,1,-5.046095406586541,0.0,1,0,,,,0,-0.232999995350838,0.0,1,1,,0,,,0,0,0,0,1,0,0,0,0,0,0,0,0,,0,,
T_T_11100217_<NA>_<NA>_<NA>,,1,0,0,0,1,0,0,,,0,0,,,,0,,,0,0,,0,,,0,0,0,0,1,0,0,0,-4,0,0,0,0,,0,,
T_C_11100219_<NA>_<NA>_<NA>,,0,0,0,0,1,0,0,,0.0,1,0,,,,0,-1.79200005531311,0.0,1,1,,0,,,0,0,0,0,1,0,0,0,0,0,0,0,0,,0,,
A_C_11100221_<NA>_<NA>_<NA>,,1,0,0,0,0,0,0,,1.0,1,0,,,,0,1.76300001144409,0.897000014781952,1,1,,1,,,0,0,0,0,1,0,0,0,0,0,0,0,0,,0,,
A_G_11100221_<NA>_<NA>_<NA>,,1,0,0,0,0,0,0,,1.0,1,0,,,,0,1.76300001144409,0.897000014781952,1,1,,1,,,0,0,0,0,1,0,0,0,0,0,0,0,0,,0,,
A_T_11100221_<NA>_<NA>_<NA>,,1,0,0,0,0,0,0,,1.0,1,0,,,,0,1.76300001144409,0.897000014781952,1,1,,1,,,0,0,0,0,1,0,0,0,0,0,0,0,0,,0,,
G_A_11100222_<NA>_<NA>_<NA>,,1,0,0,0,0,0,0,,1.0,1,0,,,,0,2.31599998474121,0.898999989032745,1,1,,1,,,0,0,0,0,1,0,0,0,0,0,0,0,0,,0,,
G_C_11100222_<NA>_<NA>_<NA>,,1,0,0,0,0,0,0,,1.0,1,0,,,,0,2.31599998474121,0.898999989032745,1,1,,1,,,0,0,0,0,1,0,0,0,0,0,0,0,0,,0,,
G_T_11100222_<NA>_<NA>_<NA>,,1,0,0,0,0,0,1,-4.184023999028015,1.0,1,0,,,,0,2.31599998474121,0.898999989032745,1,1,,1,,,0,0,0,0,1,0,0,0,0,0,0,0,0,,0,,
G_G_11100222_Val_23_fs,23.0,1,0,0,1,0,0,0,,,0,0,2.0,0.0,,0,-1.31099998950958,0.0,1,1,1,1,1,0,0,0,0,0,1,1,1,1,-1,0,0,0,0,,0,,
C_T_11100227_Gly_24_Gly,24.0,0,0,1,0,0,0,1,-4.157640426669325,0.0,1,0,2.0,0.0,,0,0.0729999989271164,0.0,1,1,1,0,1,0,0,0,0,0,0,1,1,1,0,0,0,0,0,0.976735329,1,0.057539021,0.398642032
C_C_11100230_Arg_26_fs,26.0,1,0,0,1,0,0,0,,,0,0,2.0,0.0,,0,1.40400004386902,0.0010000000474974,1,1,1,1,1,0,0,0,0,0,0,1,1,1,-1,0,0,0,0,,0,,
C_C_11100230_Arg_26_fs,26.0,1,0,0,1,0,0,0,,,0,0,2.0,0.0,,0,,,0,0,1,1,1,0,0,0,0,0,0,1,1,1,-2,0,0,0,0,,0,,
A_T_11100231_Arg_26_Ter,26.0,1,0,0,0,0,0,0,,0.01,1,0,2.0,0.0,,0,1.40400004386902,0.0010000000474974,1,1,1,1,1,0,1,0,0,0,0,1,1,1,0,0,0,0,0,-0.048858782,1,0.022291092,0.117953369
T_C_11100234_Cys_27_Arg,27.0,1,1,0,0,0,0,1,-6.046095406586541,0.0,1,0,2.0,0.0,0.899,1,5.19600009918213,1.0,1,1,1,0,1,0,0,0,0,1,0,1,1,1,0,0,0,0,0,1.035889069,1,0.02562213,0.211285499
T_C_11100234_Cys_27_Arg,27.0,1,1,0,0,0,0,0,,,0,0,2.0,0.0,,0,,,0,0,1,0,1,0,0,0,0,1,0,1,1,1,0,0,0,0,0,1.035889069,1,0.02562213,0.211285499
C_A_11100236_Cys_27_Ter,27.0,1,0,0,0,0,0,0,,0.0,1,0,2.0,0.0,,0,-0.151999995112419,0.0020000000949949,1,1,1,1,1,0,1,0,0,1,0,1,1,1,0,0,0,0,0,0.12952242,1,0.130561437,0.522245749
C_G_11100236_Cys_27_Trp,27.0,1,1,0,0,0,0,1,-3.760950906859808,0.0,1,0,2.0,0.0,0.759,1,-0.151999995112419,0.0020000000949949,1,1,1,0,1,0,0,0,0,1,0,1,1,1,0,0,0,0,0,1.039985333,1,0.053630862,0.214523448
C_T_11100236_Cys_27_Cys,27.0,0,0,1,0,0,0,1,-0.9086848403027772,0.01,1,0,2.0,0.0,,0,-0.151999995112419,0.0020000000949949,1,1,1,0,1,0,0,0,0,1,0,1,1,1,0,0,0,0,0,,0,,
G_T_11100237_Glu_28_Ter,28.0,1,0,0,0,0,0,1,-6.046095406586541,0.0,1,0,2.0,0.0,,0,0.342000007629395,0.0,1,1,1,1,1,0,1,0,0,0,0,1,1,1,0,0,0,0,0,0.001030291,1,0.038861576,0.219834274
A_T_11100240_Arg_29_Ter,29.0,1,0,0,0,0,0,0,,0.0,1,0,2.0,0.0,,0,0.758000016212463,0.0040000001899898,1,1,1,1,1,0,1,0,0,0,0,1,1,1,0,0,0,0,0,-0.094988332,1,0.034672502,0.098068645
A_A_11100240_Arg_29_fs,29.0,1,0,0,1,0,0,0,,,0,0,2.0,0.0,,0,1.79799997806549,0.061999998986721,1,1,1,1,1,0,0,0,0,0,0,1,1,1,-1,0,0,0,0,,0,,
C_T_11100245_Asn_30_Asn,30.0,0,0,1,0,0,0,1,-1.4817493486915,0.0,1,0,2.0,0.0,,0,-1.89499998092651,0.0,1,1,1,0,1,0,0,0,0,0,0,1,1,1,0,0,0,0,0,0.829744457,1,0.078370097,0.443328215
C_C_11100245_Glu_31_fs,31.0,1,0,0,1,0,0,0,,,0,0,2.0,0.0,,0,,,0,0,1,1,1,0,0,0,0,0,0,1,1,1,-14,0,0,0,0,,0,,
G_T_11100246_Glu_31_Ter,31.0,1,0,0,0,0,0,0,,0.01,1,0,2.0,0.0,,0,3.16300010681152,1.0,1,1,1,1,1,0,1,0,0,0,0,1,1,1,0,0,0,0,0,-0.034442595,1,0.048221221,0.289327327
A_A_11100247_Glu_31_fs,31.0,1,0,0,1,0,0,0,,,0,0,2.0,0.0,,0,,,0,0,1,1,1,0,0,0,0,0,0,1,1,1,-7,0,0,0,0,,0,,
G_A_11100248_Glu_31_Glu,31.0,0,0,1,0,0,0,0,,0.0,1,0,2.0,0.0,,0,0.497000008821487,0.999000012874603,1,1,1,0,1,0,0,0,0,0,0,1,1,1,0,0,0,0,0,1.353968209,1,0.139686596,0.395093358
T_G_11100250_Phe_32_Cys,32.0,1,1,0,0,0,0,0,,0.0,1,0,2.0,0.0,0.963,1,5.73899984359741,1.0,1,1,1,0,1,0,0,0,0,0,0,1,1,1,0,0,0,0,0,0.9879669,1,0.044536857,0.295424085
C_T_11100251_Phe_32_Phe,32.0,0,0,1,0,0,0,1,-3.6834006979061393,0.0,1,0,2.0,0.0,,0,0.597000002861023,0.998000025749207,1,1,1,0,1,0,0,0,0,0,0,1,1,1,0,0,0,0,0,1.016413955,1,0.03633071,0.162475873
C_C_11100251_Gln_33_fs,33.0,1,0,0,1,0,0,0,,,0,0,2.0,0.0,,0,,,0,0,1,1,1,0,0,0,0,0,0,1,1,1,-19,0,0,0,0,,0,,
C_T_11100252_Gln_33_Ter,33.0,1,0,0,0,0,0,1,-5.444059562181489,0.01,1,0,2.0,0.0,,0,2.55399990081787,1.0,1,1,1,1,1,0,1,0,0,0,0,1,1,1,0,0,0,0,0,-0.06925874,1,0.03688964,0.164975487
A_A_11100253_Gln_33_fs,33.0,1,0,0,1,0,0,0,,,0,0,2.0,0.0,,0,3.91199994087219,1.0,1,1,1,1,1,0,0,0,0,0,0,1,1,1,-1,0,0,0,0,,0,,
T_G_11100255_Cys_34_Gly,34.0,1,1,0,0,0,0,1,-5.568958054664114,0.0,1,0,2.0,0.0,0.97,1,7.57999992370605,1.0,1,1,1,0,1,0,0,0,0,1,0,1,1,1,0,0,0,0,0,0.870653868,1,0.106193688,0.367865726
G_C_11100256_Cys_34_Ser,34.0,1,1,0,0,0,0,0,,0.0,1,0,2.0,0.0,0.949,1,9.48299980163574,1.0,1,1,1,0,1,0,0,0,0,1,0,1,1,1,0,0,0,0,0,1.172441348,1,0.09174914,0.317828346
C_A_11100257_Cys_34_Ter,34.0,1,0,0,0,0,0,0,,0.0,1,0,2.0,0.0,,0,0.0570000000298023,0.003000000026077,1,1,1,1,1,0,1,0,0,1,0,1,1,1,0,0,0,0,0,-0.036189463,1,0.079724482,0.318897928
C_G_11100257_Cys_34_Trp,34.0,1,1,0,0,0,0,0,,0.0,1,0,2.0,0.0,0.832,1,0.0570000000298023,0.003000000026077,1,1,1,0,1,0,0,0,0,1,0,1,1,1,0,0,0,0,0,0.855338452,1,0.109597861,0.579937371
C_T_11100257_Cys_34_Cys,34.0,0,0,1,0,0,0,1,-4.634699251362012,0.0,1,0,2.0,0.0,,0,0.0570000000298023,0.003000000026077,1,1,1,0,1,0,0,0,0,1,0,1,1,1,0,0,0,0,0,1.052544404,1,0.028570744,0.151182167
C_T_11100258_Gln_35_Ter,35.0,1,0,0,0,0,0,0,,0.01,1,0,2.0,0.0,,0,-0.33899998664856,0.0,1,1,1,1,1,0,1,0,0,0,0,1,1,1,0,0,0,0,0,0.269575655,1,0.097206313,0.476211733
A_A_11100259_Asp_36_Gly,36.0,1,0,0,0,0,0,0,,,0,0,2.0,0.0,,0,,,0,0,1,0,1,0,0,0,0,0,0,1,1,1,-6,0,1,1,0,,0,,
A_G_11100260_Gln_35_Gln,35.0,0,0,1,0,0,0,0,,0.0,1,0,2.0,0.0,,0,-0.614000022411346,0.0,1,1,1,0,1,0,0,0,0,0,0,1,1,1,0,0,0,0,0,0.849483982,1,0.139653548,0.684159868
G_T_11100261_Asp_36_Tyr,36.0,1,1,0,0,0,0,0,,0.0,1,0,2.0,0.0,0.611,1,3.00699996948242,0.994000017642975,1,1,1,0,1,0,0,0,0,0,0,1,1,1,0,0,0,0,0,1.215358966,1,0.135130937,0.382208007
A_A_11100262_Asp_36_fs,36.0,1,0,0,1,0,0,0,,,0,0,2.0,0.0,,0,-1.30799996852875,0.0049999998882412,1,1,1,1,1,0,0,0,0,0,0,1,1,1,-1,0,0,0,0,,0,,
C_C_11100263_Gly_37_fs,37.0,1,0,0,1,0,0,0,,,0,0,2.0,0.0,,0,,,0,0,1,1,1,0,0,0,0,0,0,1,1,1,1,0,0,0,0,,0,,
C_T_11100263_Asp_36_Asp,36.0,0,0,1,0,0,0,1,-4.133712660915805,0.0,1,0,2.0,0.0,,0,-1.30799996852875,0.0049999998882412,1,1,1,0,1,0,0,0,0,0,0,1,1,1,0,0,0,0,0,1.04035431,1,0.050140845,0.245638969
G_A_11100266_Gly_37_Gly,37.0,0,0,1,0,0,0,1,-3.683191247946978,0.0,1,0,2.0,0.0,,0,-0.0500000007450581,0.003000000026077,1,1,1,0,1,0,0,0,0,0,0,1,1,1,0,0,0,0,0,0.925109504,1,0.180669491,0.722677966
G_C_11100266_Gly_37_Gly,37.0,0,0,1,0,0,0,0,,0.0,1,0,2.0,0.0,,0,-0.0500000007450581,0.003000000026077,1,1,1,0,1,0,0,0,0,0,0,1,1,1,0,0,0,0,0,0.925109504,1,0.180669491,0.722677966
G_G_11100266_Cys_39_fs,39.0,1,0,0,1,0,0,0,,,0,0,2.0,0.0,,0,,,0,0,1,1,1,0,0,0,0,1,0,1,1,1,1,0,0,0,0,,0,,
T_T_11100270_Cys_39_fs,39.0,1,0,0,1,0,0,0,,,0,0,2.0,0.0,,0,,,0,0,1,1,1,0,0,0,0,1,0,1,1,1,1,0,0,0,0,,0,,
G_T_11100271_Cys_39_Phe,39.0,1,1,0,0,0,0,0,,0.0,1,0,2.0,0.0,0.984,1,9.48299980163574,1.0,1,1,1,0,1,0,0,0,0,1,0,1,1,1,0,0,0,0,0,0.819503467,1,0.325131995,1.126290268
G_A_11100271_Cys_39_Ter,39.0,1,0,0,0,0,0,0,,,0,0,2.0,0.0,,0,,,0,0,1,1,1,0,1,0,0,1,0,1,1,1,0,0,0,0,0,-0.077062791,1,0.025661907,0.162300148
G_G_11100271_Lys_38_Ter,38.0,1,0,0,1,0,0,0,,,0,0,2.0,0.0,,0,0.425999999046326,0.994000017642975,1,1,1,1,1,0,0,0,0,0,0,1,1,1,-1,0,0,0,1,-0.077062791,1,0.025661907,0.162300148
C_A_11100272_Cys_39_Ter,39.0,1,0,0,0,0,0,0,,0.0,1,0,2.0,0.0,,0,0.425999999046326,0.994000017642975,1,1,1,1,1,0,1,0,0,1,0,1,1,1,0,0,0,0,0,-0.077062791,1,0.025661907,0.162300148
C_T_11100272_Cys_39_Cys,39.0,0,0,1,0,0,0,0,,0.0,1,0,2.0,0.0,,0,0.425999999046326,0.994000017642975,1,1,1,0,1,0,0,0,0,1,0,1,1,1,0,0,0,0,0,1.06925074,1,0.061311519,0.27419345
C_C_11100272_Ile_40_fs,40.0,1,0,0,1,0,0,1,-6.046047116768077,,0,0,2.0,0.0,,0,3.39100003242493,1.0,1,1,1,1,1,0,0,0,0,0,0,1,1,1,-1,0,0,0,0,,0,,
C_T_11100278_Ser_41_Ser,41.0,0,0,1,0,0,0,1,-6.046095406586541,0.01,1,0,2.0,0.0,,0,-0.0130000002682209,0.0049999998882412,1,1,1,0,1,0,0,0,0,0,0,1,1,1,0,0,0,0,0,1.059792736,1,0.025731214,0.212185028
C_A_11100281_Tyr_42_Ter,42.0,1,0,0,0,0,0,1,-4.935916564036404,0.01,1,0,2.0,0.0,,0,0.171000003814697,0.0089999996125698,1,1,1,1,1,0,1,0,0,0,0,1,1,1,0,0,0,0,0,-0.07933754,1,0.041684042,0.220571219
C_G_11100281_Tyr_42_Ter,42.0,1,0,0,0,0,0,0,,0.01,1,0,2.0,0.0,,0,0.171000003814697,0.0089999996125698,1,1,1,1,1,0,1,0,0,0,0,1,1,1,0,0,0,0,0,-0.07933754,1,0.041684042,0.220571219
G_A_11100284_Lys_43_Lys,43.0,0,0,1,0,0,0,1,-4.650528200785614,0.01,1,0,2.0,0.0,,0,1.49399995803833,0.995999991893768,1,1,1,0,1,0,0,0,0,0,0,1,1,1,0,0,0,0,0,,0,,
T_T_11100285_Val_45_fs,45.0,1,0,0,1,0,0,0,,,0,0,2.0,0.0,,0,,,0,0,1,1,1,0,0,0,0,0,0,1,1,1,2,0,0,0,0,,0,,
G_A_11100286_Trp_44_Ter,44.0,1,0,0,0,0,0,1,-5.347077112432058,0.37,1,0,2.0,0.0,,0,9.47799968719482,1.0,1,1,1,1,1,0,1,0,0,0,0,1,1,1,0,0,0,0,0,-0.09754805,1,0.083493065,0.289228461
G_A_11100287_Trp_44_Ter,44.0,1,0,0,0,0,0,0,,0.78,1,0,2.0,0.0,,0,9.47799968719482,1.0,1,1,1,1,1,0,1,0,0,0,0,1,1,1,0,0,0,0,0,-0.09754805,1,0.083493065,0.289228461
C_C_11100290_Cys_46_fs,46.0,1,0,0,1,0,0,0,,,0,0,2.0,0.0,,0,,,0,0,1,1,1,0,0,0,0,1,0,1,1,1,-7,0,0,0,0,,0,,
T_G_11100291_Cys_46_Gly,46.0,1,1,0,0,0,0,1,-5.201004265556119,0.0,1,0,2.0,0.0,0.969,1,7.5770001411438,1.0,1,1,1,0,1,0,0,0,0,1,0,1,1,1,0,0,0,0,0,0.768120422,1,0.111686999,0.590992047
T_T_11100291_Asp_47_Gly,47.0,1,0,0,0,0,0,0,,,0,0,2.0,0.0,,0,,,0,0,1,0,1,0,0,0,0,0,0,1,1,1,-6,0,1,1,0,,0,,
G_A_11100292_Cys_46_Tyr,46.0,1,1,0,0,0,0,0,,0.0,1,0,2.0,0.0,0.984,1,9.47799968719482,1.0,1,1,1,0,1,0,0,0,0,1,0,1,1,1,0,0,0,0,0,0.898767057,1,0.05646408,0.3571102
G_C_11100292_Cys_46_Ser,46.0,1,1,0,0,0,0,0,,0.01,1,0,2.0,0.0,0.984,1,9.47799968719482,1.0,1,1,1,0,1,0,0,0,0,1,0,1,1,1,0,0,0,0,0,1.051129142,1,0.048862989,0.239378781
C_A_11100293_Cys_46_Ter,46.0,1,0,0,0,0,0,0,,0.0,1,0,2.0,0.0,,0,-2.39100003242493,0.0,1,1,1,1,1,0,1,0,0,1,0,1,1,1,0,0,0,0,0,-0.006843892,1,0.069449541,0.310587787
C_T_11100293_Cys_46_Cys,46.0,0,0,1,0,0,0,1,-4.531652669587843,0.0,1,0,2.0,0.0,,0,-2.39100003242493,0.0,1,1,1,0,1,0,0,0,0,1,0,1,1,1,0,0,0,0,0,1.028076304,1,0.033703317,0.252212527
C_C_11100293_Asp_47_fs,47.0,1,0,0,1,0,0,0,,,0,0,2.0,0.0,,0,,,0,0,1,1,1,0,0,0,0,0,0,1,1,1,-14,0,0,0,0,,0,,
T_C_11100296_Asp_47_Asp,47.0,0,0,1,0,0,0,1,-4.650528200785614,0.0,1,0,2.0,0.0,,0,-1.57400000095367,0.0010000000474974,1,1,1,0,1,0,0,0,0,0,0,1,1,1,0,0,0,0,0,,0,,
C_A_11100299_Gly_48_Gly,48.0,0,0,1,0,0,0,1,-4.417255034308723,0.0,1,0,2.0,0.0,,0,-0.635999977588654,0.0,1,1,1,0,1,0,0,0,0,0,0,1,1,1,0,0,0,0,0,1.106635503,1,0.039454539,0.136674531
C_A_11100302_Ser_49_Arg,49.0,0,1,0,0,0,0,0,,0.01,1,0,2.0,0.0,0.39,1,-3.20499992370605,0.0,1,1,1,0,1,0,0,0,0,0,0,1,1,1,0,0,0,0,0,1.021875569,1,0.036312879,0.125791502
C_T_11100302_Ser_49_Ser,49.0,0,0,1,0,0,0,1,-3.664542099310616,0.0,1,0,2.0,0.0,,0,-3.20499992370605,0.0,1,1,1,0,1,0,0,0,0,0,0,1,1,1,0,0,0,0,0,0.990480089,1,0.072113902,0.432683413
C_C_11100302_Ala_50_fs,50.0,1,0,0,1,0,0,0,,,0,0,2.0,0.0,,0,-0.217999994754791,0.0,1,1,1,1,1,0,0,0,0,0,0,1,1,1,-1,0,0,0,0,,0,,
T_C_11100305_Ala_50_Ala,50.0,0,0,1,0,0,0,1,-4.780939667551139,0.0,1,0,2.0,0.0,,0,-4.0149998664856,0.0,1,1,1,0,1,0,0,0,0,0,0,1,1,1,0,0,0,0,0,1.12602931,1,0.064661223,0.258644891
G_A_11100308_Glu_51_Glu,51.0,0,0,1,0,0,0,0,,0.0,1,0,2.0,0.0,,0,0.361000001430511,0.995999991893768,1,1,1,0,1,0,0,0,0,0,0,1,1,1,0,0,0,0,0,,0,,
G_A_11100310_Cys_52_Tyr,52.0,1,1,0,0,0,0,0,,0.0,1,0,2.0,0.0,0.961,1,9.47799968719482,1.0,1,1,1,0,1,0,0,0,0,1,0,1,1,1,0,0,0,0,0,0.980495428,1,0.026528183,0.118637641
C_A_11100311_Cys_52_Ter,52.0,1,0,0,0,0,0,0,,0.01,1,0,2.0,0.0,,0,0.294999986886978,0.0219999998807907,1,1,1,1,1,0,1,0,0,1,0,1,1,1,0,0,0,0,0,-0.003707538,1,0.037553044,0.150212174
C_T_11100311_Cys_52_Cys,52.0,0,0,1,0,0,0,0,,0.01,1,0,2.0,0.0,,0,0.294999986886978,0.0219999998807907,1,1,1,0,1,0,0,0,0,1,0,1,1,1,0,0,0,0,0,1.194628668,1,0.113405108,0.320758084
C_T_11100312_Gln_53_Ter,53.0,1,0,0,0,0,0,0,,0.03,1,0,2.0,0.0,,0,0.39300000667572,0.0010000000474974,1,1,1,1,1,0,1,0,0,0,0,1,1,1,0,0,0,0,0,-0.07919044,1,0.059749465,0.358496793
T_C_11100317_Asp_54_Asp,54.0,0,0,1,0,0,0,0,,0.0,1,0,2.0,0.0,,0,-1.79100000858307,0.0010000000474974,1,1,1,0,1,0,0,0,0,0,0,1,1,1,0,0,0,0,0,,0,,
C_G_11100320_Gly_55_Gly,55.0,0,0,1,0,0,0,1,-3.182368532809485,0.01,1,0,2.0,0.0,,0,-0.33500000834465,0.328000009059906,1,1,1,0,1,0,0,0,0,0,0,1,1,1,0,0,0,0,0,0.854274276,1,0.06797228,0.56051378
T_C_11100321_Ser_56_Pro,56.0,1,1,0,0,0,0,1,-4.524764777395872,0.0,1,0,2.0,0.0,0.854,1,3.76200008392334,0.98199999332428,1,1,1,0,1,0,0,0,0,0,0,1,1,1,0,0,0,0,0,0.882834182,1,0.031797098,0.201102504
C_T_11100322_Ser_56_Phe,56.0,1,1,0,0,0,0,1,-6.046095406586541,0.0,1,0,2.0,0.0,0.759,1,2.92600011825562,0.97299998998642,1,1,1,0,1,0,0,0,0,0,0,1,1,1,0,0,0,0,0,1.076206512,1,0.063871454,0.337975966
T_C_11100326_Asp_57_Asp,57.0,0,0,1,0,0,0,1,-6.046095406586541,0.0,1,0,2.0,0.0,,0,-1.57599997520447,0.0020000000949949,1,1,1,0,1,0,0,0,0,0,0,1,1,1,0,0,0,0,0,1.040371601,1,0.073569247,0.147138494
T_T_11100326_Glu_58_fs,58.0,1,0,0,1,0,0,0,,,0,0,2.0,0.0,,0,9.47799968719482,1.0,1,1,1,1,1,0,0,0,0,0,0,1,1,1,-1,0,0,0,0,,0,,
G_A_11100327_Glu_58_Lys,58.0,1,1,0,0,0,0,0,,0.01,1,0,2.0,0.0,0.962,1,9.47799968719482,1.0,1,1,1,0,1,0,0,0,0,0,0,1,1,1,0,0,0,0,0,1.020034546,1,0.052832203,0.18301612
G_T_11100327_Glu_58_Ter,58.0,1,0,0,0,0,0,0,,0.03,1,0,2.0,0.0,,0,9.47799968719482,1.0,1,1,1,1,1,0,1,0,0,0,0,1,1,1,0,0,0,0,0,-0.071111882,1,0.042620625,0.170482502
A_G_11100328_Glu_58_Gly,58.0,1,1,0,0,0,0,1,-6.046095406586541,0.02,1,0,2.0,0.0,0.944,1,8.83199977874756,1.0,1,1,1,0,1,0,0,0,0,0,0,1,1,1,0,0,0,0,0,0.948316702,1,0.089872142,0.568401333
G_A_11100329_Glu_58_Glu,58.0,0,0,1,0,0,0,0,,0.0,1,0,2.0,0.0,,0,0.984000027179718,0.725000023841858,1,1,1,0,1,0,0,0,0,0,0,1,1,1,0,0,0,0,0,,0,,
T_T_11100330_Gln_60_fs,60.0,1,0,0,1,0,0,0,,,0,0,2.0,0.0,,0,0.0740000009536743,0.0,1,1,1,1,1,0,0,0,0,0,0,1,1,1,-1,0,0,0,0,,0,,
C_T_11100332_Ser_59_Ser,59.0,0,0,1,0,0,0,0,,0.0,1,0,2.0,0.0,,0,-0.625,0.0,1,1,1,0,1,0,0,0,0,0,0,1,1,1,0,0,0,0,0,1.0121146,1,0.024659822,0.163574751
G_A_11100338_Glu_61_Glu,61.0,0,0,1,0,0,0,0,,0.0,1,0,2.0,0.0,,0,-1.17599999904633,0.0,1,1,1,0,1,0,0,0,0,0,0,1,1,1,0,0,0,0,0,,0,,
C_C_11100340_Cys_63_fs,63.0,1,0,0,1,0,0,0,,,0,0,2.0,0.0,,0,,,0,0,1,1,1,0,0,0,0,1,0,1,1,1,1,0,0,0,0,,0,,
G_A_11100341_Thr_62_Thr,62.0,0,0,1,0,0,0,1,-2.8068754016455384,0.0,1,0,2.0,0.0,,0,-3.04800009727478,0.0,1,1,1,0,1,0,0,0,0,0,0,1,1,1,0,0,0,0,0,1.015313477,1,0.158442297,0.708575495
T_C_11100342_Cys_63_Arg,63.0,1,1,0,0,0,0,0,,0.0,1,0,2.0,0.0,0.901,1,7.43300008773804,1.0,1,1,1,0,1,0,0,0,0,1,0,1,1,1,0,0,0,0,0,1.021530825,1,0.069551215,0.278204859
C_A_11100344_Cys_63_Ter,63.0,1,0,0,0,0,0,0,,0.0,1,0,2.0,0.0,,0,0.832000017166138,0.221000000834465,1,1,1,1,1,0,1,0,0,1,1,1,1,1,0,0,0,0,0,-0.028200239,1,0.051662436,0.146123434
C_C_11100344_<NA>_<NA>_<NA>,,1,0,0,0,1,0,0,,,0,0,,,,0,,,0,0,,0,,,0,0,0,0,1,0,0,0,-2,0,0,0,0,,0,,
G_A_11100346_<NA>_<NA>_<NA>,,1,0,0,0,0,0,1,-6.046047116768077,0.99,1,0,,,,0,9.29500007629395,1.0,1,1,,1,,,0,0,0,0,1,0,0,0,0,0,0,0,0,,0,,
G_T_11100346_<NA>_<NA>_<NA>,,1,0,0,0,0,0,0,,0.99,1,0,,,,0,9.29500007629395,1.0,1,1,,1,,,0,0,0,0,1,0,0,0,0,0,0,0,0,,0,,
T_G_11100347_<NA>_<NA>_<NA>,,1,0,0,0,0,0,0,,0.99,1,0,,,,0,7.41099977493286,1.0,1,1,,1,,,0,0,0,0,1,0,0,0,0,0,0,0,0,,0,,
A_T_11100349_<NA>_<NA>_<NA>,,1,0,0,0,1,0,1,-3.7142177262206055,0.84,1,0,,,,0,4.68599987030029,1.0,1,1,,0,,,0,0,0,0,0,0,0,0,0,0,0,0,0,,0,,
G_C_11100350_<NA>_<NA>_<NA>,,1,0,0,0,1,0,0,,0.99,1,0,,,,0,9.26500034332275,1.0,1,1,,0,,,0,0,0,0,0,0,0,0,0,0,0,0,0,,0,,
C_A_11100352_<NA>_<NA>_<NA>,,0,0,0,0,1,0,1,,0.0,1,0,,,,0,0.949999988079071,0.430000007152557,1,1,,0,,,0,0,0,0,1,0,0,0,0,0,0,0,0,,0,,
C_A_11100353_<NA>_<NA>_<NA>,,0,0,0,0,1,0,1,-4.3554629422215925,0.0,1,0,,,,0,-0.916000008583069,0.0040000001899898,1,1,,0,,,0,0,0,0,1,0,0,0,0,0,0,0,0,,0,,
C_G_11100353_<NA>_<NA>_<NA>,,0,0,0,0,1,0,0,,0.0,1,0,,,,0,-0.916000008583069,0.0040000001899898,1,1,,0,,,0,0,0,0,1,0,0,0,0,0,0,0,0,,0,,
C_T_11100354_<NA>_<NA>_<NA>,,0,0,0,0,1,0,1,-4.355364496231847,0.0,1,0,,,,0,-0.158000007271767,0.0,1,1,,0,,,0,0,0,0,0,0,0,0,0,0,0,0,0,,0,,
C_G_11100355_<NA>_<NA>_<NA>,,0,0,0,0,1,0,1,-5.091729500504276,0.0,1,0,,,,0,0.381000012159348,0.0,1,1,,0,,,0,0,0,0,0,0,0,0,0,0,0,0,0,,0,,
C_T_11100355_<NA>_<NA>_<NA>,,0,0,0,0,1,0,1,-4.832682665251824,0.0,1,0,,,,0,0.381000012159348,0.0,1,1,,0,,,0,0,0,0,0,0,0,0,0,0,0,0,0,,0,,
G_A_11100361_<NA>_<NA>_<NA>,,0,0,0,0,1,0,0,,0.0,1,0,,,,0,0.17399999499321,0.0020000000949949,1,1,,0,,,0,0,0,0,0,0,0,0,0,0,0,0,0,,0,,
G_T_11100365_<NA>_<NA>_<NA>,,0,0,0,0,1,0,1,-3.7061956400806633,0.0,1,0,,,,0,1.00100004673004,0.0020000000949949,1,1,,0,,,0,0,0,0,0,0,0,0,0,0,0,0,0,,0,,
T_C_11100379_<NA>_<NA>_<NA>,,0,0,0,0,1,0,1,-4.0545806573969365,0.0,1,0,,,,0,-2.12599992752075,0.0010000000474974,1,1,,0,,,0,0,0,0,0,0,0,0,0,0,0,0,0,,0,,
G_A_11100401_<NA>_<NA>_<NA>,,0,0,0,0,1,0,1,-0.7599502278873523,0.0,1,0,,,,0,-0.720000028610229,0.0,1,1,,0,,,0,0,0,0,0,0,0,0,0,0,0,0,0,,0,,
C_T_11100403_<NA>_<NA>_<NA>,,0,0,0,0,1,0,1,-0.7988761027926204,0.0,1,0,,,,0,-0.916000008583069,0.0,1,1,,0,,,0,0,0,0,0,0,0,0,0,0,0,0,0,,0,,
C_T_11100517_<NA>_<NA>_<NA>,,0,0,0,0,1,0,1,-2.0646943097100747,0.0,1,0,,,,0,-0.0299999993294477,0.129999995231628,1,1,,0,,,0,0,0,0,0,0,0,0,0,0,0,0,0,,0,,
A_A_11101928_<NA>_<NA>_<NA>,,1,0,0,0,1,0,0,,,0,1,3.0,0.0,,0,,,0,0,1,0,1,0,0,0,0,0,1,0,0,1,-4679,0,0,0,0,,0,,
G_G_11102144_<NA>_<NA>_<NA>,,1,0,0,0,1,0,0,,,0,1,3.0,0.0,,0,,,0,0,1,0,1,0,0,0,0,0,1,0,0,1,-5994,0,0,0,0,,0,,
G_G_11102409_<NA>_<NA>_<NA>,,0,0,0,0,1,0,0,,,0,0,,,,0,,,0,0,,0,,,0,0,0,0,0,0,0,0,-6,0,0,0,0,,0,,
A_G_11102576_<NA>_<NA>_<NA>,,0,0,0,0,1,0,0,,0.0,1,0,,,,0,-0.331000000238419,0.0010000000474974,1,1,,0,,,0,0,0,0,0,0,0,0,0,0,0,0,0,,0,,
A_G_11102577_<NA>_<NA>_<NA>,,0,0,0,0,1,0,0,,0.0,1,0,,,,0,0.0309999994933605,0.0010000000474974,1,1,,0,,,0,0,0,0,0,0,0,0,0,0,0,0,0,,0,,
C_T_11102644_<NA>_<NA>_<NA>,,0,0,0,0,1,0,1,-4.524038410807576,0.0,1,0,,,,0,-0.737999975681305,0.0,1,1,,0,,,0,0,0,0,0,0,0,0,0,0,0,0,0,,0,,
C_A_11102649_<NA>_<NA>_<NA>,,0,0,0,0,1,0,1,-3.8771290771355646,0.0,1,0,,,,0,0.39300000667572,0.0,1,1,,0,,,0,0,0,0,0,0,0,0,0,0,0,0,0,,0,,
G_A_11102651_<NA>_<NA>_<NA>,,0,0,0,0,1,0,0,,0.0,1,0,,,,0,-1.3400000333786,0.0,1,1,,0,,,0,0,0,0,0,0,0,0,0,0,0,0,0,,0,,
T_C_11102659_<NA>_<NA>_<NA>,,0,0,0,0,1,0,1,-3.760950906859808,0.0,1,0,,,,0,0.561999976634979,0.0,1,1,,0,,,0,0,0,0,1,0,0,0,0,0,0,0,0,,0,,
A_C_11102662_<NA>_<NA>_<NA>,,1,0,0,0,0,0,0,,,0,0,,,,0,8.68299961090088,1.0,1,1,,1,,,0,0,0,0,1,0,0,0,1,0,0,0,0,,0,,
A_G_11102662_<NA>_<NA>_<NA>,,1,0,0,0,0,0,1,-2.468393368067278,1.0,1,0,,,,0,8.68299961090088,1.0,1,1,,1,,,0,0,0,0,1,0,0,0,0,0,0,0,0,,0,,
G_A_11102663_<NA>_<NA>_<NA>,,1,0,0,0,0,0,1,-4.780415473785745,1.0,1,0,,,,0,9.30799961090088,1.0,1,1,,1,,,0,0,0,0,1,0,0,0,0,0,0,0,0,,0,,
G_T_11102663_<NA>_<NA>_<NA>,,1,0,0,0,0,0,0,,1.0,1,0,,,,0,9.30799961090088,1.0,1,1,,1,,,0,0,0,0,1,0,0,0,0,0,0,0,0,,0,,
T_A_11102664_Leu_64_Ter,64.0,1,0,0,0,0,0,0,,0.0,1,0,3.0,0.0,,0,-0.550999999046326,0.0010000000474974,1,1,1,1,1,0,1,0,0,0,1,1,1,1,0,0,0,0,0,0.466333152,1,0.450331208,2.382928767
T_G_11102666_Ser_65_fs,65.0,1,0,0,1,0,0,0,,,0,0,3.0,0.0,,0,,,0,0,1,1,1,0,0,0,0,0,0,1,1,1,-2,0,0,0,0,,0,,
T_G_11102666_Ser_65_fs,65.0,1,0,0,1,0,0,0,,,0,0,3.0,0.0,,0,,,0,0,1,1,1,0,0,0,0,0,0,1,1,1,-2,0,0,0,0,,0,,
C_C_11102667_Val_66_fs,66.0,1,0,0,1,0,0,0,,,0,0,3.0,0.0,,0,,,0,0,1,1,1,0,0,0,0,0,0,1,1,1,1,0,0,0,0,,0,,
C_C_11102667_Val_66_fs,66.0,1,0,0,1,0,0,0,,,0,0,3.0,0.0,,0,,,0,0,1,1,1,0,0,0,0,0,0,1,1,1,2,0,0,0,0,,0,,
C_C_11102667_Val_66_fs,66.0,1,0,0,1,0,0,1,-5.744968836654449,,0,0,3.0,0.0,,0,,,0,0,1,1,1,0,0,0,0,0,0,1,1,1,-2,0,0,0,0,,0,,
T_C_11102668_Ser_65_Ser,65.0,0,0,1,0,0,0,1,-5.346980548900387,0.0,1,0,3.0,0.0,,0,-1.49000000953674,0.0,1,1,1,0,1,0,0,0,0,0,0,1,1,1,0,0,0,0,0,0.861410951,1,0.037170429,0.223022575
T_T_11102668_Val_66_fs,66.0,1,0,0,1,0,0,0,,,0,0,3.0,0.0,,0,,,0,0,1,1,1,0,0,0,0,0,0,1,1,1,1,0,0,0,0,,0,,
C_C_11102671_Thr_67_fs,67.0,1,0,0,1,0,0,0,,,0,0,3.0,0.0,,0,,,0,0,1,1,1,0,0,0,0,0,0,1,1,1,1,0,0,0,0,,0,,
C_T_11102671_Val_66_Val,66.0,0,0,1,0,0,0,0,,0.0,1,0,3.0,0.0,,0,0.23199999332428,0.777999997138977,1,1,1,0,1,0,0,0,0,0,0,1,1,1,0,0,0,0,0,1.015435669,1,0.035911625,0.296134847
C_G_11102674_Thr_67_Thr,67.0,0,0,1,0,0,0,0,,0.0,1,0,3.0,0.0,,0,0.158000007271767,0.975000023841858,1,1,1,0,1,0,0,0,0,0,0,1,1,1,0,0,0,0,0,1.035382319,1,0.055992303,0.223969213
T_C_11102675_Cys_68_Arg,68.0,1,1,0,0,0,0,0,,0.0,1,0,3.0,0.0,0.973,1,7.57200002670288,1.0,1,1,1,0,1,0,0,0,0,1,0,1,1,1,0,0,0,0,0,1.068935935,1,0.042521363,0.120268577
C_A_11102677_Cys_68_Ter,68.0,1,0,0,0,0,0,1,-4.935916564036404,0.0,1,0,3.0,0.0,,0,1.92999994754791,0.657000005245209,1,1,1,1,1,0,1,0,0,1,0,1,1,1,0,0,0,0,0,0.054452662,1,0.045688531,0.158269714
C_C_11102677_Lys_69_fs,69.0,1,0,0,1,0,0,0,,,0,0,3.0,0.0,,0,-1.03199994564056,0.0,1,1,1,1,1,0,0,0,0,0,0,1,1,1,-1,0,0,0,0,,0,,
C_T_11102683_Ser_70_Ser,70.0,0,0,1,0,0,0,1,-3.760950906859808,0.0,1,0,3.0,0.0,,0,-3.77699995040894,0.0,1,1,1,0,1,0,0,0,0,0,0,1,1,1,0,0,0,0,0,1.032460685,1,0.039408518,0.33439236
C_C_11102683_Asp_72_fs,72.0,1,0,0,1,0,0,0,,,0,0,3.0,0.0,,0,2.60400009155273,0.999000012874603,1,1,1,1,1,0,0,0,0,0,0,1,1,1,-1,0,0,0,0,,0,,
T_A_11102696_Cys_75_Ser,75.0,1,1,0,0,0,0,1,-4.832682665251824,0.0,1,0,3.0,0.0,0.972,1,7.90000009536743,1.0,1,1,1,0,1,0,0,0,0,1,0,1,1,1,0,0,0,0,0,0.906354641,1,0.027316464,0.358252066
G_A_11102697_Cys_75_Tyr,75.0,1,1,0,0,0,0,0,,0.0,1,0,3.0,0.0,0.966,1,9.85000038146973,1.0,1,1,1,0,1,0,0,0,0,1,0,1,1,1,0,0,0,0,0,0.618747589,1,0.094282851,0.730311824
T_C_11102698_Cys_75_Cys,75.0,0,0,1,0,0,0,1,-3.894489815230026,0.0,1,0,3.0,0.0,,0,0.0089999996125698,0.940999984741211,1,1,1,0,1,0,0,0,0,1,0,1,1,1,0,0,0,0,0,,0,,
T_G_11102698_Cys_75_Trp,75.0,1,1,0,0,0,0,0,,0.0,1,0,3.0,0.0,0.899,1,0.0089999996125698,0.940999984741211,1,1,1,0,1,0,0,0,0,1,0,1,1,1,0,0,0,0,0,0.455427154,1,0.191729272,1.084584545
T_T_11102698_Arg_78_fs,78.0,1,0,0,1,0,0,0,,,0,0,3.0,0.0,,0,,,0,0,1,1,1,0,0,0,0,0,0,1,1,1,1,0,0,0,0,,0,,
T_T_11102698_Gly_77_fs,77.0,1,0,0,1,0,0,0,,,0,0,3.0,0.0,,0,3.14400005340576,1.0,1,1,1,1,1,0,0,0,0,0,0,1,1,1,-1,0,0,0,0,,0,,
T_T_11102698_Gly_76_fs,76.0,1,0,0,1,0,0,0,,,0,0,3.0,0.0,,0,,,0,0,1,1,1,0,0,0,0,0,0,1,1,1,-7,0,0,0,0,,0,,
G_A_11102701_Gly_76_Gly,76.0,0,0,1,0,0,0,1,-4.935916564036404,0.0,1,0,3.0,0.0,,0,-1.4889999628067,0.0020000000949949,1,1,1,0,1,0,0,0,0,0,0,1,1,1,0,0,0,0,0,0.922926073,1,0.058144448,0.385686636
G_G_11102703_Arg_78_fs,78.0,1,0,0,1,0,0,0,,,0,0,3.0,0.0,,0,3.08699989318848,0.363999992609024,1,1,1,1,1,0,0,0,0,0,0,1,1,1,-1,0,0,0,0,,0,,
C_T_11102704_Gly_77_Gly,77.0,0,0,1,0,0,0,1,-4.780939667551139,0.0,1,0,3.0,0.0,,0,-0.977999985218048,0.0109999999403954,1,1,1,0,1,0,0,0,0,0,0,1,1,1,0,0,0,0,0,0.949841307,1,0.067710323,0.524481908
C_C_11102705_Arg_78_fs,78.0,1,0,0,1,0,0,0,,,0,0,3.0,0.0,,0,1.51300001144409,0.344999998807907,1,1,1,1,1,0,0,0,0,0,0,1,1,1,-1,0,0,0,0,,0,,
T_C_11102707_Arg_78_Arg,78.0,0,0,1,0,0,0,0,,0.0,1,0,3.0,0.0,,0,-2.15700006484985,0.0,1,1,1,0,1,0,0,0,0,0,0,1,1,1,0,0,0,0,0,0.995287313,1,0.02699092,0.241414125
G_G_11102708_Asn_80_fs,80.0,1,0,0,1,0,0,0,,,0,0,3.0,0.0,,0,,,0,0,1,1,1,0,0,0,0,0,0,1,1,1,1,0,0,0,0,,0,,
C_C_11102714_Cys_82_fs,82.0,1,0,0,1,0,0,0,,,0,0,3.0,0.0,,0,,,0,0,1,1,1,0,0,0,0,1,0,1,1,1,1,0,0,0,0,,0,,
C_T_11102714_Arg_81_Cys,81.0,1,1,0,0,0,0,1,-3.320572103387881,0.0,1,0,3.0,0.0,0.817,1,4.82800006866455,1.0,1,1,1,0,1,0,0,0,0,0,0,1,1,1,0,0,0,0,0,1.004617472,1,0.027823021,0.236086162
C_C_11102714_Cys_82_Cys,82.0,1,0,0,0,0,0,0,,,0,0,3.0,0.0,,0,,,0,0,1,0,1,0,0,0,0,1,0,1,1,1,-3,0,1,1,0,,0,,
G_G_11102715_Pro_84_fs,84.0,1,0,0,1,0,0,0,,,0,0,3.0,0.0,,0,,,0,0,1,1,1,0,0,0,0,0,0,1,1,1,7,0,0,0,0,,0,,
G_T_11102715_Arg_81_Leu,81.0,1,1,0,0,0,0,0,,0.01,1,0,3.0,0.0,0.799,1,4.94500017166138,1.0,1,1,1,0,1,0,0,0,0,0,0,1,1,1,0,0,0,0,0,1.027268912,1,0.019215226,0.257799312
C_C_11102716_Cys_82_fs,82.0,1,0,0,1,0,0,0,,,0,0,3.0,0.0,,0,7.92399978637695,1.0,1,1,1,1,1,0,0,0,0,1,0,1,1,1,-1,0,0,0,0,,0,,
T_G_11102717_Cys_82_Gly,82.0,1,1,0,0,0,0,0,,0.0,1,0,3.0,0.0,0.965,1,7.92399978637695,1.0,1,1,1,0,1,0,0,0,0,1,0,1,1,1,0,0,0,0,0,0.849775403,1,0.091694921,0.518704805
G_A_11102718_Cys_82_Tyr,82.0,1,1,0,0,0,0,0,,0.0,1,0,3.0,0.0,0.961,1,9.88099956512451,1.0,1,1,1,0,1,0,0,0,0,1,0,1,1,1,0,0,0,0,0,1.083252903,1,0.056437411,0.159629105
G_T_11102718_Cys_82_Phe,82.0,1,1,0,0,0,0,0,,0.01,1,0,3.0,0.0,0.965,1,9.88099956512451,1.0,1,1,1,0,1,0,0,0,0,1,0,1,1,1,0,0,0,0,0,1.178004015,1,0.123103622,0.348189623
C_A_11102719_Cys_82_Ter,82.0,1,0,0,0,0,0,0,,0.0,1,0,3.0,0.0,,0,-0.203999996185303,0.368000000715256,1,1,1,1,1,0,1,0,0,1,0,1,1,1,0,0,0,0,0,0.118845732,1,0.049030403,0.138678921
C_G_11102719_Cys_82_Trp,82.0,1,1,0,0,0,0,0,,0.0,1,0,3.0,0.0,0.848,1,-0.203999996185303,0.368000000715256,1,1,1,0,1,0,0,0,0,1,0,1,1,1,0,0,0,0,0,1.054929441,1,0.037874671,0.200413923
T_G_11102722_Ile_83_fs,83.0,1,0,0,1,0,0,0,,,0,0,3.0,0.0,,0,-1.40699994564056,0.0020000000949949,1,1,1,1,1,0,0,0,0,0,0,1,1,1,1,0,0,0,0,,0,,
C_C_11102724_Gln_85_fs,85.0,1,0,0,1,0,0,0,,,0,0,3.0,0.0,,0,,,0,0,1,1,1,0,0,0,0,0,0,1,1,1,7,0,0,0,0,,0,,
C_T_11102726_Gln_85_Ter,85.0,1,0,0,0,0,0,0,,0.0,1,0,3.0,0.0,,0,-0.745999991893768,0.0,1,1,1,1,1,0,1,0,0,0,0,1,1,1,0,0,0,0,0,0.061378446,1,0.041793222,0.289551937
C_C_11102726_<NA>_<NA>_<NA>,,1,0,0,0,1,0,0,,,0,0,3.0,0.0,,0,,,0,0,1,0,1,0,0,0,0,0,1,0,0,1,-257,0,0,0,0,,0,,
G_A_11102728_Gln_85_Gln,85.0,0,0,1,0,0,0,0,,0.0,1,0,3.0,0.0,,0,-0.609000027179718,0.0,1,1,1,0,1,0,0,0,0,0,0,1,1,1,0,0,0,0,0,,0,,
C_T_11102731_Phe_86_Phe,86.0,0,0,1,0,0,0,0,,0.0,1,0,3.0,0.0,,0,0.46000000834465,0.0430000014603138,1,1,1,0,1,0,0,0,0,0,0,1,1,1,0,0,0,0,0,0.937599546,1,0.046158684,0.206427911
T_G_11102732_Trp_87_Gly,87.0,1,1,0,0,0,0,1,-4.183162369097965,0.0,1,0,3.0,0.0,0.892,1,6.02899980545044,1.0,1,1,1,0,1,0,0,0,0,0,0,1,1,1,0,0,0,0,0,1.024148325,1,0.034498517,0.182548995
G_A_11102733_Trp_87_Ter,87.0,1,0,0,0,0,0,0,,0.03,1,0,3.0,0.0,,0,9.88099956512451,1.0,1,1,1,1,1,0,1,0,0,0,0,1,1,1,0,0,0,0,0,-0.15438503,1,0.064829059,0.317596231
G_A_11102734_Trp_87_Ter,87.0,1,0,0,0,0,0,1,-6.046095406586541,0.02,1,0,3.0,0.0,,0,7.88600015640259,1.0,1,1,1,1,1,0,1,0,0,0,0,1,1,1,0,0,0,0,0,-0.15438503,1,0.064829059,0.317596231
G_A_11102734_Trp_87_Ter,87.0,1,0,0,0,0,0,0,,,0,0,3.0,0.0,,0,,,0,0,1,1,1,0,1,0,0,0,0,1,1,1,0,0,1,0,1,,0,,
T_C_11102738_Cys_89_Arg,89.0,1,1,0,0,0,0,0,,0.01,1,0,3.0,0.0,0.973,1,7.97499990463257,1.0,1,1,1,0,1,0,0,0,0,1,0,1,1,1,0,0,0,0,0,0.463913829,1,0.169632917,0.959588688
T_G_11102738_Cys_89_Gly,89.0,1,1,0,0,0,0,0,,0.01,1,0,3.0,0.0,0.955,1,7.97499990463257,1.0,1,1,1,0,1,0,0,0,0,1,0,1,1,1,0,0,0,0,0,0.76818117,1,0.226956865,1.014981955
G_A_11102739_Cys_89_Tyr,89.0,1,1,0,0,0,0,1,-5.444059562181489,0.19,1,0,3.0,0.0,0.947,1,9.94799995422363,1.0,1,1,1,0,1,0,0,0,0,1,0,1,1,1,0,0,0,0,0,0.89017331,1,0.04080518,0.230828956
C_G_11102740_Cys_89_Trp,89.0,1,1,0,0,0,0,0,,0.0,1,0,3.0,0.0,0.792,1,-0.825999975204468,0.0230000000447035,1,1,1,0,1,0,0,0,0,1,0,1,1,1,0,0,0,0,0,0.96511929,1,0.059122124,0.264402176
C_T_11102740_Cys_89_Cys,89.0,0,0,1,0,0,0,1,-3.663140179083191,0.0,1,0,3.0,0.0,,0,-0.825999975204468,0.0230000000447035,1,1,1,0,1,0,0,0,0,1,0,1,1,1,0,0,0,0,0,0.999160284,1,0.044437098,0.235139023
G_A_11102741_Asp_90_Asn,90.0,1,1,0,0,0,0,1,-3.238222462491822,0.01,1,0,3.0,0.0,0.738,1,9.94799995422363,1.0,1,1,1,0,1,0,0,0,0,0,0,1,1,1,0,0,0,0,0,0.993716085,1,0.063378058,0.28343529
G_T_11102741_Asp_90_Tyr,90.0,1,1,0,0,0,0,0,,0.01,1,0,3.0,0.0,0.958,1,9.94799995422363,1.0,1,1,1,0,1,0,0,0,0,0,0,1,1,1,0,0,0,0,0,0.941867887,1,0.042375277,0.239710768
A_C_11102742_Asp_90_Ala,90.0,1,1,0,0,0,0,0,,0.0,1,0,3.0,0.0,0.964,1,9.27499961853027,1.0,1,1,1,0,1,0,0,0,0,0,0,1,1,1,0,0,0,0,0,0.871768363,1,0.030064529,0.208293168
A_G_11102742_Asp_90_Gly,90.0,1,1,0,0,0,0,1,-4.650528200785614,0.0,1,0,3.0,0.0,0.957,1,9.27499961853027,1.0,1,1,1,0,1,0,0,0,0,0,0,1,1,1,0,0,0,0,0,0.938817633,1,0.021705675,0.086822698
T_A_11102743_Asp_90_Glu,90.0,1,1,0,0,0,0,0,,0.0,1,0,3.0,0.0,0.833,1,-0.799000024795532,0.0179999992251396,1,1,1,0,1,0,0,0,0,0,0,1,1,1,0,0,0,0,0,0.874371281,1,0.178160729,0.712642916
T_C_11102743_Asp_90_Asp,90.0,0,0,1,0,0,0,1,-3.324680016660708,0.0,1,0,3.0,0.0,,0,-0.799000024795532,0.0179999992251396,1,1,1,0,1,0,0,0,0,0,0,1,1,1,0,0,0,0,0,,0,,
T_G_11102743_Asp_90_Glu,90.0,1,1,0,0,0,0,0,,0.0,1,0,3.0,0.0,0.833,1,-0.799000024795532,0.0179999992251396,1,1,1,0,1,0,0,0,0,0,0,1,1,1,0,0,0,0,0,0.874371281,1,0.178160729,0.712642916
G_G_11102745_Gln_92_fs,92.0,1,0,0,1,0,0,0,,,0,0,3.0,0.0,,0,1.44099998474121,0.665000021457672,1,1,1,1,1,0,0,0,0,0,0,1,1,1,-1,0,0,0,0,,0,,
C_T_11102746_Gly_91_Gly,91.0,0,0,1,0,0,0,0,,0.0,1,0,3.0,0.0,,0,-1.56900000572205,0.0010000000474974,1,1,1,0,1,0,0,0,0,0,0,1,1,1,0,0,0,0,0,1.006067121,1,0.053829265,0.443887489
C_T_11102747_Gln_92_Ter,92.0,1,0,0,0,0,0,0,,0.01,1,0,3.0,0.0,,0,1.44099998474121,0.665000021457672,1,1,1,1,1,0,1,0,0,0,0,1,1,1,0,0,0,0,0,-0.028552818,1,0.027918768,0.157932401
C_C_11102747_Val_93_fs,93.0,1,0,0,1,0,0,0,,,0,0,3.0,0.0,,0,-1.0,0.0,1,1,1,1,1,0,0,0,0,0,0,1,1,1,-1,0,0,0,0,,0,,
T_T_11102751_Asp_94_fs,94.0,1,0,0,1,0,0,0,,,0,0,3.0,0.0,,0,9.94799995422363,1.0,1,1,1,1,1,0,0,0,0,0,0,1,1,1,-1,0,0,0,0,,0,,
G_A_11102752_Val_93_Val,93.0,0,0,1,0,0,0,0,,0.01,1,0,3.0,0.0,,0,-0.293999999761581,0.0,1,1,1,0,1,0,0,0,0,0,0,1,1,1,0,0,0,0,0,0.975410354,1,0.038418483,0.384184831
G_C_11102753_Asp_94_His,94.0,1,1,0,0,0,0,0,,0.01,1,0,3.0,0.0,0.966,1,9.94799995422363,1.0,1,1,1,0,1,0,0,0,0,0,0,1,1,1,0,0,0,0,0,0.844898994,1,0.114063171,0.322619367
G_T_11102753_Asp_94_Tyr,94.0,1,1,0,0,0,0,1,-6.046047116768077,0.01,1,0,3.0,0.0,0.961,1,9.94799995422363,1.0,1,1,1,0,1,0,0,0,0,0,0,1,1,1,0,0,0,0,0,0.849327189,1,0.070342596,0.372218033
C_T_11102755_Asp_94_Asp,94.0,0,0,1,0,0,0,0,,0.0,1,0,3.0,0.0,,0,3.37400007247925,1.0,1,1,1,0,1,0,0,0,0,0,0,1,1,1,0,0,0,0,0,1.041919047,1,0.049393185,0.26136417
T_A_11102756_Cys_95_Ser,95.0,1,1,0,0,0,0,1,-6.046047116768077,0.0,1,0,3.0,0.0,0.951,1,7.97499990463257,1.0,1,1,1,0,1,0,0,0,0,1,0,1,1,1,0,0,0,0,0,0.866204871,1,0.024843516,0.222207167
T_C_11102756_Cys_95_Arg,95.0,1,1,0,0,0,0,1,-4.935916564036404,0.0,1,0,3.0,0.0,0.955,1,7.97499990463257,1.0,1,1,1,0,1,0,0,0,0,1,0,1,1,1,0,0,0,0,0,0.781378629,1,0.175409806,1.529187239
T_G_11102756_Cys_95_Gly,95.0,1,1,0,0,0,0,0,,0.0,1,0,3.0,0.0,0.949,1,7.97499990463257,1.0,1,1,1,0,1,0,0,0,0,1,0,1,1,1,0,0,0,0,0,0.740892134,1,0.154637266,0.437380238
G_A_11102757_Cys_95_Tyr,95.0,1,1,0,0,0,0,0,,0.0,1,0,3.0,0.0,0.918,1,9.94799995422363,1.0,1,1,1,0,1,0,0,0,0,1,0,1,1,1,0,0,0,0,0,0.909839519,1,0.05821707,0.285204232
G_C_11102757_Cys_95_Ser,95.0,1,1,0,0,0,0,0,,0.0,1,0,3.0,0.0,0.923,1,9.94799995422363,1.0,1,1,1,0,1,0,0,0,0,1,0,1,1,1,0,0,0,0,0,0.866204871,1,0.024843516,0.222207167
G_T_11102757_Cys_95_Phe,95.0,1,1,0,0,0,0,0,,0.0,1,0,3.0,0.0,0.93,1,9.94799995422363,1.0,1,1,1,0,1,0,0,0,0,1,0,1,1,1,0,0,0,0,0,0.716656083,1,0.153384514,0.920307083
C_A_11102758_Cys_95_Ter,95.0,1,0,0,0,0,0,1,-4.598427154323554,0.01,1,0,3.0,0.0,,0,-1.32700002193451,0.003000000026077,1,1,1,1,1,0,1,0,0,1,0,1,1,1,0,0,0,0,0,-0.026756674,1,0.047933414,0.253639783
C_G_11102758_Cys_95_Trp,95.0,1,1,0,0,0,0,0,,0.01,1,0,3.0,0.0,0.682,1,-1.32700002193451,0.003000000026077,1,1,1,0,1,0,0,0,0,1,0,1,1,1,0,0,0,0,0,0.28589348,1,0.11243664,0.636037686
C_T_11102758_Cys_95_Cys,95.0,0,0,1,0,0,0,1,-3.524619406856639,0.0,1,0,3.0,0.0,,0,-1.32700002193451,0.003000000026077,1,1,1,0,1,0,0,0,0,1,0,1,1,1,0,0,0,0,0,0.98041274,1,0.052518228,0.332154441
C_T_11102761_Asp_96_Asp,96.0,0,0,1,0,0,0,0,,0.01,1,0,3.0,0.0,,0,0.0480000004172325,0.926999986171722,1,1,1,0,1,0,0,0,0,0,0,1,1,1,0,0,0,0,0,0.957301043,1,0.069483561,0.240698117
C_G_11102764_Asn_97_Lys,97.0,1,1,0,0,0,0,0,,0.01,1,0,3.0,0.0,0.523,1,-2.90000009536743,0.0,1,1,1,0,1,0,0,0,0,0,0,1,1,1,0,0,0,0,0,1.093268114,1,0.031611635,0.167273048
C_T_11102764_Asn_97_Asn,97.0,0,0,1,0,0,0,1,-3.414313721547503,0.01,1,0,3.0,0.0,,0,-2.90000009536743,0.0,1,1,1,0,1,0,0,0,0,0,0,1,1,1,0,0,0,0,0,1.045815726,1,0.030630176,0.203177603
T_T_11102768_Gly_98_Ter,98.0,1,0,0,1,0,0,0,,,0,0,3.0,0.0,,0,,,0,0,1,1,1,0,0,0,0,0,0,1,1,1,-2,0,0,0,1,0.239314385,1,0.261107484,1.044429938
C_G_11102769_Ser_99_Ter,99.0,1,0,0,0,0,0,1,-6.04599883231843,0.0,1,0,3.0,0.0,,0,3.37899994850159,0.662999987602234,1,1,1,1,1,0,1,0,0,0,0,1,1,1,0,0,0,0,0,0.239314385,1,0.261107484,1.044429938
G_A_11102771_Asp_100_Asn,100.0,1,1,0,0,0,0,0,,0.0,1,0,3.0,0.0,0.93,1,8.05700016021729,1.0,1,1,1,0,1,0,0,0,0,0,0,1,1,1,0,0,0,0,0,0.881786538,1,0.098181932,0.196363864
A_G_11102772_Asp_100_Gly,100.0,1,1,0,0,0,0,0,,0.02,1,0,3.0,0.0,0.9,1,9.27499961853027,1.0,1,1,1,0,1,0,0,0,0,0,0,1,1,1,0,0,0,0,0,0.956773015,1,0.060888338,0.272300927
A_T_11102772_Asp_100_Val,100.0,1,1,0,0,0,0,1,-4.832682665251824,0.0,1,0,3.0,0.0,0.881,1,9.27499961853027,1.0,1,1,1,0,1,0,0,0,0,0,0,1,1,1,0,0,0,0,0,0.553961167,1,0.383254563,1.533018251
C_T_11102773_Asp_100_Asp,100.0,0,0,1,0,0,0,1,-3.684239509334265,0.01,1,0,3.0,0.0,,0,-1.21899998188019,0.0040000001899898,1,1,1,0,1,0,0,0,0,0,0,1,1,1,0,0,0,0,0,1.01296123,1,0.066044232,0.373602592
C_C_11102773_Glu_101_fs,101.0,1,0,0,1,0,0,0,,,0,0,3.0,0.0,,0,8.05700016021729,1.0,1,1,1,1,1,0,0,0,0,0,0,1,1,1,-1,0,0,0,0,,0,,
G_A_11102774_Glu_101_Lys,101.0,1,1,0,0,0,0,1,-3.684029654543082,0.0,1,0,3.0,0.0,0.896,1,8.05700016021729,1.0,1,1,1,0,1,0,0,0,0,0,0,1,1,1,0,0,0,0,0,0.528778381,1,0.134044527,0.758270352
G_T_11102774_Glu_101_Ter,101.0,1,0,0,0,0,0,0,,0.02,1,0,3.0,0.0,,0,8.05700016021729,1.0,1,1,1,1,1,0,1,0,0,0,0,1,1,1,0,0,0,0,0,-0.083630443,1,0.036261103,0.22933535
A_C_11102775_Glu_101_Ala,101.0,1,1,0,0,0,0,0,,0.0,1,0,3.0,0.0,0.871,1,9.27499961853027,1.0,1,1,1,0,1,0,0,0,0,0,0,1,1,1,0,0,0,0,0,0.994308706,1,0.024004114,0.067893888
A_G_11102775_Glu_101_Gly,101.0,1,1,0,0,0,0,0,,0.01,1,0,3.0,0.0,0.871,1,9.27499961853027,1.0,1,1,1,0,1,0,0,0,0,0,0,1,1,1,0,0,0,0,0,0.933165814,1,0.02185407,0.157591942
A_A_11102775_Glu_101_fs,101.0,1,0,0,1,0,0,1,-5.346980548900387,,0,0,3.0,0.0,,0,0.42399999499321,0.0860000029206276,1,1,1,1,1,0,0,0,0,0,0,1,1,1,-1,0,0,0,0,,0,,
G_A_11102776_Glu_101_Glu,101.0,0,0,1,0,0,0,1,-5.744968836654449,0.0,1,0,3.0,0.0,,0,0.42399999499321,0.0860000029206276,1,1,1,0,1,0,0,0,0,0,0,1,1,1,0,0,0,0,0,,0,,
C_T_11102777_Gln_102_Ter,102.0,1,0,0,0,0,0,1,-5.744968836654449,0.79,1,0,3.0,0.0,,0,0.0419999994337559,0.0020000000949949,1,1,1,1,1,0,1,0,0,0,0,1,1,1,0,0,0,0,0,-0.120213305,1,0.029527736,0.283220089
G_G_11102781_Cys_104_fs,104.0,1,0,0,1,0,0,0,,,0,0,3.0,0.0,,0,,,0,0,1,1,1,0,0,0,0,1,1,1,1,1,-4,0,0,0,0,,0,,
G_G_11102781_<NA>_<NA>_<NA>,,1,0,0,0,1,0,0,,,0,0,3.0,0.0,,0,,,0,0,1,0,1,0,0,0,0,0,1,1,0,1,-21,0,0,0,0,,0,,
T_C_11102783_Cys_104_Arg,104.0,1,1,0,0,0,0,1,-4.5982549177629375,0.0,1,0,3.0,0.0,0.912,1,7.97499990463257,1.0,1,1,1,0,1,0,0,0,0,1,0,1,1,1,0,0,0,0,0,0.749315059,1,0.102992475,0.61795485
T_G_11102783_Cys_104_Gly,104.0,1,1,0,0,0,0,0,,0.06,1,0,3.0,0.0,0.906,1,7.97499990463257,1.0,1,1,1,0,1,0,0,0,0,1,0,1,1,1,0,0,0,0,0,0.885122761,1,0.070329874,0.487259658
G_A_11102784_Cys_104_Tyr,104.0,1,1,0,0,0,0,0,,0.01,1,0,3.0,0.0,0.889,1,9.94799995422363,1.0,1,1,1,0,1,0,0,0,0,1,1,1,1,1,0,0,0,0,0,0.922787699,1,0.089103581,0.398483326
G_C_11102784_Cys_104_Ser,104.0,1,1,0,0,0,0,0,,0.01,1,0,3.0,0.0,0.893,1,9.94799995422363,1.0,1,1,1,0,1,0,0,0,0,1,1,1,1,1,0,0,0,0,0,0.866130433,1,0.03347023,0.163969972
G_T_11102784_Cys_104_Phe,104.0,1,1,0,0,0,0,0,,0.01,1,0,3.0,0.0,0.882,1,9.94799995422363,1.0,1,1,1,0,1,0,0,0,0,1,1,1,1,1,0,0,0,0,0,0.944875922,1,0.043840069,0.316135231
T_A_11102785_Cys_104_Ter,104.0,1,0,0,0,0,0,0,,0.01,1,0,3.0,0.0,,0,-0.558000028133392,0.0,1,1,1,1,1,0,1,0,0,1,1,1,1,1,0,0,0,0,0,0.028266695,1,0.052393805,0.181497464
T_G_11102785_Cys_104_Trp,104.0,1,1,0,0,0,0,0,,0.01,1,0,3.0,0.0,0.713,1,-0.558000028133392,0.0,1,1,1,0,1,0,0,0,0,1,1,1,1,1,0,0,0,0,0,0.543565162,1,0.12496036,0.935117707
T_T_11102785_<NA>_<NA>_<NA>,,1,0,0,0,0,0,1,-5.744968836654449,,0,0,3.0,0.0,,0,,,0,0,1,1,1,0,0,0,0,0,1,1,0,1,-2,0,0,0,0,,0,,
C_C_11102786_<NA>_<NA>_<NA>,,1,0,0,1,0,0,0,,,0,0,,,,0,,,0,0,,1,,,0,0,0,0,1,0,0,0,1,0,0,0,0,,0,,
C_T_11102786_<NA>_<NA>_<NA>,,1,0,0,0,0,0,0,,,0,0,3.0,0.0,,0,,,0,0,1,1,1,0,0,0,0,0,1,1,0,1,0,0,0,0,0,,0,,
G_C_11102787_<NA>_<NA>_<NA>,,1,0,0,0,0,0,1,-5.346884006834434,0.99,1,0,,,,0,8.10099983215332,1.0,1,1,,1,,,0,0,0,0,1,0,0,0,0,0,0,0,0,,0,,
G_G_11102787_<NA>_<NA>_<NA>,,1,0,0,0,0,0,1,-4.297138829427071,,0,0,,,,0,,,0,0,,1,,,0,0,0,0,1,0,0,0,1,0,0,0,0,,0,,
G_T_11102787_<NA>_<NA>_<NA>,,1,0,0,0,0,0,1,-4.935916564036404,0.99,1,0,,,,0,8.10099983215332,1.0,1,1,,1,,,0,0,0,0,1,0,0,0,0,0,0,0,0,,0,,
T_A_11102788_<NA>_<NA>_<NA>,,1,0,0,0,0,0,0,,0.99,1,0,,,,0,5.03599977493286,1.0,1,1,,1,,,0,0,0,0,1,0,0,0,0,0,0,0,0,,0,,
T_C_11102788_<NA>_<NA>_<NA>,,1,0,0,0,0,0,1,-4.531504975492931,0.97,1,0,,,,0,5.03599977493286,1.0,1,1,,1,,,0,0,0,0,1,0,0,0,0,0,0,0,0,,0,,
A_C_11102789_<NA>_<NA>_<NA>,,1,0,0,0,1,0,1,-3.4572990305518894,0.92,1,0,,,,0,0.605000019073486,0.995999991893768,1,1,,0,,,0,0,0,0,0,0,0,0,0,0,0,0,0,,0,,
A_A_11102789_<NA>_<NA>_<NA>,,1,0,0,0,1,0,0,,,0,0,,,,0,,,0,0,,0,,,0,0,0,0,0,0,0,0,-13,0,0,0,0,,0,,
G_A_11102791_<NA>_<NA>_<NA>,,1,0,0,0,1,0,0,,0.7,1,0,,,,0,9.39400005340576,1.0,1,1,,0,,,0,0,0,0,0,0,0,0,0,0,0,0,0,,0,,
G_T_11102791_<NA>_<NA>_<NA>,,1,0,0,0,1,0,0,,0.66,1,0,,,,0,9.39400005340576,1.0,1,1,,0,,,0,0,0,0,0,0,0,0,0,0,0,0,0,,0,,
T_A_11102794_<NA>_<NA>_<NA>,,0,0,0,0,1,0,0,,0.07,1,0,,,,0,0.063000001013279,0.0130000002682209,1,1,,0,,,0,0,0,0,1,0,0,0,0,0,0,0,0,,0,,
T_C_11102794_<NA>_<NA>_<NA>,,0,0,0,0,1,0,1,-4.22329881601159,0.02,1,0,,,,0,0.063000001013279,0.0130000002682209,1,1,,0,,,0,0,0,0,1,0,0,0,0,0,0,0,0,,0,,
G_A_11102801_<NA>_<NA>_<NA>,,0,0,0,0,1,0,0,,0.0,1,0,,,,0,2.19600009918213,0.0240000002086163,1,1,,0,,,0,0,0,0,0,0,0,0,0,0,0,0,0,,0,,
C_T_11102855_<NA>_<NA>_<NA>,,0,0,0,0,1,0,1,-2.4436974992327127,0.0,1,0,,,,0,-3.46199989318848,0.0,1,1,,0,,,0,0,0,0,0,0,0,0,0,0,0,0,0,,0,,
C_C_11104770_<NA>_<NA>_<NA>,,1,0,0,0,1,0,0,,,0,0,,,,0,,,0,0,,0,,,0,0,0,0,0,0,0,0,8119,0,0,0,0,,0,,
A_A_11105156_<NA>_<NA>_<NA>,,1,0,0,0,1,0,0,,,0,0,,,,0,,,0,0,,0,,,0,0,0,0,0,0,0,0,6542,0,0,0,0,,0,,
T_C_11105170_<NA>_<NA>_<NA>,,0,0,0,0,1,0,1,-0.8474059220725303,0.01,1,0,,,,0,-0.565999984741211,0.0,1,1,,0,,,0,0,0,0,0,0,0,0,0,0,0,0,0,,0,,
C_T_11105200_<NA>_<NA>_<NA>,,0,0,0,0,1,0,1,-3.6838199011065473,0.01,1,0,,,,0,-0.591000020503998,0.0,1,1,,0,,,0,0,0,0,0,0,0,0,0,0,0,0,0,,0,,
C_G_11105204_<NA>_<NA>_<NA>,,0,0,0,0,1,0,1,-4.832682665251824,0.01,1,0,,,,0,0.155000001192093,0.0,1,1,,0,,,0,0,0,0,0,0,0,0,0,0,0,0,0,,0,,
C_A_11105208_<NA>_<NA>_<NA>,,0,0,0,0,1,0,0,,0.01,1,0,,,,0,0.178000003099442,0.0,1,1,,0,,,0,0,0,0,0,0,0,0,0,0,0,0,0,,0,,
C_G_11105208_<NA>_<NA>_<NA>,,0,0,0,0,1,0,0,,0.0,1,0,,,,0,0.178000003099442,0.0,1,1,,0,,,0,0,0,0,0,0,0,0,0,0,0,0,0,,0,,
A_G_11105210_<NA>_<NA>_<NA>,,0,0,0,0,1,0,0,,0.0,1,0,,,,0,-3.12899994850159,0.0,1,1,,0,,,0,0,0,0,0,0,0,0,0,0,0,0,0,,0,,
A_T_11105210_<NA>_<NA>_<NA>,,0,0,0,0,1,0,1,-6.046095406586541,0.01,1,0,,,,0,-3.12899994850159,0.0,1,1,,0,,,0,0,0,0,0,0,0,0,0,0,0,0,0,,0,,
C_T_11105212_<NA>_<NA>_<NA>,,0,0,0,0,1,0,0,,0.0,1,0,,,,0,-1.28699994087219,0.0,1,1,,0,,,0,0,0,0,1,0,0,0,0,0,0,0,0,,0,,
C_T_11105213_<NA>_<NA>_<NA>,,0,0,0,0,1,0,1,-6.046095406586541,0.0,1,0,,,,0,0.665000021457672,0.0020000000949949,1,1,,0,,,0,0,0,0,1,0,0,0,0,0,0,0,0,,0,,
C_T_11105214_<NA>_<NA>_<NA>,,0,0,0,0,1,0,0,,0.0,1,0,,,,0,0.143999993801117,0.0,1,1,,0,,,0,0,0,0,1,0,0,0,0,0,0,0,0,,0,,
T_A_11105215_<NA>_<NA>_<NA>,,0,0,0,0,1,0,0,,0.83,1,0,,,,0,-2.34500002861023,0.0,1,1,,0,,,0,0,0,0,1,0,0,0,0,0,0,0,0,,0,,
T_C_11105215_<NA>_<NA>_<NA>,,0,0,0,0,1,0,1,-4.333762904104196,0.0,1,0,,,,0,-2.34500002861023,0.0,1,1,,0,,,0,0,0,0,1,0,0,0,0,0,0,0,0,,0,,
G_T_11105216_<NA>_<NA>_<NA>,,0,0,0,0,1,0,0,,0.01,1,0,,,,0,-3.20799994468689,0.0,1,1,,0,,,0,0,0,0,1,0,0,0,0,0,0,0,0,,0,,
A_C_11105218_<NA>_<NA>_<NA>,,1,0,0,0,0,0,1,-4.832682665251824,0.99,1,0,,,,0,4.63500022888184,1.0,1,1,,1,,,0,0,0,0,1,0,0,0,0,0,0,0,0,,0,,
A_G_11105218_<NA>_<NA>_<NA>,,1,0,0,0,0,0,0,,0.98,1,0,,,,0,4.63500022888184,1.0,1,1,,1,,,0,0,0,0,1,0,0,0,0,0,0,0,0,,0,,
A_T_11105218_<NA>_<NA>_<NA>,,1,0,0,0,0,0,0,,0.99,1,0,,,,0,4.63500022888184,1.0,1,1,,1,,,0,0,0,0,1,0,0,0,0,0,0,0,0,,0,,
G_A_11105219_<NA>_<NA>_<NA>,,1,0,0,0,0,0,0,,0.99,1,0,,,,0,5.07800006866455,1.0,1,1,,1,,,0,0,0,0,1,0,0,0,0,0,0,0,0,,0,,
G_G_11105219_Lys_107_fs,107.0,1,0,0,1,0,0,0,,,0,0,4.0,1.0,,0,,,0,0,1,1,1,0,0,0,0,0,0,1,1,1,1,0,0,0,0,,0,,
G_T_11105219_<NA>_<NA>_<NA>,,1,0,0,0,0,0,1,,0.99,1,0,,,,0,5.07800006866455,1.0,1,1,,1,,,0,0,0,0,1,0,0,0,0,0,0,0,0,,0,,
G_G_11105219_Lys_107_fs,107.0,1,0,0,1,0,0,0,,,0,0,4.0,1.0,,0,0.0480000004172325,0.0560000017285347,1,1,1,1,1,0,0,0,0,0,0,1,1,1,-1,0,0,0,0,,0,,
C_C_11105220_Pro_106_Asp,106.0,1,0,0,0,0,0,0,,,0,0,4.0,1.0,,0,,,0,0,1,0,1,0,0,0,0,0,1,1,1,1,-21,0,1,1,0,,0,,
C_C_11105221_Lys_107_fs,107.0,1,0,0,1,0,0,0,,,0,0,4.0,1.0,,0,,,0,0,1,1,1,0,0,0,0,0,0,1,1,1,-13,0,0,0,0,,0,,
C_C_11105222_Lys_107_fs,107.0,1,0,0,1,0,0,0,,,0,0,4.0,1.0,,0,,,0,0,1,1,1,0,0,0,0,0,0,1,1,1,-19,0,0,0,0,,0,,
C_C_11105224_Thr_108_fs,108.0,1,0,0,1,0,0,0,,,0,0,4.0,1.0,,0,,,0,0,1,1,1,0,0,0,0,0,0,1,1,1,1,0,0,0,0,,0,,
C_G_11105224_Pro_106_Pro,106.0,0,0,1,0,0,0,1,-3.753747687700678,0.0,1,0,4.0,1.0,,0,0.0480000004172325,0.0560000017285347,1,1,1,0,1,0,0,0,0,0,0,1,1,1,0,0,0,0,0,0.906857658,1,0.044814166,0.448141664
C_C_11105224_Lys_107_fs,107.0,1,0,0,1,0,0,0,,,0,0,4.0,1.0,,0,0.621999979019165,0.653999984264374,1,1,1,1,1,0,0,0,0,0,0,1,1,1,-1,0,0,0,0,,0,,
A_A_11105226_Cys_109_fs,109.0,1,0,0,1,0,0,0,,,0,0,4.0,1.0,,0,,,0,0,1,1,1,0,0,0,0,1,0,1,1,1,-13,0,0,0,0,,0,,
C_C_11105229_Cys_109_fs,109.0,1,0,0,1,0,0,0,,,0,0,4.0,1.0,,0,,,0,0,1,1,1,0,0,0,0,1,0,1,1,1,2,0,0,0,0,,0,,
G_A_11105230_Thr_108_Thr,108.0,0,0,1,0,0,0,1,-4.466355021201237,0.0,1,0,4.0,1.0,,0,-1.24000000953674,0.0010000000474974,1,1,1,0,1,0,0,0,0,0,0,1,1,1,0,0,0,0,0,0.980604263,1,0.041091811,0.318295803
G_C_11105230_Thr_108_Thr,108.0,0,0,1,0,0,0,1,-4.140261433802853,0.0,1,0,4.0,1.0,,0,-1.24000000953674,0.0010000000474974,1,1,1,0,1,0,0,0,0,0,0,1,1,1,0,0,0,0,0,0.980604263,1,0.041091811,0.318295803
G_T_11105230_Thr_108_Thr,108.0,0,0,1,0,0,0,1,-5.444059562181489,0.02,1,0,4.0,1.0,,0,-1.24000000953674,0.0010000000474974,1,1,1,0,1,0,0,0,0,0,0,1,1,1,0,0,0,0,0,0.980604263,1,0.041091811,0.318295803
G_T_11105230_Cys_109_Arg,109.0,1,1,0,0,0,0,0,,,0,0,4.0,1.0,,0,,,0,0,1,0,1,0,0,0,0,1,0,1,1,1,0,0,0,0,0,0.26860485,1,0.100366386,0.851637024
T_C_11105231_Cys_109_Arg,109.0,1,1,0,0,0,0,1,-5.444059562181489,0.0,1,0,4.0,1.0,0.958,1,4.98799991607666,1.0,1,1,1,0,1,0,0,0,0,1,0,1,1,1,0,0,0,0,0,0.26860485,1,0.100366386,0.851637024
T_G_11105231_Cys_109_Gly,109.0,1,1,0,0,0,0,0,,0.0,1,0,4.0,1.0,0.915,1,4.98799991607666,1.0,1,1,1,0,1,0,0,0,0,1,0,1,1,1,0,0,0,0,0,0.155667135,1,0.055535695,0.555356952
G_A_11105232_Cys_109_Tyr,109.0,1,1,0,0,0,0,1,-5.568958054664114,0.01,1,0,4.0,1.0,0.949,1,7.91499996185303,1.0,1,1,1,0,1,0,0,0,0,1,0,1,1,1,0,0,0,0,0,0.645475335,1,0.109994131,0.53885899
G_C_11105232_Cys_109_Ser,109.0,1,1,0,0,0,0,0,,0.01,1,0,4.0,1.0,0.913,1,7.91499996185303,1.0,1,1,1,0,1,0,0,0,0,1,0,1,1,1,0,0,0,0,0,0.262145616,1,0.071280477,0.683698316
G_G_11105232_Ser_110_fs,110.0,1,0,0,1,0,0,0,,,0,0,4.0,1.0,,0,,,0,0,1,1,1,0,0,0,0,0,0,1,1,1,1,0,0,0,0,,0,,
G_T_11105232_Cys_109_Phe,109.0,1,1,0,0,0,0,1,-6.046095406586541,0.04,1,0,4.0,1.0,0.951,1,7.91499996185303,1.0,1,1,1,0,1,0,0,0,0,1,0,1,1,1,0,0,0,0,0,0.089392041,1,0.064822594,0.518580751
C_A_11105233_Cys_109_Ter,109.0,1,0,0,0,0,0,0,,0.01,1,0,4.0,1.0,,0,0.006000000052154,0.0020000000949949,1,1,1,1,1,0,1,0,0,1,0,1,1,1,0,0,0,0,0,0.054094133,1,0.066395857,0.351333849
C_G_11105236_Ser_110_Ser,110.0,0,0,1,0,0,0,1,-5.568958054664114,0.04,1,0,4.0,1.0,,0,-1.12800002098083,0.0,1,1,1,0,1,0,0,0,0,0,0,1,1,1,0,0,0,0,0,0.863404011,1,0.122688743,0.884721106
C_T_11105236_Ser_110_Ser,110.0,0,0,1,0,0,0,0,,0.0,1,0,4.0,1.0,,0,-1.12800002098083,0.0,1,1,1,0,1,0,0,0,0,0,0,1,1,1,0,0,0,0,0,0.863404011,1,0.122688743,0.884721106
C_T_11105237_Gln_111_Ter,111.0,1,0,0,0,0,0,0,,0.03,1,0,4.0,1.0,,0,0.229000002145767,0.0,1,1,1,1,1,0,1,0,0,0,0,1,1,1,0,0,0,0,0,0.019165741,1,0.069351421,0.310148984
G_G_11105239_His_117_fs,117.0,1,0,0,1,0,0,0,,,0,0,4.0,1.0,,0,,,0,0,1,1,1,0,0,0,0,0,0,1,1,1,16,0,0,0,0,,0,,
G_G_11105239_Asp_112_fs,112.0,1,0,0,1,0,0,0,,,0,0,4.0,1.0,,0,,,0,0,1,1,1,0,0,0,0,0,0,1,1,1,-10,0,0,0,0,,0,,
C_C_11105242_Glu_113_fs,113.0,1,0,0,1,0,0,1,-4.650528200785614,,0,0,4.0,1.0,,0,,,0,0,1,1,1,0,0,0,0,0,0,1,1,1,1,0,0,0,0,,0,,
C_T_11105242_Asp_112_Asp,112.0,0,0,1,0,0,0,1,-3.820735535660975,0.02,1,0,4.0,1.0,,0,-3.40100002288818,0.0,1,1,1,0,1,0,0,0,0,0,0,1,1,1,0,0,0,0,0,1.018650367,1,0.039983245,0.22617939
G_A_11105243_Glu_113_Lys,113.0,1,1,0,0,0,0,1,-3.856672870007954,0.01,1,0,4.0,1.0,0.658,1,2.65100002288818,0.998000025749207,1,1,1,0,1,0,0,0,0,0,0,1,1,1,0,0,0,0,0,0.821276909,1,0.090408468,0.542450811
G_T_11105243_Glu_113_Ter,113.0,1,0,0,0,0,0,1,-4.721932669111338,0.09,1,0,4.0,1.0,,0,2.65100002288818,0.998000025749207,1,1,1,1,1,0,1,0,0,0,0,1,1,1,0,0,0,0,0,-0.100439172,1,0.033058033,0.280506714
G_G_11105243_Glu_113_fs,113.0,1,0,0,1,0,0,0,,,0,0,4.0,1.0,,0,,,0,0,1,1,1,0,0,0,0,0,0,1,1,1,-16,0,0,0,0,,0,,
A_A_11105244_Phe_114_fs,114.0,1,0,0,1,0,0,0,,,0,0,4.0,1.0,,0,,,0,0,1,1,1,0,0,0,0,0,0,1,1,1,1,0,0,0,0,,0,,
A_A_11105244_Phe_114_fs,114.0,1,0,0,1,0,0,0,,,0,0,4.0,1.0,,0,,,0,0,1,1,1,0,0,0,0,0,0,1,1,1,-5,0,0,0,0,,0,,
A_T_11105244_Glu_113_fs,113.0,1,0,0,1,0,0,0,,,0,0,4.0,1.0,,0,,,0,0,1,1,1,0,0,0,0,0,0,1,1,1,-5,0,0,0,0,,0,,
C_T_11105249_Arg_115_Cys,115.0,1,1,0,0,0,0,1,-3.8722474841670262,0.01,1,0,4.0,1.0,0.81,1,1.58500003814697,0.968999981880188,1,1,1,0,1,0,0,0,0,0,0,1,1,1,0,0,0,0,0,0.968910475,1,0.056576662,0.407980115
G_G_11105250_Cys_116_Ile,116.0,1,0,0,0,0,0,0,,,0,0,4.0,1.0,,0,,,0,0,1,0,1,0,0,0,0,1,0,1,1,1,-21,0,1,1,0,,0,,
C_G_11105251_Arg_115_Arg,115.0,0,0,1,0,0,0,1,-3.144541419613964,0.0,1,0,4.0,1.0,,0,-0.368000000715256,0.150000005960464,1,1,1,0,1,0,0,0,0,0,0,1,1,1,0,0,0,0,0,0.833392775,1,0.069630286,0.557042288
T_C_11105252_Cys_116_Arg,116.0,1,1,0,0,0,0,0,,0.01,1,0,4.0,1.0,0.965,1,7.87799978256226,1.0,1,1,1,0,1,0,0,0,0,1,0,1,1,1,0,0,0,0,0,-0.142518657,1,0.097582867,0.676073935
T_T_11105252_Cys_116_Tyr,116.0,1,0,0,0,0,0,0,,,0,0,4.0,1.0,,0,,,0,0,1,0,1,0,0,0,0,1,0,1,1,1,-3,0,1,1,1,,0,,
G_T_11105253_Cys_116_Phe,116.0,1,1,0,0,0,0,0,,0.01,1,0,4.0,1.0,0.933,1,9.82299995422363,1.0,1,1,1,0,1,0,0,0,0,1,0,1,1,1,0,0,0,0,0,0.722299703,1,0.15533112,0.439342753
C_A_11105254_Cys_116_Ter,116.0,1,0,0,0,0,0,0,,0.07,1,0,4.0,1.0,,0,3.11800003051758,0.994000017642975,1,1,1,1,1,0,1,0,0,1,0,1,1,1,0,0,0,0,0,-0.058106646,1,0.092050064,0.368200258
C_T_11105254_Cys_116_Cys,116.0,0,0,1,0,0,0,1,-6.046095406586541,0.05,1,0,4.0,1.0,,0,3.11800003051758,0.994000017642975,1,1,1,0,1,0,0,0,0,1,0,1,1,1,0,0,0,0,0,0.732431879,1,0.200897569,1.391859186
C_C_11105255_Gln_125_fs,125.0,1,0,0,1,0,0,0,,,0,0,4.0,1.0,,0,,,0,0,1,1,1,0,0,0,0,0,0,1,1,1,23,0,0,0,0,,0,,
C_T_11105255_His_117_Tyr,117.0,0,1,0,0,0,0,0,,0.0,1,0,4.0,1.0,0.651,1,-0.159999996423721,0.0,1,1,1,0,1,0,0,0,0,0,0,1,1,1,0,0,0,0,0,0.921786381,1,0.037191896,0.105194567
C_T_11105257_His_117_His,117.0,0,0,1,0,0,0,1,-3.4527176920366967,0.17,1,0,4.0,1.0,,0,-4.78999996185303,0.0,1,1,1,0,1,0,0,0,0,0,0,1,1,1,0,0,0,0,0,0.67203636,1,0.117754328,0.706525966
G_T_11105258_Asp_118_Tyr,118.0,1,1,0,0,0,0,1,-3.760950906859808,0.06,1,0,4.0,1.0,0.66,1,4.37200021743774,0.513999998569489,1,1,1,0,1,0,0,0,0,0,0,1,1,1,0,0,0,0,0,1.06311285,1,0.037683921,0.199404566
G_G_11105258_Asp_118_fs,118.0,1,0,0,1,0,0,0,,,0,0,4.0,1.0,,0,0.980000019073486,0.104000002145767,1,1,1,1,1,0,0,0,0,0,0,1,1,1,-1,0,0,0,0,,0,,
A_A_11105259_Asp_118_Glu,118.0,1,0,0,0,0,0,0,,,0,0,4.0,1.0,,0,,,0,0,1,0,1,0,0,0,0,0,0,1,1,1,-3,0,1,1,1,,0,,
A_A_11105259_Gly_119_fs,119.0,1,0,0,1,0,0,0,,,0,0,4.0,1.0,,0,,,0,0,1,1,1,0,0,0,0,0,0,1,1,1,-7,0,0,0,0,,0,,
T_C_11105260_Asp_118_Asp,118.0,0,0,1,0,0,0,1,-5.568958054664114,0.01,1,0,4.0,1.0,,0,-1.48300004005432,0.0,1,1,1,0,1,0,0,0,0,0,0,1,1,1,0,0,0,0,0,1.053250916,1,0.059310146,0.167754426
T_T_11105260_Lys_120_fs,120.0,1,0,0,1,0,0,0,,,0,0,4.0,1.0,,0,-1.02300000190735,0.0,1,1,1,1,1,0,0,0,0,0,0,1,1,1,-1,0,0,0,0,,0,,
A_A_11105264_Cys_121_Gln,121.0,1,0,0,0,0,0,0,,,0,0,4.0,1.0,,0,,,0,0,1,0,1,0,0,0,0,1,0,1,1,1,-15,0,1,1,0,,0,,
T_A_11105267_Cys_121_Ser,121.0,1,1,0,0,0,0,0,,0.03,1,0,4.0,1.0,0.963,1,7.92399978637695,1.0,1,1,1,0,1,0,0,0,0,1,0,1,1,1,0,0,0,0,0,0.765691865,1,0.057490409,0.344942453
T_C_11105267_Cys_121_Arg,121.0,1,1,0,0,0,0,0,,0.01,1,0,4.0,1.0,0.932,1,7.92399978637695,1.0,1,1,1,0,1,0,0,0,0,1,0,1,1,1,0,0,0,0,0,0.492479491,1,0.123738004,0.892287437
T_G_11105267_Cys_121_Gly,121.0,1,1,0,0,0,0,1,-4.598771832501887,0.02,1,0,4.0,1.0,0.968,1,7.92399978637695,1.0,1,1,1,0,1,0,0,0,0,1,0,1,1,1,0,0,0,0,0,0.040201314,1,0.072791672,0.524908215
G_A_11105268_Cys_121_Tyr,121.0,1,1,0,0,0,0,0,,0.01,1,0,4.0,1.0,0.954,1,9.88300037384033,1.0,1,1,1,0,1,0,0,0,0,1,0,1,1,1,0,0,0,0,0,0.905827928,1,0.033245348,0.13298139
G_C_11105268_Cys_121_Ser,121.0,1,1,0,0,0,0,0,,0.03,1,0,4.0,1.0,0.954,1,9.88300037384033,1.0,1,1,1,0,1,0,0,0,0,1,0,1,1,1,0,0,0,0,0,0.765691865,1,0.057490409,0.344942453
G_T_11105268_Cys_121_Phe,121.0,1,1,0,0,0,0,1,-5.744968836654449,0.04,1,0,4.0,1.0,0.958,1,9.88300037384033,1.0,1,1,1,0,1,0,0,0,0,1,0,1,1,1,0,0,0,0,0,0.942824943,1,0.100046721,0.447422536
C_T_11105269_Cys_121_Cys,121.0,0,0,1,0,0,0,0,,0.17,1,0,4.0,1.0,,0,0.0359999984502792,0.257999986410141,1,1,1,0,1,0,0,0,0,1,0,1,1,1,0,0,0,0,0,0.958444786,1,0.035964043,0.287712344
A_T_11105270_Ile_122_Phe,122.0,1,1,0,0,0,0,0,,0.11,1,0,4.0,1.0,0.795,1,0.601999998092651,0.300999999046326,1,1,1,0,1,0,0,0,0,0,0,1,1,1,0,0,0,0,0,0.7304763,1,0.055071304,0.397124819
A_A_11105270_Arg_124_fs,124.0,1,0,0,1,0,0,0,,,0,0,4.0,1.0,,0,,,0,0,1,1,1,0,0,0,0,0,0,1,1,1,-2,0,0,0,0,,0,,
T_T_11105271_Ser_123_fs,123.0,1,0,0,1,0,0,0,,,0,0,4.0,1.0,,0,,,0,0,1,1,1,0,0,0,0,0,0,1,1,1,1,0,0,0,0,,0,,
C_T_11105272_Ile_122_Ile,122.0,0,0,1,0,0,0,1,-3.820448208834813,0.02,1,0,4.0,1.0,,0,-0.614000022411346,0.006000000052154,1,1,1,0,1,0,0,0,0,0,0,1,1,1,0,0,0,0,0,1.016587607,1,0.041227617,0.247365702
T_A_11105273_Ser_123_Thr,123.0,0,1,0,0,0,0,0,,0.03,1,0,4.0,1.0,0.645,1,0.810000002384186,0.130999997258186,1,1,1,0,1,0,0,0,0,0,0,1,1,1,0,0,0,0,0,1.069664146,1,0.050399626,0.302397754
T_T_11105273_Arg_124_fs,124.0,1,0,0,1,0,0,0,,,0,0,4.0,1.0,,0,,,0,0,1,1,1,0,0,0,0,0,0,1,1,1,-25,0,0,0,0,,0,,
T_G_11105275_Ser_123_Ser,123.0,0,0,1,0,0,0,1,-4.090711475837749,0.03,1,0,4.0,1.0,,0,-2.86500000953674,0.0,1,1,1,0,1,0,0,0,0,0,0,1,1,1,0,0,0,0,0,0.929675485,1,0.076246318,0.30498527
T_T_11105275_Arg_124_fs,124.0,1,0,0,1,0,0,0,,,0,0,4.0,1.0,,0,,,0,0,1,1,1,0,0,0,0,0,0,1,1,1,1,0,0,0,0,,0,,
C_G_11105276_Arg_124_Gly,124.0,0,1,0,0,0,0,0,,0.03,1,0,4.0,1.0,0.591,1,0.0149999996647239,0.0,1,1,1,0,1,0,0,0,0,0,0,1,1,1,0,0,0,0,0,0.977067125,1,0.032416556,0.215027109
G_G_11105277_Gln_125_fs,125.0,1,0,0,1,0,0,0,,,0,0,4.0,1.0,,0,,,0,0,1,1,1,0,0,0,0,0,0,1,1,1,1,0,0,0,0,,0,,
G_T_11105278_Arg_124_Arg,124.0,0,0,1,0,0,0,0,,0.01,1,0,4.0,1.0,,0,-0.448000013828278,0.0,1,1,1,0,1,0,0,0,0,0,0,1,1,1,0,0,0,0,0,0.853179151,1,0.100100445,0.663991236
C_C_11105279_Gln_125_Ter,125.0,1,0,0,1,0,0,0,,,0,0,4.0,1.0,,0,,,0,0,1,1,1,0,1,1,0,0,0,1,1,1,4,0,1,0,1,,0,,
C_T_11105279_Gln_125_Ter,125.0,1,0,0,0,0,0,1,-6.046095406586541,0.01,1,0,4.0,1.0,,0,-0.206000000238419,0.0,1,1,1,1,1,0,1,0,0,0,0,1,1,1,0,0,0,0,0,-0.106457072,1,0.055867845,0.193531892
C_A_11105279_Gln_125_fs,125.0,1,0,0,1,0,0,0,,,0,0,4.0,1.0,,0,,,0,0,1,1,1,0,0,0,0,0,0,1,1,1,-4,0,0,0,0,,0,,
G_A_11105281_Gln_125_Gln,125.0,0,0,1,0,0,0,0,,0.03,1,0,4.0,1.0,,0,-0.497999995946884,0.0,1,1,1,0,1,0,0,0,0,0,0,1,1,1,0,0,0,0,0,,0,,
T_C_11105282_Phe_126_Leu,126.0,1,1,0,0,0,0,0,,0.02,1,0,4.0,1.0,0.914,1,7.92399978637695,1.0,1,1,1,0,1,0,0,0,0,0,0,1,1,1,0,0,0,0,0,0.570820816,1,0.351540184,1.72218815
T_A_11105283_Phe_126_Tyr,126.0,1,1,0,0,0,0,0,,0.02,1,0,4.0,1.0,0.788,1,6.02899980545044,1.0,1,1,1,0,1,0,0,0,0,0,0,1,1,1,0,0,0,0,0,1.094407009,1,0.037367571,0.129445061
T_C_11105283_Phe_126_Ser,126.0,1,1,0,0,0,0,0,,0.02,1,0,4.0,1.0,0.889,1,6.02899980545044,1.0,1,1,1,0,1,0,0,0,0,0,0,1,1,1,0,0,0,0,0,0.208549322,1,0.083207555,0.600018211
T_T_11105283_Phe_126_fs,126.0,1,0,0,1,0,0,0,,,0,0,4.0,1.0,,0,-1.84800004959106,0.0,1,1,1,1,1,0,0,0,0,0,0,1,1,1,-1,0,0,0,0,,0,,
C_A_11105284_Phe_126_Leu,126.0,1,1,0,0,0,0,0,,0.02,1,0,4.0,1.0,0.652,1,-1.84800004959106,0.0,1,1,1,0,1,0,0,0,0,0,0,1,1,1,0,0,0,0,0,0.570820816,1,0.351540184,1.72218815
C_T_11105284_Phe_126_Phe,126.0,0,0,1,0,0,0,1,-4.832682665251824,0.01,1,0,4.0,1.0,,0,-1.84800004959106,0.0,1,1,1,0,1,0,0,0,0,0,0,1,1,1,0,0,0,0,0,0.667454814,1,0.206942701,1.013808045
C_C_11105284_Val_127_fs,127.0,1,0,0,1,0,0,0,,,0,0,4.0,1.0,,0,4.13899993896484,1.0,1,1,1,1,1,0,0,0,0,0,0,1,1,1,-1,0,0,0,0,,0,,
T_A_11105286_Val_127_Asp,127.0,1,1,0,0,0,0,0,,0.0,1,0,4.0,1.0,0.786,1,4.17799997329712,1.0,1,1,1,0,1,0,0,0,0,0,0,1,1,1,0,0,0,0,0,-0.133099706,1,0.018992646,0.075970584
C_T_11105287_Val_127_Val,127.0,0,0,1,0,0,0,0,,0.0,1,0,4.0,1.0,,0,0.0689999982714653,0.964999973773956,1,1,1,0,1,0,0,0,0,0,0,1,1,1,0,0,0,0,0,1.067835284,1,0.062500897,0.375005382
C_C_11105287_Cys_128_fs,128.0,1,0,0,1,0,0,0,,,0,0,4.0,1.0,,0,7.92399978637695,1.0,1,1,1,1,1,0,0,0,0,1,0,1,1,1,-1,0,0,0,0,,0,,
C_C_11105287_Cys_128_fs,128.0,1,0,0,1,0,0,0,,,0,0,4.0,1.0,,0,,,0,0,1,1,1,0,0,0,0,1,0,1,1,1,-4,0,0,0,0,,0,,
T_C_11105288_Cys_128_Arg,128.0,1,1,0,0,0,0,0,,0.01,1,0,4.0,1.0,0.97,1,7.92399978637695,1.0,1,1,1,0,1,0,0,0,0,1,0,1,1,1,0,0,0,0,0,0.117636237,1,0.097482336,0.729491006
G_A_11105289_Cys_128_Tyr,128.0,1,1,0,0,0,0,0,,0.0,1,0,4.0,1.0,0.969,1,9.88300037384033,1.0,1,1,1,0,1,0,0,0,0,1,0,1,1,1,0,0,0,0,0,0.367423084,1,0.450075904,1.559108665
G_C_11105289_Cys_128_Ser,128.0,1,1,0,0,0,0,0,,0.01,1,0,4.0,1.0,0.961,1,9.88300037384033,1.0,1,1,1,0,1,0,0,0,0,1,0,1,1,1,0,0,0,0,0,0.029682006,1,0.061924901,0.446546809
G_T_11105289_Cys_128_Phe,128.0,1,1,0,0,0,0,0,,0.02,1,0,4.0,1.0,0.978,1,9.88300037384033,1.0,1,1,1,0,1,0,0,0,0,1,0,1,1,1,0,0,0,0,0,0.054796676,1,0.084159399,0.583073419
A_G_11105292_Asp_129_Gly,129.0,1,1,0,0,0,0,0,,0.01,1,0,4.0,1.0,0.976,1,9.21500015258789,1.0,1,1,1,0,1,0,0,0,0,0,0,1,1,1,0,0,0,0,0,0.045650698,1,0.054815569,0.395280687
T_T_11105294_Asp_131_fs,131.0,1,0,0,1,0,0,1,-4.598771832501887,,0,0,4.0,1.0,,0,,,0,0,1,1,1,0,0,0,0,0,0,1,1,1,1,0,0,0,0,,0,,
C_G_11105295_Ser_130_Ter,130.0,1,0,0,0,0,0,0,,0.0,1,0,4.0,1.0,,0,-0.189999997615814,0.0,1,1,1,1,1,0,1,0,0,0,0,1,1,1,0,0,0,0,0,0.037174002,1,0.047776773,0.302166844
C_A_11105300_Arg_132_Arg,132.0,0,0,1,0,0,0,1,-4.333762904104196,0.06,1,0,4.0,1.0,,0,-1.71300005912781,0.0,1,1,1,0,1,0,0,0,0,0,0,1,1,1,0,0,0,0,0,0.980691845,1,0.024076091,0.166804053
C_C_11105300_Asp_133_fs,133.0,1,0,0,1,0,0,0,,,0,0,4.0,1.0,,0,,,0,0,1,1,1,0,0,0,0,0,0,1,1,1,1,0,0,0,0,,0,,
C_C_11105300_Asp_133_fs,133.0,1,0,0,1,0,0,0,,,0,0,4.0,1.0,,0,8.02400016784668,1.0,1,1,1,1,1,0,0,0,0,0,0,1,1,1,-1,0,0,0,0,,0,,
G_A_11105302_Arg_132_Arg,132.0,0,0,1,0,0,0,1,-4.524764777395872,0.0,1,0,4.0,1.0,,0,-2.91700005531311,0.0,1,1,1,0,1,0,0,0,0,0,0,1,1,1,0,0,0,0,0,0.980691845,1,0.024076091,0.166804053
G_C_11105303_Asp_133_His,133.0,1,1,0,0,0,0,0,,0.0,1,0,4.0,1.0,0.934,1,8.02400016784668,1.0,1,1,1,0,1,0,0,0,0,0,0,1,1,1,0,0,0,0,0,,0,,
G_T_11105303_Asp_133_Tyr,133.0,1,1,0,0,0,0,0,,0.01,1,0,4.0,1.0,0.944,1,8.02400016784668,1.0,1,1,1,0,1,0,0,0,0,0,0,1,1,1,0,0,0,0,0,-0.08966827,1,0.083658822,0.289802659
C_T_11105305_Asp_133_Asp,133.0,0,0,1,0,0,0,1,-5.444059562181489,0.0,1,0,4.0,1.0,,0,2.20000004768372,1.0,1,1,1,0,1,0,0,0,0,0,0,1,1,1,0,0,0,0,0,0.935117106,1,0.067403838,0.447106481
T_A_11105306_Cys_134_Ser,134.0,1,1,0,0,0,0,0,,0.0,1,0,4.0,1.0,0.936,1,7.92399978637695,1.0,1,1,1,0,1,0,0,0,0,1,0,1,1,1,0,0,0,0,0,-0.033457197,1,0.037816755,0.200107457
T_C_11105306_Cys_134_Arg,134.0,1,1,0,0,0,0,1,-6.046095406586541,0.0,1,0,4.0,1.0,0.94,1,7.92399978637695,1.0,1,1,1,0,1,0,0,0,0,1,0,1,1,1,0,0,0,0,0,-0.061990571,1,0.152457182,0.52812717
G_A_11105307_Cys_134_Tyr,134.0,1,1,0,0,0,0,0,,0.0,1,0,4.0,1.0,0.932,1,9.88300037384033,1.0,1,1,1,0,1,0,0,0,0,1,0,1,1,1,0,0,0,0,0,0.016265463,1,0.043754485,0.247512746
G_T_11105307_Cys_134_Phe,134.0,1,1,0,0,0,0,0,,0.01,1,0,4.0,1.0,0.929,1,9.88300037384033,1.0,1,1,1,0,1,0,0,0,0,1,0,1,1,1,0,0,0,0,0,0.074461762,1,0.049345952,0.312091203
C_G_11105308_Cys_134_Trp,134.0,1,1,0,0,0,0,0,,0.0,1,0,4.0,1.0,0.773,1,-0.116999998688698,0.0010000000474974,1,1,1,0,1,0,0,0,0,1,0,1,1,1,0,0,0,0,0,-0.078324526,1,0.024171379,0.180882039
C_T_11105308_Cys_134_Cys,134.0,0,0,1,0,0,0,1,-5.568958054664114,0.0,1,0,4.0,1.0,,0,-0.116999998688698,0.0010000000474974,1,1,1,0,1,0,0,0,0,1,0,1,1,1,0,0,0,0,0,0.987142446,1,0.036082042,0.279490294
T_C_11105309_Leu_135_Leu,135.0,0,0,1,0,0,0,0,,0.0,1,0,4.0,1.0,,0,-4.17899990081787,0.0,1,1,1,0,1,0,0,0,0,0,0,1,1,1,0,0,0,0,0,-0.039690571,1,0.110194256,0.492803693
A_T_11105313_Asp_136_Val,136.0,1,1,0,0,0,0,0,,0.04,1,0,4.0,1.0,0.981,1,9.21500015258789,1.0,1,1,1,0,1,0,0,0,0,0,0,1,1,1,0,0,0,0,0,0.665871745,1,0.147675863,0.933984162
C_T_11105314_Asp_136_Asp,136.0,0,0,1,0,0,0,1,-3.571379327328061,0.01,1,0,4.0,1.0,,0,-0.472000002861023,0.188999995589256,1,1,1,0,1,0,0,0,0,0,0,1,1,1,0,0,0,0,0,1.097071169,1,0.044194565,0.250002212
C_C_11105314_Gly_137_fs,137.0,1,0,0,1,0,0,0,,,0,0,4.0,1.0,,0,9.88300037384033,1.0,1,1,1,1,1,0,0,0,0,0,0,1,1,1,-1,0,0,0,0,,0,,
C_A_11105319_Ser_138_Ter,138.0,1,0,0,0,0,0,0,,0.01,1,0,4.0,1.0,,0,1.71000003814697,0.120999999344349,1,1,1,1,1,0,1,0,0,0,0,1,1,1,0,0,0,0,0,-0.02396615,1,0.097746923,0.58648154
C_G_11105319_Ser_138_Ter,138.0,1,0,0,0,0,0,1,-4.634699251362012,0.01,1,0,4.0,1.0,,0,1.71000003814697,0.120999999344349,1,1,1,1,1,0,1,0,0,0,0,1,1,1,0,0,0,0,0,-0.02396615,1,0.097746923,0.58648154
C_C_11105319_Asp_139_fs,139.0,1,0,0,1,0,0,0,,,0,0,4.0,1.0,,0,,,0,0,1,1,1,0,0,0,0,0,0,1,1,1,-2,0,0,0,0,,0,,
C_C_11105319_Asp_139_fs,139.0,1,0,0,1,0,0,0,,,0,0,4.0,1.0,,0,,,0,0,1,1,1,0,0,0,0,0,0,1,1,1,-5,0,0,0,0,,0,,
G_A_11105321_Asp_139_Asn,139.0,1,1,0,0,0,0,1,-6.046095406586541,0.0,1,0,4.0,1.0,0.81,1,9.88300037384033,1.0,1,1,1,0,1,0,0,0,0,0,0,1,1,1,0,0,0,0,0,0.285694353,1,0.109616769,0.490221093
G_C_11105321_Asp_139_His,139.0,1,1,0,0,0,0,0,,0.01,1,0,4.0,1.0,0.96,1,9.88300037384033,1.0,1,1,1,0,1,0,0,0,0,0,0,1,1,1,0,0,0,0,0,0.061998209,1,0.080708164,0.360937882
A_G_11105322_Asp_139_Gly,139.0,1,1,0,0,0,0,0,,0.03,1,0,4.0,1.0,0.981,1,9.21500015258789,1.0,1,1,1,0,1,0,0,0,0,0,0,1,1,1,0,0,0,0,0,-0.154479204,1,0.018550728,0.111304368
A_T_11105322_Asp_139_Val,139.0,1,1,0,0,0,0,0,,0.01,1,0,4.0,1.0,0.984,1,9.21500015258789,1.0,1,1,1,0,1,0,0,0,0,0,0,1,1,1,0,0,0,0,0,-0.034325013,1,0.066723804,0.353069184
C_A_11105323_Asp_139_Glu,139.0,1,1,0,0,0,0,0,,0.01,1,0,4.0,1.0,0.883,1,-0.18299999833107,0.559000015258789,1,1,1,0,1,0,0,0,0,0,0,1,1,1,0,0,0,0,0,0.092249228,1,0.100693087,0.569606116
C_G_11105323_Asp_139_Glu,139.0,1,1,0,0,0,0,1,-6.046095406586541,0.01,1,0,4.0,1.0,0.883,1,-0.18299999833107,0.559000015258789,1,1,1,0,1,0,0,0,0,0,0,1,1,1,0,0,0,0,0,0.092249228,1,0.100693087,0.569606116
C_T_11105323_Asp_139_Asp,139.0,0,0,1,0,0,0,1,-4.048468209457652,0.01,1,0,4.0,1.0,,0,-0.18299999833107,0.559000015258789,1,1,1,0,1,0,0,0,0,0,0,1,1,1,0,0,0,0,0,0.710925701,1,0.120487835,0.799225882
G_A_11105324_Glu_140_Lys,140.0,1,1,0,0,0,0,1,-4.598771832501887,0.0,1,0,4.0,1.0,0.965,1,9.88300037384033,1.0,1,1,1,0,1,0,0,0,0,0,0,1,1,1,0,0,0,0,0,0.121835026,1,0.166355421,0.665421683
G_T_11105324_Glu_140_Ter,140.0,1,0,0,0,0,0,1,-5.744968836654449,0.01,1,0,4.0,1.0,,0,9.88300037384033,1.0,1,1,1,1,1,0,1,0,0,0,0,1,1,1,0,0,0,0,0,0.034963554,1,0.035147487,0.272251264
A_G_11105325_Glu_140_Gly,140.0,1,1,0,0,0,0,1,-6.046095406586541,0.03,1,0,4.0,1.0,0.979,1,9.21500015258789,1.0,1,1,1,0,1,0,0,0,0,0,0,1,1,1,0,0,0,0,0,0.054010167,1,0.081690554,0.51665643
G_C_11105326_Glu_140_Asp,140.0,1,1,0,0,0,0,0,,0.01,1,0,4.0,1.0,0.853,1,2.0460000038147,0.999000012874603,1,1,1,0,1,0,0,0,0,0,0,1,1,1,0,0,0,0,0,0.117995125,1,0.081400577,0.398779759
G_T_11105326_Glu_140_Asp,140.0,1,1,0,0,0,0,0,,0.01,1,0,4.0,1.0,0.853,1,2.0460000038147,0.999000012874603,1,1,1,0,1,0,0,0,0,0,0,1,1,1,0,0,0,0,0,0.117995125,1,0.081400577,0.398779759
G_G_11105326_Ser_142_fs,142.0,1,0,0,1,0,0,0,,,0,0,4.0,1.0,,0,,,0,0,1,1,1,0,0,0,0,0,0,1,1,1,-7,0,0,0,0,,0,,
C_T_11105329_Ala_141_Ala,141.0,0,0,1,0,0,0,0,,0.0,1,0,4.0,1.0,,0,-1.932000041008,0.0,1,1,1,0,1,0,0,0,0,0,0,1,1,1,0,0,0,0,0,1.046672857,1,0.02439854,0.195188322
T_A_11105333_Cys_143_Ser,143.0,1,1,0,0,0,0,0,,0.0,1,0,4.0,1.0,0.954,1,7.91300010681152,1.0,1,1,1,0,1,0,0,0,0,1,0,1,1,1,0,0,0,0,0,0.193164651,1,0.080685729,0.559007128
T_C_11105333_Cys_143_Arg,143.0,1,1,0,0,0,0,1,-6.046095406586541,0.0,1,0,4.0,1.0,0.958,1,7.91300010681152,1.0,1,1,1,0,1,0,0,0,0,1,0,1,1,1,0,0,0,0,0,0.014222526,1,0.064869902,0.430298247
T_G_11105333_Cys_143_Gly,143.0,1,1,0,0,0,0,1,-4.598771832501887,0.01,1,0,4.0,1.0,0.96,1,7.91300010681152,1.0,1,1,1,0,1,0,0,0,0,1,0,1,1,1,0,0,0,0,0,0.151584782,1,0.096916817,0.581500903
G_A_11105334_Cys_143_Tyr,143.0,1,1,0,0,0,0,1,-6.046095406586541,0.02,1,0,4.0,1.0,0.956,1,7.87400007247925,1.0,1,1,1,0,1,0,0,0,0,1,0,1,1,1,0,0,0,0,0,-0.017008469,1,0.053519908,0.262192934
G_C_11105334_Cys_143_Ser,143.0,1,1,0,0,0,0,0,,0.01,1,0,4.0,1.0,0.941,1,7.87400007247925,1.0,1,1,1,0,1,0,0,0,0,1,0,1,1,1,0,0,0,0,0,0.193164651,1,0.080685729,0.559007128
G_T_11105334_Cys_143_Phe,143.0,1,1,0,0,0,0,1,,0.01,1,0,4.0,1.0,0.952,1,7.87400007247925,1.0,1,1,1,0,1,0,0,0,0,1,0,1,1,1,0,0,0,0,0,0.205772591,1,0.169753882,0.588044698
C_A_11105335_Cys_143_Ter,143.0,1,0,0,0,0,0,1,-5.091890459607448,0.13,1,0,4.0,1.0,,0,0.243000000715256,0.0130000002682209,1,1,1,1,1,0,1,0,0,1,0,1,1,1,0,0,0,0,0,-0.125323032,1,0.046485486,0.294000028
C_C_11105336_Leu_146_fs,146.0,1,0,0,1,0,0,0,,,0,0,4.0,1.0,,0,,,0,0,1,1,1,0,0,0,0,0,0,1,1,1,4,0,0,0,0,,0,,
C_C_11105337_Val_145_fs,145.0,1,0,0,1,0,0,0,,,0,0,4.0,1.0,,0,,,0,0,1,1,1,0,0,0,0,0,0,1,1,1,1,0,0,0,0,,0,,
G_A_11105338_Pro_144_Pro,144.0,0,0,1,0,0,0,1,-4.183825009571199,0.03,1,0,4.0,1.0,,0,-4.64900016784668,0.0,1,1,1,0,1,0,0,0,0,0,0,1,1,1,0,0,0,0,0,0.985574099,1,0.031497511,0.188985063
G_C_11105338_Pro_144_Pro,144.0,0,0,1,0,0,0,1,-4.780939667551139,0.03,1,0,4.0,1.0,,0,-4.64900016784668,0.0,1,1,1,0,1,0,0,0,0,0,0,1,1,1,0,0,0,0,0,0.985574099,1,0.031497511,0.188985063
G_T_11105338_Pro_144_Pro,144.0,0,0,1,0,0,0,0,,0.05,1,0,4.0,1.0,,0,-4.64900016784668,0.0,1,1,1,0,1,0,0,0,0,0,0,1,1,1,0,0,0,0,0,0.985574099,1,0.031497511,0.188985063
C_A_11105344_Leu_146_Leu,146.0,0,0,1,0,0,0,1,-4.650528200785614,0.13,1,0,4.0,1.0,,0,-0.221000000834465,0.0010000000474974,1,1,1,0,1,0,0,0,0,0,0,1,1,1,0,0,0,0,0,0.994101861,1,0.024398895,0.175942936
C_T_11105344_Leu_146_Leu,146.0,0,0,1,0,0,0,1,-4.935916564036404,0.01,1,0,4.0,1.0,,0,-0.221000000834465,0.0010000000474974,1,1,1,0,1,0,0,0,0,0,0,1,1,1,0,0,0,0,0,0.994101861,1,0.024398895,0.175942936
A_A_11105345_Ala_151_fs,151.0,1,0,0,1,0,0,0,,,0,0,4.0,1.0,,0,,,0,0,1,1,1,0,0,0,0,0,0,1,1,1,11,0,0,0,0,,0,,
C_T_11105346_Thr_147_Ile,147.0,1,1,0,0,0,0,0,,0.0,1,0,4.0,1.0,0.811,1,5.71400022506714,0.995999991893768,1,1,1,0,1,0,0,0,0,0,0,1,1,1,0,0,0,0,0,0.789696775,1,0.075916474,0.568106872
C_C_11105346_Cys_148_Asp,148.0,1,0,0,0,0,0,0,,,0,0,4.0,1.0,,0,,,0,0,1,0,1,0,0,0,0,1,0,1,1,1,-63,0,1,1,0,,0,,
C_T_11105347_Thr_147_Thr,147.0,0,0,1,0,0,0,1,-4.524764777395872,0.04,1,0,4.0,1.0,,0,-0.537000000476837,0.0379999987781048,1,1,1,0,1,0,0,0,0,0,0,1,1,1,0,0,0,0,0,1.010073593,1,0.022877959,0.242117556
T_C_11105348_Cys_148_Arg,148.0,1,1,0,0,0,0,0,,0.03,1,0,4.0,1.0,0.936,1,7.86700010299683,1.0,1,1,1,0,1,0,0,0,0,1,0,1,1,1,0,0,0,0,0,-0.136138611,1,0.037271786,0.247233062
T_A_11105348_Cys_148_fs,148.0,1,0,0,1,0,0,0,,,0,0,4.0,1.0,,0,,,0,0,1,1,1,0,0,0,0,1,0,1,1,1,-62,0,0,0,0,,0,,
G_A_11105349_Cys_148_Tyr,148.0,1,1,0,0,0,0,1,-3.382894769497622,0.01,1,0,4.0,1.0,0.903,1,9.86900043487549,1.0,1,1,1,0,1,0,0,0,0,1,0,1,1,1,0,0,0,0,0,0.002705996,1,0.039762362,0.238574171
G_C_11105349_Cys_148_Ser,148.0,1,1,0,0,0,0,0,,0.05,1,0,4.0,1.0,0.885,1,9.86900043487549,1.0,1,1,1,0,1,0,0,0,0,1,0,1,1,1,0,0,0,0,0,0.032403358,1,0.027683643,0.287696861
T_G_11105350_Cys_148_Trp,148.0,1,1,0,0,0,0,0,,0.05,1,0,4.0,1.0,0.777,1,-0.319999992847443,0.0,1,1,1,0,1,0,0,0,0,1,0,1,1,1,0,0,0,0,0,-0.073868597,1,0.058532512,0.286749577
T_C_11105353_Gly_149_Gly,149.0,0,0,1,0,0,0,1,-4.524764777395872,0.04,1,0,4.0,1.0,,0,-0.236000001430511,0.0,1,1,1,0,1,0,0,0,0,0,0,1,1,1,0,0,0,0,0,1.035542939,1,0.04905914,0.294354839
T_T_11105353_Ala_151_fs,151.0,1,0,0,1,0,0,0,,,0,0,4.0,1.0,,0,,,0,0,1,1,1,0,0,0,0,0,0,1,1,1,1,0,0,0,0,,0,,
C_C_11105354_Ala_151_Ala,151.0,1,0,0,0,0,0,0,,,0,0,4.0,1.0,,0,,,0,0,1,0,1,0,0,0,0,0,0,1,1,1,-3,0,1,1,0,0.156102943,1,0.050918126,0.619445733
C_T_11105356_Pro_150_Pro,150.0,0,0,1,0,0,0,1,-3.3201180578871377,0.01,1,0,4.0,1.0,,0,-6.69600009918213,0.0,1,1,1,0,1,0,0,0,0,0,0,1,1,1,0,0,0,0,0,0.502648201,1,0.6269098,3.07121825
G_A_11105357_Ala_151_Thr,151.0,0,1,0,0,0,0,1,-3.899974269892138,0.02,1,0,4.0,1.0,0.576,1,0.061999998986721,0.0,1,1,1,0,1,0,0,0,0,0,0,1,1,1,0,0,0,0,0,0.874709953,1,0.084405034,0.631629435
T_G_11105363_Phe_153_Val,153.0,1,1,0,0,0,0,0,,0.05,1,0,4.0,1.0,0.973,1,7.91300010681152,1.0,1,1,1,0,1,0,0,0,0,0,0,1,1,1,0,0,0,0,0,0.875699081,1,0.063965601,0.361844079
T_T_11105363_Gln_154_fs,154.0,1,0,0,1,0,0,0,,,0,0,4.0,1.0,,0,,,0,0,1,1,1,0,0,0,0,0,0,1,1,1,-14,0,0,0,0,,0,,
T_G_11105364_Phe_153_Cys,153.0,1,1,0,0,0,0,0,,0.05,1,0,4.0,1.0,0.978,1,6.1399998664856,1.0,1,1,1,0,1,0,0,0,0,0,0,1,1,1,0,0,0,0,0,0.00463731,1,0.168343928,0.673375712
T_T_11105364_Gln_154_fs,154.0,1,0,0,1,0,0,0,,,0,0,4.0,1.0,,0,5.93400001525879,1.0,1,1,1,1,1,0,0,0,0,0,0,1,1,1,-1,0,0,0,0,,0,,
C_T_11105366_Gln_154_Ter,154.0,1,0,0,0,0,0,0,,0.02,1,0,4.0,1.0,,0,5.93400001525879,1.0,1,1,1,1,1,0,1,0,0,0,0,1,1,1,0,0,0,0,0,0.239120827,1,0.276333259,1.462218166
G_A_11105368_Gln_154_Gln,154.0,0,0,1,0,0,0,0,,0.05,1,0,4.0,1.0,,0,0.352999985218048,0.996999979019165,1,1,1,0,1,0,0,0,0,0,0,1,1,1,0,0,0,0,0,,0,,
T_C_11105369_Cys_155_Arg,155.0,1,1,0,0,0,0,0,,0.01,1,0,4.0,1.0,0.926,1,7.91300010681152,1.0,1,1,1,0,1,0,0,0,0,1,0,1,1,1,0,0,0,0,0,0.148221523,1,0.091022945,0.315312732
T_G_11105369_Cys_155_Gly,155.0,1,1,0,0,0,0,0,,0.09,1,0,4.0,1.0,0.923,1,7.91300010681152,1.0,1,1,1,0,1,0,0,0,0,1,0,1,1,1,0,0,0,0,0,-0.066183921,1,0.025177173,0.19502154
G_A_11105370_Cys_155_Tyr,155.0,1,1,0,0,0,0,0,,0.02,1,0,4.0,1.0,0.872,1,9.86900043487549,1.0,1,1,1,0,1,0,0,0,0,1,0,1,1,1,0,0,0,0,0,-0.040448775,1,0.072491995,0.289967978
G_G_11105370_Pro_162_fs,162.0,1,0,0,1,0,0,0,,,0,0,4.0,1.0,,0,,,0,0,1,1,1,0,0,0,0,0,0,1,1,1,19,0,0,0,0,,0,,
G_T_11105370_Cys_155_Phe,155.0,1,1,0,0,0,0,0,,0.02,1,0,4.0,1.0,0.871,1,9.86900043487549,1.0,1,1,1,0,1,0,0,0,0,1,0,1,1,1,0,0,0,0,0,0.133504257,1,0.107834221,0.528277636
C_A_11105371_Cys_155_Ter,155.0,1,0,0,0,0,0,1,-6.046095406586541,0.05,1,0,4.0,1.0,,0,2.23699998855591,1.0,1,1,1,1,1,0,1,0,0,1,0,1,1,1,0,0,0,0,0,-0.024021007,1,0.026564965,0.118802134
C_C_11105371_Asn_156_fs,156.0,1,0,0,1,0,0,0,,,0,0,4.0,1.0,,0,5.28800010681152,1.0,1,1,1,1,1,0,0,0,0,0,0,1,1,1,-1,0,0,0,0,,0,,
C_C_11105374_Ser_157_fs,157.0,1,0,0,1,0,0,0,,,0,0,4.0,1.0,,0,,,0,0,1,1,1,0,0,0,0,0,0,1,1,1,2,0,0,0,0,,0,,
G_A_11105376_Ser_157_Asn,157.0,1,1,0,0,0,0,1,-3.7155692661554807,0.02,1,0,4.0,1.0,0.172,1,-0.28099998831749,0.0,1,1,1,0,1,0,0,0,0,0,0,1,1,1,0,0,0,0,0,1.19678383,1,0.137261167,0.388233209
C_C_11105377_Ser_158_fs,158.0,1,0,0,1,0,0,0,,,0,0,4.0,1.0,,0,-0.275000005960464,0.0,1,1,1,1,1,0,0,0,0,0,0,1,1,1,-1,0,0,0,0,,0,,
C_G_11105379_Ser_158_Cys,158.0,1,1,0,0,0,0,0,,0.01,1,0,4.0,1.0,0.41,1,0.91100001335144,0.0,1,1,1,0,1,0,0,0,0,0,0,1,1,1,0,0,0,0,0,0.935443316,1,0.060265555,0.241062219
C_T_11105380_Ser_158_Ser,158.0,0,0,1,0,0,0,0,,0.02,1,0,4.0,1.0,,0,-2.84800004959106,0.0,1,1,1,0,1,0,0,0,0,0,0,1,1,1,0,0,0,0,0,1.006789426,1,0.029328344,0.248859249
C_T_11105382_Thr_159_Ile,159.0,0,1,0,0,0,0,0,,0.04,1,0,4.0,1.0,0.502,1,-1.33299994468689,0.0,1,1,1,0,1,0,0,0,0,0,0,1,1,1,0,0,0,0,0,0.981488197,1,0.064807891,0.259231564
C_C_11105382_Ile_161_fs,161.0,1,0,0,1,0,0,0,,,0,0,4.0,1.0,,0,,,0,0,1,1,1,0,0,0,0,0,0,1,1,1,-13,0,0,0,0,,0,,
C_A_11105383_Thr_159_Thr,159.0,0,0,1,0,0,0,0,,0.01,1,0,4.0,1.0,,0,-1.82099997997284,0.0,1,1,1,0,1,0,0,0,0,0,0,1,1,1,0,0,0,0,0,1.037206494,1,0.068545565,0.454679842
C_G_11105383_Thr_159_Thr,159.0,0,0,1,0,0,0,0,,0.02,1,0,4.0,1.0,,0,-1.82099997997284,0.0,1,1,1,0,1,0,0,0,0,0,0,1,1,1,0,0,0,0,0,1.037206494,1,0.068545565,0.454679842
C_T_11105383_Thr_159_Thr,159.0,0,0,1,0,0,0,0,,0.07,1,0,4.0,1.0,,0,-1.82099997997284,0.0,1,1,1,0,1,0,0,0,0,0,0,1,1,1,0,0,0,0,0,1.037206494,1,0.068545565,0.454679842
T_A_11105384_Cys_160_Ser,160.0,1,1,0,0,0,0,0,,0.03,1,0,4.0,1.0,0.941,1,7.91300010681152,1.0,1,1,1,0,1,0,0,0,0,1,0,1,1,1,0,0,0,0,0,0.071682693,1,0.055657796,0.333946776
T_C_11105384_Cys_160_Arg,160.0,1,1,0,0,0,0,0,,0.01,1,0,4.0,1.0,0.952,1,7.91300010681152,1.0,1,1,1,0,1,0,0,0,0,1,0,1,1,1,0,0,0,0,0,-0.030340032,1,0.073806211,0.643427629
T_G_11105384_Cys_160_Gly,160.0,1,1,0,0,0,0,0,,0.03,1,0,4.0,1.0,0.948,1,7.91300010681152,1.0,1,1,1,0,1,0,0,0,0,1,0,1,1,1,0,0,0,0,0,0.049002948,1,0.035877001,0.304426445
G_C_11105385_Cys_160_Ser,160.0,1,1,0,0,0,0,0,,0.07,1,0,4.0,1.0,0.92,1,9.86900043487549,1.0,1,1,1,0,1,0,0,0,0,1,0,1,1,1,0,0,0,0,0,0.071682693,1,0.055657796,0.333946776
G_T_11105385_Cys_160_Phe,160.0,1,1,0,0,0,0,0,,0.17,1,0,4.0,1.0,0.95,1,9.86900043487549,1.0,1,1,1,0,1,0,0,0,0,1,0,1,1,1,0,0,0,0,0,0.016033448,1,0.09409548,0.497906478
G_T_11105385_Cys_160_Phe,160.0,1,1,0,0,0,0,0,,,0,0,4.0,1.0,,0,,,0,0,1,0,1,0,0,0,0,1,0,1,1,1,0,0,0,0,0,0.016033448,1,0.09409548,0.497906478
G_G_11105385_Ile_161_fs,161.0,1,0,0,1,0,0,0,,,0,0,4.0,1.0,,0,,,0,0,1,1,1,0,0,0,0,0,0,1,1,1,-7,0,0,0,0,,0,,
C_T_11105386_Cys_160_Cys,160.0,0,0,1,0,0,0,1,-3.815308569182401,0.07,1,0,4.0,1.0,,0,2.63599991798401,1.0,1,1,1,0,1,0,0,0,0,1,0,1,1,1,0,0,0,0,0,0.709268953,1,0.167861583,1.30025023
T_A_11105388_Ile_161_Asn,161.0,1,1,0,0,0,0,1,-4.634699251362012,0.02,1,0,4.0,1.0,0.934,1,6.17199993133545,1.0,1,1,1,0,1,0,0,0,0,0,0,1,1,1,0,0,0,0,0,-0.088565283,1,0.034549562,0.069099125
T_C_11105388_Ile_161_Thr,161.0,1,1,0,0,0,0,0,,0.01,1,0,4.0,1.0,0.916,1,6.17199993133545,1.0,1,1,1,0,1,0,0,0,0,0,0,1,1,1,0,0,0,0,0,0.127092703,1,0.246707642,0.697794588
T_T_11105388_Gln_163_fs,163.0,1,0,0,1,0,0,0,,,0,0,4.0,1.0,,0,,,0,0,1,1,1,0,0,0,0,0,0,1,1,1,1,0,0,0,0,,0,,
T_T_11105388_Gln_163_fs,163.0,1,0,0,1,0,0,0,,,0,0,4.0,1.0,,0,-0.224000006914139,0.0,1,1,1,1,1,0,0,0,0,0,0,1,1,1,-1,0,0,0,0,,0,,
C_A_11105389_Ile_161_Ile,161.0,0,0,1,0,0,0,1,-5.347077112432058,0.02,1,0,4.0,1.0,,0,0.720000028610229,1.0,1,1,1,0,1,0,0,0,0,0,0,1,1,1,0,0,0,0,0,0.941665714,1,0.046850675,0.187402699
C_T_11105389_Ile_161_Ile,161.0,0,0,1,0,0,0,0,,0.02,1,0,4.0,1.0,,0,0.720000028610229,1.0,1,1,1,0,1,0,0,0,0,0,0,1,1,1,0,0,0,0,0,0.941665714,1,0.046850675,0.187402699
C_T_11105391_Pro_162_Leu,162.0,1,1,0,0,0,0,1,,0.0,1,0,4.0,1.0,0.868,1,6.07600021362305,1.0,1,1,1,0,1,0,0,0,0,0,0,1,1,1,0,0,0,0,0,-0.045718702,1,0.054277463,0.217109851
C_T_11105393_Gln_163_Ter,163.0,1,0,0,0,0,0,0,,0.03,1,0,4.0,1.0,,0,-0.224000006914139,0.0,1,1,1,1,1,0,1,0,0,0,0,1,1,1,0,0,0,0,0,0.093671172,1,0.051961896,0.254560263
T_G_11105399_Trp_165_Gly,165.0,1,1,0,0,0,0,0,,0.01,1,0,4.0,1.0,0.949,1,7.91300010681152,1.0,1,1,1,0,1,0,0,0,0,0,0,1,1,1,0,0,0,0,0,-0.097610883,1,0.087010697,0.301413896
G_A_11105400_Trp_165_Ter,165.0,1,0,0,0,0,0,0,,0.1,1,0,4.0,1.0,,0,7.85900020599365,1.0,1,1,1,1,1,0,1,0,0,0,0,1,1,1,0,0,0,0,0,-0.091793325,1,0.05756579,0.282013623
G_T_11105400_Trp_165_Leu,165.0,1,1,0,0,0,0,1,-4.617622696531886,0.01,1,0,4.0,1.0,0.825,1,7.85900020599365,1.0,1,1,1,0,1,0,0,0,0,0,0,1,1,1,0,0,0,0,0,-0.028997449,1,0.067219899,0.425135967
G_A_11105401_Trp_165_Ter,165.0,1,0,0,0,0,0,1,-4.650528200785614,0.02,1,0,4.0,1.0,,0,7.87400007247925,1.0,1,1,1,1,1,0,1,0,0,0,0,1,1,1,0,0,0,0,0,-0.091793325,1,0.05756579,0.282013623
C_T_11105404_Ala_166_Ala,166.0,0,0,1,0,0,0,1,-2.300943145452332,0.01,1,0,4.0,1.0,,0,-0.354000002145767,0.0049999998882412,1,1,1,0,1,0,0,0,0,0,0,1,1,1,0,0,0,0,0,1.009547258,1,0.035155865,0.289902687
T_C_11105405_Cys_167_Arg,167.0,1,1,0,0,0,0,0,,0.0,1,0,4.0,1.0,0.95,1,7.91300010681152,1.0,1,1,1,0,1,0,0,0,0,1,0,1,1,1,0,0,0,0,0,0.012337702,1,0.021236504,0.147130817
G_A_11105406_Cys_167_Tyr,167.0,1,1,0,0,0,0,0,,0.01,1,0,4.0,1.0,0.926,1,9.86900043487549,1.0,1,1,1,0,1,0,0,0,0,1,0,1,1,1,0,0,0,0,0,-0.022358157,1,0.063608708,0.254434832
C_A_11105407_Cys_167_Ter,167.0,1,0,0,0,0,0,1,-5.744968836654449,0.01,1,0,4.0,1.0,,0,-0.555000007152557,0.101000003516674,1,1,1,1,1,0,1,0,0,1,0,1,1,1,0,0,0,0,0,-0.108478591,1,0.03124938,0.242056655
C_G_11105407_Cys_167_Trp,167.0,1,1,0,0,0,0,0,,0.01,1,0,4.0,1.0,0.817,1,-0.555000007152557,0.101000003516674,1,1,1,0,1,0,0,0,0,1,0,1,1,1,0,0,0,0,0,0.040126242,1,0.087986066,0.60958535
C_T_11105407_Cys_167_Cys,167.0,0,0,1,0,0,0,1,-3.7162466166674735,0.01,1,0,4.0,1.0,,0,-0.555000007152557,0.101000003516674,1,1,1,0,1,0,0,0,0,1,0,1,1,1,0,0,0,0,0,1.039116973,1,0.073096096,0.484864651
G_A_11105408_Asp_168_Asn,168.0,1,1,0,0,0,0,1,-4.313721321932799,0.01,1,0,4.0,1.0,0.78,1,9.86900043487549,1.0,1,1,1,0,1,0,0,0,0,0,0,1,1,1,0,0,0,0,0,0.559863665,1,0.161577711,0.854988881
G_C_11105408_Asp_168_His,168.0,1,1,0,0,0,0,1,-6.046095406586541,0.02,1,0,4.0,1.0,0.957,1,9.86900043487549,1.0,1,1,1,0,1,0,0,0,0,0,0,1,1,1,0,0,0,0,0,-0.082960069,1,0.041170876,0.217855798
G_T_11105408_Asp_168_Tyr,168.0,1,1,0,0,0,0,0,,0.01,1,0,4.0,1.0,0.947,1,9.86900043487549,1.0,1,1,1,0,1,0,0,0,0,0,0,1,1,1,0,0,0,0,0,-0.061511137,1,0.049091032,0.294546191
A_C_11105409_Asp_168_Ala,168.0,1,1,0,0,0,0,0,,0.01,1,0,4.0,1.0,0.959,1,9.20199966430664,1.0,1,1,1,0,1,0,0,0,0,0,0,1,1,1,0,0,0,0,0,0.182931159,1,0.078291561,0.350130507
A_G_11105409_Asp_168_Gly,168.0,1,1,0,0,0,0,0,,0.01,1,0,4.0,1.0,0.956,1,9.20199966430664,1.0,1,1,1,0,1,0,0,0,0,0,0,1,1,1,0,0,0,0,0,-0.101940902,1,0.043012807,0.31016976
A_A_11105409_Asn_169_fs,169.0,1,0,0,1,0,0,0,,,0,0,4.0,1.0,,0,,,0,0,1,1,1,0,0,0,0,0,0,1,1,1,-7,0,0,0,0,,0,,
C_A_11105410_Asp_168_Glu,168.0,1,1,0,0,0,0,1,-4.349498205121633,0.01,1,0,4.0,1.0,0.821,1,-0.142000004649162,0.497999995946884,1,1,1,0,1,0,0,0,0,0,0,1,1,1,0,0,0,0,0,-0.017693029,1,0.0735325,0.487759425
C_T_11105410_Asp_168_Asp,168.0,0,0,1,0,0,0,0,,0.02,1,0,4.0,1.0,,0,-0.142000004649162,0.497999995946884,1,1,1,0,1,0,0,0,0,0,0,1,1,1,0,0,0,0,0,0.692889657,1,0.144212102,0.644936125
A_T_11105412_Asn_169_Ile,169.0,1,1,0,0,0,0,0,,0.0,1,0,4.0,1.0,0.644,1,2.66300010681152,0.994000017642975,1,1,1,0,1,0,0,0,0,0,0,1,1,1,0,0,0,0,0,0.896726113,1,0.043477043,0.260862255
C_T_11105413_Asn_169_Asn,169.0,0,0,1,0,0,0,1,-2.6581699430794896,0.01,1,0,4.0,1.0,,0,-6.65199995040894,0.0,1,1,1,0,1,0,0,0,0,0,0,1,1,1,0,0,0,0,0,1.035250295,1,0.053556327,0.302960339
G_G_11105414_Asp_170_fs,170.0,1,0,0,1,0,0,0,,,0,0,4.0,1.0,,0,,,0,0,1,1,1,0,0,0,0,0,0,1,1,1,1,0,0,0,0,,0,,
A_A_11105415_Asp_172_fs,172.0,1,0,0,1,0,0,0,,,0,0,4.0,1.0,,0,,,0,0,1,1,1,0,0,0,0,0,0,1,1,1,1,0,0,0,0,,0,,
A_A_11105415_Asp_172_fs,172.0,1,0,0,1,0,0,0,,,0,0,4.0,1.0,,0,-4.94600009918213,0.0,1,1,1,1,1,0,0,0,0,0,0,1,1,1,-1,0,0,0,0,,0,,
C_A_11105416_Asp_170_Glu,170.0,1,1,0,0,0,0,0,,0.0,1,0,4.0,1.0,0.29,1,-0.769999980926514,0.0,1,1,1,0,1,0,0,0,0,0,0,1,1,1,0,0,0,0,0,0.926297807,1,0.035093847,0.185699186
C_A_11105419_Pro_171_Pro,171.0,0,0,1,0,0,0,0,,0.0,1,0,4.0,1.0,,0,-4.94600009918213,0.0,1,1,1,0,1,0,0,0,0,0,0,1,1,1,0,0,0,0,0,1.026388463,1,0.030633265,0.259931873
C_C_11105419_Cys_173_Asp,173.0,1,0,0,0,0,0,0,,,0,0,4.0,1.0,,0,,,0,0,1,0,1,0,0,0,0,1,0,1,1,1,9,1,0,1,0,,0,,
C_T_11105419_Pro_171_Pro,171.0,0,0,1,0,0,0,1,-4.349498205121633,0.01,1,0,4.0,1.0,,0,-4.94600009918213,0.0,1,1,1,0,1,0,0,0,0,0,0,1,1,1,0,0,0,0,0,1.026388463,1,0.030633265,0.259931873
G_A_11105420_Asp_172_Asn,172.0,1,1,0,0,0,0,1,-4.780939667551139,0.01,1,0,4.0,1.0,0.763,1,9.86900043487549,1.0,1,1,1,0,1,0,0,0,0,0,0,1,1,1,0,0,0,0,0,0.768158191,1,0.251631787,1.125331561
G_C_11105420_Asp_172_His,172.0,1,1,0,0,0,0,1,,0.01,1,0,4.0,1.0,0.928,1,9.86900043487549,1.0,1,1,1,0,1,0,0,0,0,0,0,1,1,1,0,0,0,0,0,0.024754244,1,0.056084933,0.296773571
G_T_11105420_Asp_172_Tyr,172.0,1,1,0,0,0,0,1,,0.01,1,0,4.0,1.0,0.923,1,9.86900043487549,1.0,1,1,1,0,1,0,0,0,0,0,0,1,1,1,0,0,0,0,0,0.075001939,1,0.079468854,0.389316283
A_C_11105421_Asp_172_Ala,172.0,1,1,0,0,0,0,0,,0.0,1,0,4.0,1.0,0.912,1,9.20199966430664,1.0,1,1,1,0,1,0,0,0,0,0,0,1,1,1,0,0,0,0,0,-0.0757635,1,0.025803373,0.224948586
A_G_11105421_Asp_172_Gly,172.0,1,1,0,0,0,0,0,,0.0,1,0,4.0,1.0,0.954,1,9.20199966430664,1.0,1,1,1,0,1,0,0,0,0,0,0,1,1,1,0,0,0,0,0,-0.089142264,1,0.052588742,0.515262334
A_T_11105421_Asp_172_Val,172.0,1,1,0,0,0,0,0,,,0,0,4.0,1.0,,0,,,0,0,1,0,1,0,0,0,0,0,0,1,1,1,0,0,0,0,0,-0.051951045,1,0.02655529,0.286009222
C_G_11105422_Asp_172_Glu,172.0,1,1,0,0,0,0,0,,0.01,1,0,4.0,1.0,0.709,1,1.3639999628067,1.0,1,1,1,0,1,0,0,0,0,0,0,1,1,1,0,0,0,0,0,0.733795171,1,0.074092871,0.53429129
T_C_11105423_Cys_173_Arg,173.0,1,1,0,0,0,0,1,-5.568958054664114,0.0,1,0,4.0,1.0,0.918,1,7.91300010681152,1.0,1,1,1,0,1,0,0,0,0,1,0,1,1,1,0,0,0,0,0,-0.009593381,1,0.033104336,0.272985351
T_G_11105423_Cys_173_Gly,173.0,1,1,0,0,0,0,0,,0.0,1,0,4.0,1.0,0.913,1,7.91300010681152,1.0,1,1,1,0,1,0,0,0,0,1,0,1,1,1,0,0,0,0,0,-0.026790532,1,0.033707629,0.243069167
T_T_11105423_Cys_173_fs,173.0,1,0,0,1,0,0,1,-5.347173697438995,,0,0,4.0,1.0,,0,9.86900043487549,1.0,1,1,1,1,1,0,0,0,0,1,0,1,1,1,-1,0,0,0,0,,0,,
T_T_11105423_Cys_173_Ter,173.0,1,0,0,1,0,0,0,,,0,0,4.0,1.0,,0,,,0,0,1,1,1,0,1,1,0,1,0,1,1,1,-14,0,1,0,1,0.02016395,1,0.054059304,0.216237215
G_A_11105424_Cys_173_Tyr,173.0,1,1,0,0,0,0,0,,0.01,1,0,4.0,1.0,0.891,1,9.86900043487549,1.0,1,1,1,0,1,0,0,0,0,1,0,1,1,1,0,0,0,0,0,0.13254333,1,0.035915187,0.143660746
C_A_11105425_Cys_173_Ter,173.0,1,0,0,0,0,0,1,-4.634699251362012,0.01,1,0,4.0,1.0,,0,-0.168999999761581,0.0,1,1,1,1,1,0,1,0,0,1,0,1,1,1,0,0,0,0,0,0.02016395,1,0.054059304,0.216237215
C_G_11105425_Cys_173_Trp,173.0,1,1,0,0,0,0,1,-4.598771832501887,0.01,1,0,4.0,1.0,0.755,1,-0.168999999761581,0.0,1,1,1,0,1,0,0,0,0,1,0,1,1,1,0,0,0,0,0,-0.019491548,1,0.029919698,0.133804958
C_T_11105425_Cys_173_Cys,173.0,0,0,1,0,0,0,1,-4.935916564036404,0.0,1,0,4.0,1.0,,0,-0.168999999761581,0.0,1,1,1,0,1,0,0,0,0,1,0,1,1,1,0,0,0,0,0,1.020617244,1,0.03046346,0.18278076
G_T_11105426_Glu_174_Ter,174.0,1,0,0,0,0,0,1,-4.634699251362012,0.02,1,0,4.0,1.0,,0,-0.824999988079071,0.0,1,1,1,1,1,0,1,0,0,0,0,1,1,1,0,0,0,0,0,-0.007396602,1,0.141513828,0.748820791
A_A_11105428_Asp_175_Asp,175.0,1,0,0,0,0,0,0,,,0,0,4.0,1.0,,0,,,0,0,1,0,1,0,0,0,0,0,0,1,1,1,-12,0,1,1,0,,0,,
G_A_11105429_Asp_175_Asn,175.0,1,1,0,0,0,0,1,-4.297741836837906,0.01,1,0,4.0,1.0,0.801,1,9.86900043487549,1.0,1,1,1,0,1,0,0,0,0,0,0,1,1,1,0,0,0,0,0,-0.121941275,1,0.019662889,0.068114247
G_T_11105429_Asp_175_Tyr,175.0,1,1,0,0,0,0,0,,0.01,1,0,4.0,1.0,0.946,1,9.86900043487549,1.0,1,1,1,0,1,0,0,0,0,0,0,1,1,1,0,0,0,0,0,0.329628443,1,0.110289165,0.441156658
A_G_11105430_Asp_175_Gly,175.0,1,1,0,0,0,0,0,,0.06,1,0,4.0,1.0,0.939,1,9.20199966430664,1.0,1,1,1,0,1,0,0,0,0,0,0,1,1,1,0,0,0,0,0,-0.108478494,1,0.029788546,0.188399307
T_C_11105431_Asp_175_Asp,175.0,0,0,1,0,0,0,0,,0.0,1,0,4.0,1.0,,0,-1.96000003814697,0.0,1,1,1,0,1,0,0,0,0,0,0,1,1,1,0,0,0,0,0,1.227169638,1,0.13816558,0.27633116
T_T_11105431_Asp_178_fs,178.0,1,0,0,1,0,0,1,-6.046095406586541,,0,0,4.0,1.0,,0,,,0,0,1,1,1,0,0,0,0,0,0,1,1,1,8,0,0,0,0,,0,,
G_T_11105433_Gly_176_Val,176.0,1,1,0,0,0,0,1,-5.744968836654449,0.0,1,0,4.0,1.0,0.79,1,1.65299999713898,0.090999998152256,1,1,1,0,1,0,0,0,0,0,0,1,1,1,0,0,0,0,0,0.667085914,1,0.083055447,0.62153005
C_T_11105434_Gly_176_Gly,176.0,1,0,1,0,0,0,0,,0.07,1,0,4.0,1.0,,0,-0.0610000006854534,0.0670000016689301,1,1,1,0,1,0,0,0,0,0,0,1,1,1,0,0,0,0,0,1.023547474,1,0.042543203,0.399090623
T_C_11105435_Ser_177_Pro,177.0,1,1,0,0,0,0,0,,0.0,1,0,4.0,1.0,0.869,1,4.91200017929077,1.0,1,1,1,0,1,0,0,0,0,0,0,1,1,1,0,0,0,0,0,0.004903376,1,0.056425371,0.338552224
C_T_11105436_Ser_177_Leu,177.0,1,1,0,0,0,0,1,-3.0195421077239,0.0,1,0,4.0,1.0,0.886,1,4.87200021743774,1.0,1,1,1,0,1,0,0,0,0,0,0,1,1,1,0,0,0,0,0,-0.049630917,1,0.034303236,0.306817469
G_A_11105437_Ser_177_Ser,177.0,0,0,1,0,0,0,1,-3.6569855028492326,0.02,1,0,4.0,1.0,,0,-11.6429996490479,0.0,1,1,1,0,1,0,0,0,0,0,0,1,1,1,0,0,0,0,0,1.030995066,1,0.037304251,0.279159453
G_A_11105438_Asp_178_Asn,178.0,1,1,0,0,0,0,0,,0.0,1,0,4.0,1.0,0.802,1,9.86900043487549,1.0,1,1,1,0,1,0,0,0,0,0,0,1,1,1,0,0,0,0,0,-0.173601584,1,0.046665372,0.186661488
G_C_11105438_Asp_178_His,178.0,1,1,0,0,0,0,0,,0.01,1,0,4.0,1.0,0.937,1,9.86900043487549,1.0,1,1,1,0,1,0,0,0,0,0,0,1,1,1,0,0,0,0,0,-0.112613555,1,0.035243656,0.122087606
G_G_11105438_Asp_178_fs,178.0,1,0,0,1,0,0,0,,,0,0,4.0,1.0,,0,,,0,0,1,1,1,0,0,0,0,0,0,1,1,1,1,0,0,0,0,,0,,
G_T_11105438_Asp_178_Tyr,178.0,1,1,0,0,0,0,0,,0.04,1,0,4.0,1.0,0.944,1,9.86900043487549,1.0,1,1,1,0,1,0,0,0,0,0,0,1,1,1,0,0,0,0,0,0.153230557,1,0.157307037,0.770643947
A_G_11105439_Asp_178_Gly,178.0,1,1,0,0,0,0,0,,0.99,1,0,4.0,1.0,0.972,1,9.20199966430664,1.0,1,1,1,0,1,0,0,0,0,0,0,1,1,1,0,0,0,0,0,-0.015845879,1,0.085678478,0.342713912
A_T_11105439_Asp_178_Val,178.0,1,1,0,0,0,0,1,-6.046095406586541,0.07,1,0,4.0,1.0,0.969,1,9.20199966430664,1.0,1,1,1,0,1,0,0,0,0,0,0,1,1,1,0,0,0,0,0,-0.034409392,1,0.03123838,0.241971452
T_G_11105440_Asp_178_Glu,178.0,1,1,0,0,0,0,0,,0.03,1,0,4.0,1.0,0.864,1,-0.372999995946884,0.181999996304512,1,1,1,0,1,0,0,0,0,0,0,1,1,1,0,0,0,0,0,-0.083778868,1,0.042739279,0.226155005
G_T_11105441_Glu_179_Ter,179.0,1,0,0,0,0,0,1,-6.046095406586541,0.01,1,0,4.0,1.0,,0,9.83100032806396,1.0,1,1,1,1,1,0,1,0,0,0,0,1,1,1,0,0,0,0,0,0.221154168,1,0.359109352,1.436437408
G_A_11105441_Glu_179_Met,179.0,1,1,0,0,0,0,0,,,0,0,4.0,1.0,,0,,,0,0,1,0,1,0,0,0,0,0,0,1,1,1,0,0,0,0,0,-0.058770617,1,0.074167068,0.331685211
A_G_11105442_Glu_179_Gly,179.0,1,1,0,0,0,0,0,,0.01,1,0,4.0,1.0,0.956,1,9.16600036621094,1.0,1,1,1,0,1,0,0,0,0,0,0,1,1,1,0,0,0,0,0,0.121094207,1,0.046379815,0.321328781
G_A_11105445_Trp_180_Ter,180.0,1,0,0,0,0,0,0,,0.01,1,0,4.0,1.0,,0,2.96099996566772,1.0,1,1,1,1,1,0,1,0,0,0,0,1,1,1,0,0,0,0,0,-0.006826781,1,0.063393855,0.400937946
C_T_11105447_Pro_181_Ter,181.0,1,0,0,0,0,0,0,,,0,0,4.0,1.0,,0,,,0,0,1,1,1,0,1,0,0,0,0,1,1,1,0,0,0,0,0,0.113726097,1,0.077606274,0.347065808
C_G_11105448_Pro_181_Arg,181.0,1,1,0,0,0,0,1,-4.617622696531886,0.0,1,0,4.0,1.0,0.713,1,1.84700000286102,0.906000018119812,1,1,1,0,1,0,0,0,0,0,0,1,1,1,0,0,0,0,0,1.001353102,1,0.029187755,0.193609667
C_T_11105448_Pro_181_Leu,181.0,1,1,0,0,0,0,1,-4.832682665251824,0.0,1,0,4.0,1.0,0.83,1,1.84700000286102,0.906000018119812,1,1,1,0,1,0,0,0,0,0,0,1,1,1,0,0,0,0,0,0.994509524,1,0.029145835,0.26712599
C_T_11105450_Gln_182_Ter,182.0,1,0,0,0,0,0,1,-4.184090349113226,0.0,1,0,4.0,1.0,,0,-0.393999993801117,0.0,1,1,1,1,1,0,1,0,0,0,0,1,1,1,0,0,0,0,0,0.1785815,1,0.080112988,0.226593747
T_C_11105456_Cys_184_Arg,184.0,1,1,0,0,0,0,0,,0.02,1,0,4.0,1.0,0.889,1,7.7979998588562,1.0,1,1,1,0,1,0,0,0,0,1,0,1,1,1,0,0,0,0,0,-0.016836059,1,0.10773008,0.373187943
G_A_11105457_Cys_184_Tyr,184.0,1,1,0,0,0,0,1,-4.355659901173677,0.02,1,0,4.0,1.0,0.854,1,9.7209997177124,1.0,1,1,1,0,1,0,0,0,0,1,0,1,1,1,0,0,0,0,0,0.063197159,1,0.071669442,0.286677768
G_C_11105457_Cys_184_Ser,184.0,1,1,0,0,0,0,0,,0.02,1,0,4.0,1.0,0.871,1,9.7209997177124,1.0,1,1,1,0,1,0,0,0,0,1,0,1,1,1,0,0,0,0,0,-0.010572296,1,0.040365975,0.351902414
G_T_11105457_Cys_184_Phe,184.0,1,1,0,0,0,0,0,,0.02,1,0,4.0,1.0,0.854,1,9.7209997177124,1.0,1,1,1,0,1,0,0,0,0,1,0,1,1,1,0,0,0,0,0,0.05922378,1,0.052622892,0.393793664
T_A_11105458_Cys_184_Ter,184.0,1,0,0,0,0,0,0,,0.02,1,0,4.0,1.0,,0,-0.158000007271767,0.0599999986588955,1,1,1,1,1,0,1,0,0,1,0,1,1,1,0,0,0,0,0,-0.094817626,1,0.04789993,0.214214998
T_C_11105458_Cys_184_Cys,184.0,0,0,1,0,0,0,1,-5.568958054664114,0.02,1,0,4.0,1.0,,0,-0.158000007271767,0.0599999986588955,1,1,1,0,1,0,0,0,0,1,0,1,1,1,0,0,0,0,0,0.944976433,1,0.040590084,0.081180168
T_G_11105458_Cys_184_Trp,184.0,1,1,0,0,0,0,0,,0.02,1,0,4.0,1.0,0.679,1,-0.158000007271767,0.0599999986588955,1,1,1,0,1,0,0,0,0,1,0,1,1,1,0,0,0,0,0,-0.070492494,1,0.052461702,0.234615863
A_A_11105459_Leu_187_fs,187.0,1,0,0,1,0,0,0,,,0,0,4.0,1.0,,0,,,0,0,1,1,1,0,0,0,0,0,0,1,1,1,1,0,0,0,0,,0,,
A_A_11105459_Gly_186_fs,186.0,1,0,0,1,0,0,0,,,0,0,4.0,1.0,,0,-0.0949999988079071,0.0,1,1,1,1,1,0,0,0,0,0,0,1,1,1,-1,0,0,0,0,,0,,
G_A_11105461_Arg_185_Arg,185.0,0,0,1,0,0,0,1,-4.81559251458768,0.2,1,0,4.0,1.0,,0,-0.112000003457069,0.0,1,1,1,0,1,0,0,0,0,0,0,1,1,1,0,0,0,0,0,1.021086518,1,0.073262866,0.327641497
G_G_11105463_Leu_187_fs,187.0,1,0,0,1,0,0,0,,,0,0,4.0,1.0,,0,,,0,0,1,1,1,0,0,0,0,0,0,1,1,1,-11,0,0,0,0,,0,,
T_C_11105464_Gly_186_Gly,186.0,0,0,1,0,0,0,1,-3.760950906859808,0.01,1,0,4.0,1.0,,0,-0.0500000007450581,0.0,1,1,1,0,1,0,0,0,0,0,0,1,1,1,0,0,0,0,0,0.988801178,1,0.040438701,0.313236828
T_T_11105464_Leu_187_fs,187.0,1,0,0,1,0,0,0,,,0,0,4.0,1.0,,0,,,0,0,1,1,1,0,0,0,0,0,0,1,1,1,1,0,0,0,0,,0,,
C_C_11105465_Tyr_188_fs,188.0,1,0,0,1,0,0,0,,,0,0,4.0,1.0,,0,-1.87800002098083,0.0,1,1,1,1,1,0,0,0,0,0,0,1,1,1,-1,0,0,0,0,,0,,
C_C_11105465_Tyr_188_fs,188.0,1,0,0,1,0,0,0,,,0,0,4.0,1.0,,0,,,0,0,1,1,1,0,0,0,0,0,0,1,1,1,-2,0,0,0,0,,0,,
T_T_11105466_Tyr_188_fs,188.0,1,0,0,1,0,0,0,,,0,0,4.0,1.0,,0,,,0,0,1,1,1,0,0,0,0,0,0,1,1,1,-7,0,0,0,0,,0,,
C_A_11105470_Tyr_188_Ter,188.0,1,0,0,0,0,0,0,,0.01,1,0,4.0,1.0,,0,-0.108999997377396,0.0,1,1,1,1,1,0,1,0,0,0,0,1,1,1,0,0,0,0,0,0.151272097,1,0.366671554,1.796316422
C_G_11105470_Tyr_188_Ter,188.0,1,0,0,0,0,0,1,-4.780939667551139,0.01,1,0,4.0,1.0,,0,-0.108999997377396,0.0,1,1,1,1,1,0,1,0,0,0,0,1,1,1,0,0,0,0,0,0.151272097,1,0.366671554,1.796316422
C_T_11105470_Tyr_188_Tyr,188.0,0,0,1,0,0,0,1,-3.189901959318857,0.01,1,0,4.0,1.0,,0,-0.108999997377396,0.0,1,1,1,0,1,0,0,0,0,0,0,1,1,1,0,0,0,0,0,0.990854067,1,0.029464903,0.166678664
G_T_11105471_Val_189_fs,189.0,1,0,0,1,0,0,0,,,0,0,4.0,1.0,,0,,,0,0,1,1,1,0,0,0,0,0,0,1,1,1,-2,0,0,0,0,,0,,
G_G_11105471_Phe_190_fs,190.0,1,0,0,1,0,0,0,,,0,0,4.0,1.0,,0,,,0,0,1,1,1,0,0,0,0,0,0,1,1,1,-23,0,0,0,0,,0,,
G_C_11105473_Val_189_Val,189.0,0,0,1,0,0,0,1,-6.046095406586541,0.01,1,0,4.0,1.0,,0,-1.20899999141693,0.0,1,1,1,0,1,0,0,0,0,0,0,1,1,1,0,0,0,0,0,1.023159502,1,0.126227,0.564504306
G_T_11105473_Val_189_Val,189.0,0,0,1,0,0,0,1,-4.650528200785614,0.01,1,0,4.0,1.0,,0,-1.20899999141693,0.0,1,1,1,0,1,0,0,0,0,0,0,1,1,1,0,0,0,0,0,1.023159502,1,0.126227,0.564504306
C_T_11105476_Phe_190_Phe,190.0,0,0,1,0,0,0,1,-4.184156709336733,0.01,1,0,4.0,1.0,,0,-0.651000022888184,0.0,1,1,1,0,1,0,0,0,0,0,0,1,1,1,0,0,0,0,0,0.976240334,1,0.035152217,0.210913299
C_T_11105477_Gln_191_Ter,191.0,1,0,0,0,0,0,0,,0.04,1,0,4.0,1.0,,0,-1.1710000038147,0.0,1,1,1,1,1,0,1,0,0,0,0,1,1,1,0,0,0,0,0,-0.062391976,1,0.162487031,0.726664094
A_A_11105479_Asp_193_fs,193.0,1,0,0,1,0,0,0,,,0,0,4.0,1.0,,0,,,0,0,1,1,1,0,0,0,0,0,0,1,1,1,1,0,0,0,0,,0,,
A_G_11105479_Gln_191_Gln,191.0,0,0,1,0,0,0,0,,0.05,1,0,4.0,1.0,,0,-4.30299997329712,0.0,1,1,1,0,1,0,0,0,0,0,0,1,1,1,0,0,0,0,0,0.870292098,1,0.077711383,0.491489942
G_C_11105482_Gly_192_Gly,192.0,0,0,1,0,0,0,1,-4.634699251362012,0.02,1,0,4.0,1.0,,0,-0.994000017642975,0.0,1,1,1,0,1,0,0,0,0,0,0,1,1,1,0,0,0,0,0,0.981415948,1,0.066768239,0.400609437
G_G_11105482_Asp_193_fs,193.0,1,0,0,1,0,0,0,,,0,0,4.0,1.0,,0,,,0,0,1,1,1,0,0,0,0,0,0,1,1,1,-7,0,0,0,0,,0,,
G_G_11105483_Asp_193_fs,193.0,1,0,0,1,0,0,0,,,0,0,4.0,1.0,,0,-1.942999958992,0.0,1,1,1,1,1,0,0,0,0,0,0,1,1,1,-1,0,0,0,0,,0,,
A_A_11105484_Asp_193_fs,193.0,1,0,0,1,0,0,0,,,0,0,4.0,1.0,,0,1.18400001525879,0.0,1,1,1,1,1,0,0,0,0,0,0,1,1,1,-1,0,0,0,0,,0,,
A_A_11105486_Ser_194_fs,194.0,1,0,0,1,0,0,1,-4.316772793958565,,0,0,4.0,1.0,,0,-1.44599997997284,0.0,1,1,1,1,1,0,0,0,0,0,0,1,1,1,-1,0,0,0,0,,0,,
G_G_11105487_Ser_194_fs,194.0,1,0,0,1,0,0,0,,,0,0,4.0,1.0,,0,,,0,0,1,1,1,0,0,0,0,0,0,1,1,1,1,0,0,0,0,,0,,
G_C_11105487_Ser_194_fs,194.0,1,0,0,1,0,0,0,,,0,0,4.0,1.0,,0,,,0,0,1,1,1,0,0,0,0,0,0,1,1,1,4,0,0,0,0,,0,,
G_G_11105487_Ser_195_fs,195.0,1,0,0,1,0,0,0,,,0,0,4.0,1.0,,0,,,0,0,1,1,1,0,0,0,0,0,0,1,1,1,-7,0,0,0,0,,0,,
G_G_11105490_Cys_197_fs,197.0,1,0,0,1,0,0,0,,,0,0,4.0,1.0,,0,-0.0560000017285347,0.0070000002160668,1,1,1,1,1,0,0,0,0,1,0,1,1,1,-1,0,0,0,0,,0,,
C_T_11105491_Ser_195_Ser,195.0,0,0,1,0,0,0,1,-2.8579235389267152,0.0,1,0,4.0,1.0,,0,-0.856000006198883,0.0,1,1,1,0,1,0,0,0,0,0,0,1,1,1,0,0,0,0,0,1.072533649,1,0.094976755,0.37990702
C_A_11105494_Pro_196_Pro,196.0,0,0,1,0,0,0,1,-4.141823862017656,0.0,1,0,4.0,1.0,,0,-0.0560000017285347,0.0070000002160668,1,1,1,0,1,0,0,0,0,0,0,1,1,1,0,0,0,0,0,0.823219102,1,0.099659728,0.661067851
T_C_11105495_Cys_197_Arg,197.0,1,1,0,0,0,0,1,-5.744968836654449,0.0,1,0,4.0,1.0,0.91,1,5.82100009918213,1.0,1,1,1,0,1,0,0,0,0,1,0,1,1,1,0,0,0,0,0,0.351557741,1,0.104128038,0.589037135
T_G_11105495_Cys_197_Gly,197.0,1,1,0,0,0,0,0,,0.0,1,0,4.0,1.0,0.913,1,5.82100009918213,1.0,1,1,1,0,1,0,0,0,0,1,0,1,1,1,0,0,0,0,0,0.049034928,1,0.183506091,0.971022963
G_A_11105496_Cys_197_Tyr,197.0,1,1,0,0,0,0,1,-2.843753809602656,0.0,1,0,4.0,1.0,0.936,1,7.51900005340576,1.0,1,1,1,0,1,0,0,0,0,1,0,1,1,1,0,0,0,0,0,0.426743024,1,0.249847205,1.117350667
G_C_11105496_Cys_197_Ser,197.0,1,1,0,0,0,0,0,,0.0,1,0,4.0,1.0,0.799,1,7.51900005340576,1.0,1,1,1,0,1,0,0,0,0,1,0,1,1,1,0,0,0,0,0,0.427745696,1,0.167165568,0.884557044
G_T_11105496_Cys_197_Phe,197.0,1,1,0,0,0,0,0,,0.0,1,0,4.0,1.0,0.945,1,7.51900005340576,1.0,1,1,1,0,1,0,0,0,0,1,0,1,1,1,0,0,0,0,0,0.273334997,1,0.367189607,1.642121845
C_A_11105497_Cys_197_Ter,197.0,1,0,0,0,0,0,0,,0.0,1,0,4.0,1.0,,0,1.14499998092651,0.493000000715256,1,1,1,1,1,0,1,0,0,1,0,1,1,1,0,0,0,0,0,0.727683459,1,0.125132776,0.433472653
C_G_11105497_Cys_197_Trp,197.0,1,1,0,0,0,0,1,-6.046095406586541,0.0,1,0,4.0,1.0,0.784,1,1.14499998092651,0.493000000715256,1,1,1,0,1,0,0,0,0,1,0,1,1,1,0,0,0,0,0,-0.012729801,1,0.074627506,0.394891643
C_A_11105499_Ser_198_Ter,198.0,1,0,0,0,0,0,0,,0.03,1,0,4.0,1.0,,0,1.75699996948242,0.0240000002086163,1,1,1,1,1,0,1,0,0,0,0,1,1,1,0,0,0,0,0,-0.196042938,1,0.107462908,0.526458583
G_A_11105500_Ser_198_Ser,198.0,0,0,1,0,0,0,1,-4.935916564036404,0.0,1,0,4.0,1.0,,0,-2.21099996566772,0.0,1,1,1,0,1,0,0,0,0,0,0,1,1,1,0,0,0,0,0,0.7500044,1,0.116562537,0.659377283
G_C_11105500_Ser_198_Ser,198.0,0,0,1,0,0,0,1,-4.598771832501887,0.0,1,0,4.0,1.0,,0,-2.21099996566772,0.0,1,1,1,0,1,0,0,0,0,0,0,1,1,1,0,0,0,0,0,0.7500044,1,0.116562537,0.659377283
C_T_11105503_Ala_199_Ala,199.0,0,0,1,0,0,0,1,-4.634699251362012,0.01,1,0,4.0,1.0,,0,-1.45099997520447,0.0,1,1,1,0,1,0,0,0,0,0,0,1,1,1,0,0,0,0,0,0.930400627,1,0.133255015,0.753804198
T_T_11105505_Glu_201_fs,201.0,1,0,0,1,0,0,0,,,0,0,4.0,1.0,,0,,,0,0,1,1,1,0,0,0,0,0,0,1,1,1,1,0,0,0,0,,0,,
T_T_11105505_Phe_200_fs,200.0,1,0,0,1,0,0,0,,,0,0,4.0,1.0,,0,-1.43700003623962,0.0,1,1,1,1,1,0,0,0,0,0,0,1,1,1,-1,0,0,0,0,,0,,
C_A_11105506_Phe_200_Leu,200.0,0,1,0,0,0,0,0,,0.07,1,0,4.0,1.0,0.515,1,-1.43700003623962,0.0,1,1,1,0,1,0,0,0,0,0,0,1,1,1,0,0,0,0,0,1.008309152,1,0.090954426,0.315075374
C_T_11105506_Phe_200_Phe,200.0,0,0,1,0,0,0,0,,0.04,1,0,4.0,1.0,,0,-1.43700003623962,0.0,1,1,1,0,1,0,0,0,0,0,0,1,1,1,0,0,0,0,0,0.990928657,1,0.059364803,0.35618882
G_A_11105507_Glu_201_Lys,201.0,1,1,0,0,0,0,0,,0.0,1,0,4.0,1.0,0.885,1,6.69299983978271,1.0,1,1,1,0,1,0,0,0,0,0,0,1,1,1,0,0,0,0,0,0.547893353,1,0.167338636,0.819788547
G_C_11105507_Glu_201_Gln,201.0,1,1,0,0,0,0,0,,0.01,1,0,4.0,1.0,0.742,1,6.69299983978271,1.0,1,1,1,0,1,0,0,0,0,0,0,1,1,1,0,0,0,0,0,,0,,
A_C_11105508_Glu_201_Ala,201.0,1,1,0,0,0,0,0,,0.0,1,0,4.0,1.0,0.916,1,7.34200000762939,1.0,1,1,1,0,1,0,0,0,0,0,0,1,1,1,0,0,0,0,0,0.870453863,1,0.258787928,0.89646768
G_A_11105509_Glu_201_Glu,201.0,0,0,1,0,0,0,0,,0.0,1,0,4.0,1.0,,0,2.50500011444092,1.0,1,1,1,0,1,0,0,0,0,0,0,1,1,1,0,0,0,0,0,0.778359875,1,0.148871289,0.421071593
A_A_11105514_Cys_204_fs,204.0,1,0,0,1,0,0,0,,,0,0,4.0,1.0,,0,-0.0120000001043081,0.573000013828278,1,1,1,1,1,0,0,0,0,1,0,1,1,1,-1,0,0,0,0,,0,,
T_C_11105516_Cys_204_Arg,204.0,1,1,0,0,0,0,1,-4.650528200785614,0.0,1,0,4.0,1.0,0.953,1,7.92399978637695,1.0,1,1,1,0,1,0,0,0,0,1,0,1,1,1,0,0,0,0,0,0.183005495,1,0.152349849,0.806159627
T_G_11105516_Cys_204_Gly,204.0,1,1,0,0,0,0,0,,0.0,1,0,4.0,1.0,0.934,1,7.92399978637695,1.0,1,1,1,0,1,0,0,0,0,1,0,1,1,1,0,0,0,0,0,0.09686408,1,0.087230063,0.390104701
G_A_11105517_Cys_204_Tyr,204.0,1,1,0,0,0,0,0,,0.0,1,0,4.0,1.0,0.916,1,9.88300037384033,1.0,1,1,1,0,1,0,0,0,0,1,0,1,1,1,0,0,0,0,0,0.39064101,1,0.245292299,0.981169194
G_C_11105517_Cys_204_Ser,204.0,1,1,0,0,0,0,0,,0.0,1,0,4.0,1.0,0.927,1,9.88300037384033,1.0,1,1,1,0,1,0,0,0,0,1,0,1,1,1,0,0,0,0,0,-0.02619591,1,0.13190706,0.79144236
G_T_11105517_Cys_204_Phe,204.0,1,1,0,0,0,0,0,,0.0,1,0,4.0,1.0,0.909,1,9.88300037384033,1.0,1,1,1,0,1,0,0,0,0,1,0,1,1,1,0,0,0,0,0,-0.016138241,1,0.225289514,0.637214971
T_T_11105520_Ser_206_fs,206.0,1,0,0,1,0,0,0,,,0,0,4.0,1.0,,0,,,0,0,1,1,1,0,0,0,0,0,0,1,1,1,1,0,0,0,0,,0,,
A_A_11105521_Gly_207_fs,207.0,1,0,0,1,0,0,0,,,0,0,4.0,1.0,,0,,,0,0,1,1,1,0,0,0,0,0,0,1,1,1,-7,0,0,0,0,,0,,
A_A_11105521_Gly_207_Ser,207.0,1,0,0,0,0,0,0,,,0,0,4.0,1.0,,0,,,0,0,1,0,1,0,0,0,0,0,0,1,1,1,-21,0,1,1,0,,0,,
A_A_11105522_Ser_206_fs,206.0,1,0,0,1,0,0,0,,,0,0,4.0,1.0,,0,2.51600003242493,0.215000003576279,1,1,1,1,1,0,0,0,0,0,0,1,1,1,-1,0,0,0,0,,0,,
G_G_11105523_Glu_208_fs,208.0,1,0,0,1,0,0,0,,,0,0,4.0,1.0,,0,,,0,0,1,1,1,0,0,0,0,0,0,1,1,1,-22,0,0,0,0,,0,,
T_G_11105524_Ser_206_Arg,206.0,1,1,0,0,0,0,0,,0.0,1,0,4.0,1.0,0.741,1,-2.36299991607666,0.0,1,1,1,0,1,0,0,0,0,0,0,1,1,1,0,0,0,0,0,0.09210582,1,0.257514983,1.030059932
T_T_11105524_Gly_207_Ser,207.0,1,0,0,0,0,0,0,,,0,0,4.0,1.0,,0,,,0,0,1,0,1,0,0,0,0,0,0,1,1,1,-21,0,1,1,0,,0,,
C_T_11105527_Gly_207_Gly,207.0,1,0,1,0,0,0,1,-4.780939667551139,0.98,1,0,4.0,1.0,,0,-0.962000012397766,0.0219999998807907,1,1,1,0,1,0,0,0,0,0,0,1,1,1,0,0,0,0,0,1.079152254,1,0.051017323,0.269958297
G_A_11105528_Glu_208_Lys,208.0,1,1,0,0,0,0,1,-4.650528200785614,0.01,1,0,4.0,1.0,0.812,1,5.48999977111816,1.0,1,1,1,0,1,0,0,0,0,0,0,1,1,1,0,0,0,0,0,0.14553261,1,0.149816588,0.792754867
G_T_11105528_Glu_208_Ter,208.0,1,0,0,0,0,0,0,,0.0,1,0,4.0,1.0,,0,5.48999977111816,1.0,1,1,1,1,1,0,1,0,0,0,0,1,1,1,0,0,0,0,0,-0.092475511,1,0.125170513,0.662340095
A_A_11105529_Ile_210_fs,210.0,1,0,0,1,0,0,0,,,0,0,4.0,1.0,,0,,,0,0,1,1,1,0,0,0,0,0,0,1,1,1,2,0,0,0,0,,0,,
T_G_11105531_Cys_209_Gly,209.0,1,1,0,0,0,0,1,-4.182699121606679,0.0,1,0,4.0,1.0,0.969,1,7.92399978637695,1.0,1,1,1,0,1,0,0,0,0,1,0,1,1,1,0,0,0,0,0,0.060682359,1,0.084828181,0.508969086
G_A_11105532_Cys_209_Tyr,209.0,1,1,0,0,0,0,1,-5.568958054664114,0.01,1,0,4.0,1.0,0.963,1,9.88300037384033,1.0,1,1,1,0,1,0,0,0,0,1,0,1,1,1,0,0,0,0,0,0.179365398,1,0.168395044,0.673580177
G_T_11105532_Cys_209_Phe,209.0,1,1,0,0,0,0,0,,0.0,1,0,4.0,1.0,0.968,1,9.88300037384033,1.0,1,1,1,0,1,0,0,0,0,1,0,1,1,1,0,0,0,0,0,0.152121004,1,0.190853413,0.539814972
C_T_11105533_Cys_209_Cys,209.0,0,0,1,0,0,0,0,,0.0,1,0,4.0,1.0,,0,-0.648999989032745,0.0130000002682209,1,1,1,0,1,0,0,0,0,1,0,1,1,1,0,0,0,0,0,1.067932864,1,0.090274432,0.361097728
T_C_11105535_Ile_210_Thr,210.0,1,1,0,0,0,0,0,,0.0,1,0,4.0,1.0,0.871,1,7.92399978637695,1.0,1,1,1,0,1,0,0,0,0,0,0,1,1,1,0,0,0,0,0,,0,,
T_T_11105535_His_211_fs,211.0,1,0,0,1,0,0,0,,,0,0,4.0,1.0,,0,7.78399991989136,1.0,1,1,1,1,1,0,0,0,0,0,0,1,1,1,-1,0,0,0,0,,0,,
C_T_11105536_Ile_210_Ile,210.0,0,0,1,0,0,0,0,,0.0,1,0,4.0,1.0,,0,0.578000009059906,0.996999979019165,1,1,1,0,1,0,0,0,0,0,0,1,1,1,0,0,0,0,0,0.666262264,1,0.236454092,0.945816368
C_T_11105537_His_211_Tyr,211.0,1,1,0,0,0,0,1,-4.349498205121633,0.0,1,0,4.0,1.0,0.896,1,7.78399991989136,1.0,1,1,1,0,1,0,0,0,0,0,0,1,1,1,0,0,0,0,0,0.916930589,1,0.059880547,0.293353571
C_C_11105537_His_211_Pro,211.0,1,0,0,0,0,0,0,,,0,0,4.0,1.0,,0,,,0,0,1,0,1,0,0,0,0,0,0,1,1,1,-3,0,1,1,1,,0,,
A_G_11105538_His_211_Arg,211.0,1,1,0,0,0,0,0,,0.0,1,0,4.0,1.0,0.763,1,4.14099979400635,0.999000012874603,1,1,1,0,1,0,0,0,0,0,0,1,1,1,0,0,0,0,0,0.182164433,1,0.109004027,0.576795097
A_T_11105538_His_211_Leu,211.0,1,1,0,0,0,0,1,-5.744968836654449,0.0,1,0,4.0,1.0,0.78,1,4.14099979400635,0.999000012874603,1,1,1,0,1,0,0,0,0,0,0,1,1,1,0,0,0,0,0,0.833032784,1,0.075453357,0.369644446
C_T_11105539_His_211_His,211.0,0,0,1,0,0,0,0,,0.01,1,0,4.0,1.0,,0,-0.363999992609024,0.0,1,1,1,0,1,0,0,0,0,0,0,1,1,1,0,0,0,0,0,0.649571334,1,0.206002707,0.713614311
C_C_11105541_Trp_214_Trp,214.0,1,0,0,0,0,0,0,,,0,0,4.0,1.0,,0,,,0,0,1,0,1,0,0,0,0,0,0,1,1,1,15,0,0,1,1,,0,,
C_T_11105542_Ser_212_Ser,212.0,0,0,1,0,0,0,1,-3.714667772356115,0.0,1,0,4.0,1.0,,0,-0.503000020980835,0.0,1,1,1,0,1,0,0,0,0,0,0,1,1,1,0,0,0,0,0,1.057816648,1,0.053674624,0.240040216
G_A_11105547_Trp_214_Ter,214.0,1,0,0,0,0,0,0,,0.0,1,0,4.0,1.0,,0,8.07600021362305,1.0,1,1,1,1,1,0,1,0,0,0,0,1,1,1,0,0,0,0,0,0.212732604,1,0.273575942,1.094303768
G_C_11105547_Trp_214_Ser,214.0,1,1,0,0,0,0,0,,0.0,1,0,4.0,1.0,0.87,1,8.07600021362305,1.0,1,1,1,0,1,0,0,0,0,0,0,1,1,1,0,0,0,0,0,0.132394393,1,0.156846568,0.701439174
G_A_11105548_Trp_214_Ter,214.0,1,0,0,0,0,0,0,,0.0,1,0,4.0,1.0,,0,7.88800001144409,1.0,1,1,1,1,1,0,1,0,0,0,0,1,1,1,0,0,0,0,0,0.212732604,1,0.273575942,1.094303768
C_A_11105549_Arg_215_Ser,215.0,1,1,0,0,0,0,0,,0.0,1,0,4.0,1.0,0.639,1,0.53600001335144,0.0610000006854534,1,1,1,0,1,0,0,0,0,0,0,1,1,1,0,0,0,0,0,0.817092758,1,0.101692668,0.287630301
G_G_11105550_Arg_215_Ter,215.0,1,0,0,1,0,0,0,,,0,0,4.0,1.0,,0,,,0,0,1,1,1,0,0,0,0,0,0,1,1,1,-2,0,0,0,1,0.036691948,1,0.100900338,0.403601351
G_G_11105550_Asp_217_Cys,217.0,1,0,0,0,0,0,0,,,0,0,4.0,1.0,,0,,,0,0,1,0,1,0,0,0,0,0,0,1,1,1,-18,0,1,1,0,,0,,
C_T_11105551_Arg_215_Arg,215.0,0,0,1,0,0,0,0,,0.0,1,0,4.0,1.0,,0,-0.279000014066696,0.0,1,1,1,0,1,0,0,0,0,0,0,1,1,1,0,0,0,0,0,1.022125324,1,0.129146674,0.447377203
C_C_11105551_Cys_216_fs,216.0,1,0,0,1,0,0,0,,,0,0,4.0,1.0,,0,7.92399978637695,1.0,1,1,1,1,1,0,0,0,0,1,0,1,1,1,-1,0,0,0,0,,0,,
C_C_11105551_Cys_216_Ter,216.0,1,0,0,1,0,0,0,,,0,0,4.0,1.0,,0,,,0,0,1,1,1,0,1,1,0,1,0,1,1,1,-2,0,1,0,1,0.036691948,1,0.100900338,0.403601351
T_C_11105552_Cys_216_Arg,216.0,1,1,0,0,0,0,0,,0.0,1,0,4.0,1.0,0.953,1,7.92399978637695,1.0,1,1,1,0,1,0,0,0,0,1,0,1,1,1,0,0,0,0,0,-0.221104761,1,0.090986983,0.406906156
T_T_11105552_Asp_217_Gly,217.0,1,0,0,0,0,0,0,,,0,0,4.0,1.0,,0,,,0,0,1,0,1,0,0,0,0,0,0,1,1,1,-9,0,1,1,0,,0,,
G_A_11105553_Cys_216_Tyr,216.0,1,1,0,0,0,0,1,-3.756713853916554,0.0,1,0,4.0,1.0,0.926,1,9.88300037384033,1.0,1,1,1,0,1,0,0,0,0,1,0,1,1,1,0,0,0,0,0,0.02961696,1,0.15829275,1.096684343
G_G_11105553_Asp_217_Ter,217.0,1,0,0,1,0,0,1,-6.0459505532364055,,0,0,4.0,1.0,,0,,,0,0,1,1,1,0,0,0,0,0,0,1,1,1,1,0,0,0,0,-0.041601912,1,0.074567633,0.42181823
G_G_11105555_Asp_217_fs,217.0,1,0,0,1,0,0,0,,,0,0,4.0,1.0,,0,,,0,0,1,1,1,0,0,0,0,0,0,1,1,1,1,0,0,0,0,,0,,
G_G_11105555_Asp_217_fs,217.0,1,0,0,1,0,0,0,,,0,0,4.0,1.0,,0,,,0,0,1,1,1,0,0,0,0,0,0,1,1,1,-37,0,0,0,0,,0,,
T_C_11105557_Asp_217_Asp,217.0,0,0,1,0,0,0,1,-3.4111682744057927,0.0,1,0,4.0,1.0,,0,-0.913999974727631,0.0209999997168779,1,1,1,0,1,0,0,0,0,0,0,1,1,1,0,0,0,0,0,,0,,
T_T_11105557_Gly_218_fs,218.0,1,0,0,1,0,0,1,-6.045516282844448,,0,0,4.0,1.0,,0,4.96199989318848,1.0,1,1,1,1,1,0,0,0,0,0,0,1,1,1,-1,0,0,0,0,,0,,
T_T_11105560_Gly_219_Gly,219.0,1,0,0,0,0,0,0,,,0,0,4.0,1.0,,0,,,0,0,1,0,1,0,0,0,0,0,0,1,1,1,-3,0,1,1,0,,0,,
G_G_11105561_Asp_221_fs,221.0,1,0,0,1,0,0,0,,,0,0,4.0,1.0,,0,,,0,0,1,1,1,0,0,0,0,0,0,1,1,1,5,0,0,0,0,,0,,
G_G_11105562_Asp_221_fs,221.0,1,0,0,1,0,0,0,,,0,0,4.0,1.0,,0,-8.36200046539307,0.0,1,1,1,1,1,0,0,0,0,0,0,1,1,1,-1,0,0,0,0,,0,,
C_G_11105563_Gly_219_Gly,219.0,0,0,1,0,0,0,0,,0.02,1,0,4.0,1.0,,0,-1.24500000476837,0.0,1,1,1,0,1,0,0,0,0,0,0,1,1,1,0,0,0,0,0,0.939145866,1,0.042230606,0.499679267
C_T_11105563_Gly_219_Gly,219.0,0,0,1,0,0,0,0,,0.0,1,0,4.0,1.0,,0,-1.24500000476837,0.0,1,1,1,0,1,0,0,0,0,0,0,1,1,1,0,0,0,0,0,0.939145866,1,0.042230606,0.499679267
C_C_11105564_Lys_223_fs,223.0,1,0,0,1,0,0,0,,,0,0,4.0,1.0,,0,,,0,0,1,1,1,0,0,0,0,0,0,1,1,1,7,0,0,0,0,,0,,
C_C_11105565_Asp_221_Asp,221.0,1,0,0,0,0,0,0,,,0,0,4.0,1.0,,0,,,0,0,1,0,1,0,0,0,0,0,0,1,1,1,21,1,0,1,0,,0,,
C_C_11105565_Pro_220_Ter,220.0,1,0,0,1,0,0,0,,,0,0,4.0,1.0,,0,,,0,0,1,1,1,0,0,0,0,0,0,1,1,1,-17,0,0,0,1,0.035250084,1,0.115707688,0.46283075
C_C_11105566_Lys_225_fs,225.0,1,0,0,1,0,0,0,,,0,0,4.0,1.0,,0,,,0,0,1,1,1,0,0,0,0,0,0,1,1,1,13,0,0,0,0,,0,,
C_C_11105566_Asp_221_fs,221.0,1,0,0,1,0,0,0,,,0,0,4.0,1.0,,0,,,0,0,1,1,1,0,0,0,0,0,0,1,1,1,2,0,0,0,0,,0,,
C_T_11105566_Pro_220_Pro,220.0,0,0,1,0,0,0,1,-3.0551226940363048,0.0,1,0,4.0,1.0,,0,-8.36200046539307,0.0,1,1,1,0,1,0,0,0,0,0,0,1,1,1,0,0,0,0,0,0.98824318,1,0.075717776,0.33862019
C_C_11105566_Cys_222_Asp,222.0,1,0,0,0,0,0,0,,,0,0,4.0,1.0,,0,,,0,0,1,0,1,0,0,0,0,1,0,1,1,1,-9,0,1,1,0,,0,,
C_C_11105566_Cys_222_Asp,222.0,1,0,0,0,0,0,0,,,0,0,4.0,1.0,,0,,,0,0,1,0,1,0,0,0,0,1,0,1,1,1,-18,0,1,1,0,,0,,
G_A_11105567_Asp_221_Asn,221.0,1,1,0,0,0,0,1,-4.598082749482425,0.0,1,0,4.0,1.0,0.816,1,9.88300037384033,1.0,1,1,1,0,1,0,0,0,0,0,0,1,1,1,0,0,0,0,0,-0.26849505,1,0.264721487,1.058885949
G_A_11105567_Asp_221_fs,221.0,1,0,0,1,0,0,0,,,0,0,4.0,1.0,,0,9.88300037384033,1.0,1,1,1,1,1,0,0,0,0,0,0,1,1,1,4,0,0,0,0,,0,,
G_C_11105567_Asp_221_His,221.0,1,1,0,0,0,0,0,,0.01,1,0,4.0,1.0,0.965,1,9.88300037384033,1.0,1,1,1,0,1,0,0,0,0,0,0,1,1,1,0,0,0,0,0,-0.072689362,1,0.154809986,0.437868762
G_T_11105567_Asp_221_Tyr,221.0,1,1,0,0,0,0,0,,0.0,1,0,4.0,1.0,0.978,1,9.88300037384033,1.0,1,1,1,0,1,0,0,0,0,0,0,1,1,1,0,0,0,0,0,0.074903843,1,0.186287927,0.526901827
G_G_11105567_Lys_223_Cys,223.0,1,0,0,0,0,0,0,,,0,0,4.0,1.0,,0,,,0,0,1,0,1,0,0,0,0,0,1,1,1,1,-27,0,1,1,0,,0,,
A_A_11105568_Glu_228_Ter,228.0,1,0,0,1,0,0,0,,,0,0,4.0,1.0,,0,,,0,0,1,1,1,0,0,0,0,0,0,1,1,1,19,0,1,0,1,,0,,
A_G_11105568_Asp_221_Gly,221.0,1,1,0,0,0,0,1,-4.454445492765935,0.0,1,0,4.0,1.0,0.986,1,9.21500015258789,1.0,1,1,1,0,1,0,0,0,0,0,0,1,1,1,0,0,0,0,0,-0.137347994,1,0.063273472,0.253093888
A_T_11105568_Asp_221_Val,221.0,1,1,0,0,0,0,0,,0.0,1,0,4.0,1.0,0.982,1,9.21500015258789,1.0,1,1,1,0,1,0,0,0,0,0,0,1,1,1,0,0,0,0,0,0.012778044,1,0.155529568,0.62211827
A_A_11105568_Cys_222_Ter,222.0,1,0,0,1,0,0,0,,,0,0,4.0,1.0,,0,,,0,0,1,1,1,0,1,1,0,1,0,1,1,1,-14,0,1,0,1,0.076778375,1,0.156274023,0.625096092
C_T_11105569_Asp_221_Asp,221.0,0,0,1,0,0,0,0,,0.0,1,0,4.0,1.0,,0,4.06400012969971,1.0,1,1,1,0,1,0,0,0,0,0,0,1,1,1,0,0,0,0,0,1.363922511,1,0.106522536,0.30129123
T_C_11105570_Cys_222_Arg,222.0,1,1,0,0,0,0,1,-3.713094647027625,0.0,1,0,4.0,1.0,0.966,1,7.92399978637695,1.0,1,1,1,0,1,0,0,0,0,1,0,1,1,1,0,0,0,0,0,0.042719874,1,0.086247192,0.385709168
T_G_11105570_Cys_222_Gly,222.0,1,1,0,0,0,0,0,,0.0,1,0,4.0,1.0,0.984,1,7.92399978637695,1.0,1,1,1,0,1,0,0,0,0,1,0,1,1,1,0,0,0,0,0,0.147143647,1,0.144940838,0.409954599
T_T_11105570_Ser_226_Ser,226.0,1,0,0,0,0,0,0,,,0,0,4.0,1.0,,0,,,0,0,1,0,1,0,0,0,0,0,0,1,1,1,15,0,0,1,1,,0,,
T_T_11105570_Glu_228_fs,228.0,1,0,0,1,0,0,0,,,0,0,4.0,1.0,,0,,,0,0,1,1,1,0,0,0,0,0,0,1,1,1,17,0,0,0,0,,0,,
T_C_11105570_Cys_222_fs,222.0,1,0,0,1,0,0,0,,,0,0,4.0,1.0,,0,,,0,0,1,1,1,0,0,0,0,1,0,1,1,1,-11,0,0,0,0,,0,,
G_A_11105571_Cys_222_Tyr,222.0,1,1,0,0,0,0,1,-6.045468057373086,0.0,1,0,4.0,1.0,0.951,1,9.88300037384033,1.0,1,1,1,0,1,0,0,0,0,1,0,1,1,1,0,0,0,0,0,-0.206023097,1,0.180494431,0.510515344
G_T_11105571_Cys_222_Phe,222.0,1,1,0,0,0,0,1,-6.045468057373086,0.0,1,0,4.0,1.0,0.971,1,9.88300037384033,1.0,1,1,1,0,1,0,0,0,0,1,0,1,1,1,0,0,0,0,0,-0.17873972,1,0.123076183,0.426348404
G_G_11105571_Cys_222_Ter,222.0,1,0,0,1,0,0,0,,,0,0,4.0,1.0,,0,,,0,0,1,1,1,0,0,0,0,1,0,1,1,1,-11,0,0,0,1,0.01646064,1,0.34435125,2.483152178
G_G_11105571_Lys_223_Asp,223.0,1,0,0,0,0,0,0,,,0,0,4.0,1.0,,0,,,0,0,1,0,1,0,0,0,0,0,0,1,1,1,-15,0,1,1,0,,0,,
G_G_11105571_Asp_221_Ter,221.0,1,0,0,1,0,0,0,,,0,0,4.0,1.0,,0,,,0,0,1,1,1,0,0,0,0,0,0,1,1,1,-22,0,0,0,1,0.076778375,1,0.156274023,0.625096092
G_G_11105571_Cys_222_Ter,222.0,1,0,0,1,0,0,0,,,0,0,4.0,1.0,,0,,,0,0,1,1,1,0,1,1,0,1,0,1,1,1,-23,0,1,0,1,0.076778375,1,0.156274023,0.625096092
C_A_11105572_Cys_222_Ter,222.0,1,0,0,0,0,0,0,,0.02,1,0,4.0,1.0,,0,2.67899990081787,0.999000012874603,1,1,1,1,1,0,1,0,0,1,0,1,1,1,0,0,0,0,0,0.076778375,1,0.156274023,0.625096092
C_G_11105572_Cys_222_Trp,222.0,1,1,0,0,0,0,0,,0.0,1,0,4.0,1.0,0.918,1,2.67899990081787,0.999000012874603,1,1,1,0,1,0,0,0,0,1,0,1,1,1,0,0,0,0,0,0.172105939,1,0.115316477,0.61019744
A_A_11105573_Ser_226_Ser,226.0,1,0,0,0,0,0,0,,,0,0,4.0,1.0,,0,,,0,0,1,0,1,0,0,0,0,0,0,1,1,1,12,0,0,1,1,,0,,
A_A_11105573_Glu_228_fs,228.0,1,0,0,1,0,0,0,,,0,0,4.0,1.0,,0,,,0,0,1,1,1,0,0,0,0,0,0,1,1,1,14,0,0,0,0,,0,,
A_A_11105573_Asp_224_Glu,224.0,1,0,0,0,0,0,0,,,0,0,4.0,1.0,,0,,,0,0,1,0,1,0,0,0,0,0,0,1,1,1,-15,0,1,1,0,,0,,
A_A_11105574_Asp_224_fs,224.0,1,0,0,1,0,0,0,,,0,0,4.0,1.0,,0,,,0,0,1,1,1,0,0,0,0,0,0,1,1,1,1,0,0,0,0,,0,,
A_A_11105574_Asp_227_fs,227.0,1,0,0,1,0,0,0,,,0,0,4.0,1.0,,0,,,0,0,1,1,1,0,0,0,0,0,0,1,1,1,11,0,0,0,0,,0,,
G_A_11105575_Lys_223_Lys,223.0,0,0,1,0,0,0,0,,0.0,1,0,4.0,1.0,,0,0.884999990463257,0.749000012874603,1,1,1,0,1,0,0,0,0,0,0,1,1,1,0,0,0,0,0,0.021932265,1,0.126010616,0.436513577
G_C_11105575_Lys_223_Asn,223.0,1,1,0,0,0,0,1,-6.045275209020937,0.0,1,0,4.0,1.0,0.417,1,0.884999990463257,0.749000012874603,1,1,1,0,1,0,0,0,0,0,0,1,1,1,0,0,0,0,0,1.010672516,1,0.068455155,0.362230631
G_G_11105575_Asp_224_Lys,224.0,1,0,0,0,0,0,0,,,0,0,4.0,1.0,,0,,,0,0,1,0,1,0,0,0,0,0,0,1,1,1,6,1,0,1,0,,0,,
G_G_11105575_Lys_225_Asp,225.0,1,0,0,0,0,0,0,,,0,0,4.0,1.0,,0,,,0,0,1,0,1,0,0,0,0,0,0,1,1,1,9,1,0,1,0,,0,,
G_G_11105575_Asp_224_Asp,224.0,1,0,0,0,0,0,0,,,0,0,4.0,1.0,,0,,,0,0,1,0,1,0,0,0,0,0,0,1,1,1,12,1,0,1,0,,0,,
G_G_11105575_Asp_224_Asp,224.0,1,0,0,0,0,0,0,,,0,0,4.0,1.0,,0,,,0,0,1,0,1,0,0,0,0,0,0,1,1,1,-3,0,1,1,0,,0,,
G_A_11105575_Asp_224_Leu,224.0,1,0,0,0,0,0,0,,,0,0,4.0,1.0,,0,,,0,0,1,0,1,0,0,0,0,0,0,1,1,1,9,0,1,0,1,,0,,
G_A_11105576_Asp_224_Asn,224.0,1,1,0,0,0,0,1,-6.044552789422305,0.0,1,0,4.0,1.0,0.833,1,9.88300037384033,1.0,1,1,1,0,1,0,0,0,0,0,0,1,1,1,0,0,0,0,0,-0.313663902,1,0.148537736,0.420128163
G_C_11105576_Asp_224_His,224.0,1,1,0,0,0,0,0,,0.01,1,0,4.0,1.0,0.952,1,9.88300037384033,1.0,1,1,1,0,1,0,0,0,0,0,0,1,1,1,0,0,0,0,0,0.080715903,1,0.127637792,0.510551166
G_G_11105576_Asp_224_fs,224.0,1,0,0,1,0,0,0,,,0,0,4.0,1.0,,0,,,0,0,1,1,1,0,0,0,0,0,0,1,1,1,-5,0,0,0,0,,0,,
A_C_11105577_Asp_224_Ala,224.0,1,1,0,0,0,0,0,,0.01,1,0,4.0,1.0,0.982,1,9.21500015258789,1.0,1,1,1,0,1,0,0,0,0,0,0,1,1,1,0,0,0,0,0,-0.002290204,1,0.067604842,0.448439793
A_G_11105577_Asp_224_Gly,224.0,1,1,0,0,0,0,1,-5.568153954301275,0.01,1,0,4.0,1.0,0.955,1,9.21500015258789,1.0,1,1,1,0,1,0,0,0,0,0,0,1,1,1,0,0,0,0,0,-0.052485021,1,0.07177234,0.591849877
A_T_11105577_Asp_224_Val,224.0,1,1,0,0,0,0,0,,0.64,1,0,4.0,1.0,0.97,1,9.21500015258789,1.0,1,1,1,0,1,0,0,0,0,0,0,1,1,1,0,0,0,0,0,0.092968657,1,0.116613098,1.043019253
C_C_11105578_Lys_225_fs,225.0,1,0,0,1,0,0,0,,,0,0,4.0,1.0,,0,,,0,0,1,1,1,0,0,0,0,0,0,1,1,1,5,0,0,0,0,,0,,
C_G_11105578_Asp_224_Glu,224.0,1,1,0,0,0,0,0,,0.0,1,0,4.0,1.0,0.893,1,0.629999995231628,0.114000000059605,1,1,1,0,1,0,0,0,0,0,0,1,1,1,0,0,0,0,0,0.407565837,1,0.186146131,0.744584524
C_C_11105578_Lys_225_fs,225.0,1,0,0,1,0,0,0,,,0,0,4.0,1.0,,0,-0.30799999833107,0.0010000000474974,1,1,1,1,1,0,0,0,0,0,0,1,1,1,-1,0,0,0,0,,0,,
C_C_11105578_Lys_225_fs,225.0,1,0,0,1,0,0,0,,,0,0,4.0,1.0,,0,,,0,0,1,1,1,0,0,0,0,0,0,1,1,1,-10,0,0,0,0,,0,,
C_C_11105578_Ser_226_fs,226.0,1,0,0,1,0,0,0,,,0,0,4.0,1.0,,0,,,0,0,1,1,1,0,0,0,0,0,0,1,1,1,-13,0,0,0,0,,0,,
C_C_11105578_Lys_225_Glu,225.0,1,0,0,0,0,0,0,,,0,0,4.0,1.0,,0,,,0,0,1,0,1,0,0,0,0,0,0,1,1,1,-15,0,1,1,0,,0,,
A_A_11105579_Glu_228_fs,228.0,1,0,0,1,0,0,1,-4.184023999028015,,0,0,4.0,1.0,,0,,,0,0,1,1,1,0,0,0,0,0,0,1,1,1,8,0,0,0,0,,0,,
A_T_11105579_Lys_225_Lys,225.0,1,0,0,0,0,0,0,,,0,0,4.0,1.0,,0,,,0,0,1,0,1,0,0,0,0,0,0,1,1,1,-6,0,1,0,1,,0,,
A_T_11105579_Lys_225_fs,225.0,1,0,0,1,0,0,0,,,0,0,4.0,1.0,,0,,,0,0,1,1,1,0,0,0,0,0,0,1,1,1,-5,0,0,0,0,,0,,
A_A_11105580_Glu_228_Ter,228.0,1,0,0,1,0,0,0,,,0,0,4.0,1.0,,0,,,0,0,1,1,1,0,0,0,0,0,0,1,1,1,7,0,1,0,1,,0,,
A_A_11105581_Ser_226_Glu,226.0,1,0,0,0,0,0,0,,,0,0,4.0,1.0,,0,,,0,0,1,0,1,0,0,0,0,0,0,1,1,1,9,1,0,1,0,,0,,
T_C_11105582_Ser_226_Pro,226.0,1,1,0,0,0,0,0,,0.0,1,0,4.0,1.0,0.953,1,2.83800005912781,0.901000022888184,1,1,1,0,1,0,0,0,0,0,0,1,1,1,0,0,0,0,0,0.309224581,1,0.145566721,0.770266687
T_T_11105582_Glu_228_Ter,228.0,1,0,0,1,0,0,0,,,0,0,4.0,1.0,,0,,,0,0,1,1,1,0,0,0,0,0,0,1,1,1,4,0,0,0,0,0.665001587,1,0.125404051,0.560823963
T_T_11105582_Glu_228_fs,228.0,1,0,0,1,0,0,0,,,0,0,4.0,1.0,,0,,,0,0,1,1,1,0,0,0,0,0,0,1,1,1,5,0,0,0,0,,0,,
T_T_11105582_Asp_227_fs,227.0,1,0,0,1,0,0,0,,,0,0,4.0,1.0,,0,,,0,0,1,1,1,0,0,0,0,0,1,1,1,1,-13,0,0,0,0,,0,,
C_G_11105583_Ser_226_Cys,226.0,1,1,0,0,0,0,0,,0.0,1,0,4.0,1.0,0.944,1,2.82800006866455,0.893999993801117,1,1,1,0,1,0,0,0,0,0,0,1,1,1,0,0,0,0,0,-0.174160076,1,0.123170643,0.426675622
C_C_11105583_Asp_227_fs,227.0,1,0,0,1,0,0,0,,,0,0,4.0,1.0,,0,-9.62600040435791,0.0,1,1,1,1,1,0,0,0,0,0,0,1,1,1,-1,0,0,0,0,,0,,
T_C_11105584_Ser_226_Ser,226.0,0,0,1,0,0,0,1,-4.138943755423126,0.0,1,0,4.0,1.0,,0,-9.62600040435791,0.0,1,1,1,0,1,0,0,0,0,0,0,1,1,1,0,0,0,0,0,0.925739574,1,0.067616407,0.405698442
T_G_11105584_Ser_226_Ser,226.0,0,0,1,0,0,0,0,,0.0,1,0,4.0,1.0,,0,-9.62600040435791,0.0,1,1,1,0,1,0,0,0,0,0,0,1,1,1,0,0,0,0,0,0.925739574,1,0.067616407,0.405698442
T_T_11105584_Asp_227_Asp,227.0,1,0,0,0,0,0,0,,,0,0,4.0,1.0,,0,,,0,0,1,0,1,0,0,0,0,0,0,1,1,1,-3,0,1,1,0,,0,,
G_A_11105585_Asp_227_Asn,227.0,1,1,0,0,0,0,0,,0.0,1,0,4.0,1.0,0.896,1,9.88300037384033,1.0,1,1,1,0,1,0,0,0,0,0,0,1,1,1,0,0,0,0,0,,0,,
G_G_11105585_Asp_227_fs,227.0,1,0,0,1,0,0,1,-5.141402655005308,,0,0,4.0,1.0,,0,,,0,0,1,1,1,0,0,0,0,0,0,1,1,1,-2,0,0,0,0,,0,,
A_A_11105586_Asp_227_Cys,227.0,1,0,0,0,0,0,0,,,0,0,4.0,1.0,,0,,,0,0,1,0,1,0,0,0,0,0,0,1,1,1,18,0,0,1,1,,0,,
A_T_11105586_Asp_227_Val,227.0,1,1,0,0,0,0,0,,0.0,1,0,4.0,1.0,0.983,1,9.21500015258789,1.0,1,1,1,0,1,0,0,0,0,0,0,1,1,1,0,0,0,0,0,-0.067840443,1,0.085797008,0.542627923
A_A_11105586_Asp_227_fs,227.0,1,0,0,1,0,0,0,,,0,0,4.0,1.0,,0,-0.217999994754791,0.513000011444092,1,1,1,1,1,0,0,0,0,0,0,1,1,1,-1,0,0,0,0,,0,,
A_C_11105586_Asp_227_fs,227.0,1,0,0,1,0,0,0,,,0,0,4.0,1.0,,0,,,0,0,1,1,1,0,0,0,0,0,0,1,1,1,-1,0,0,0,0,,0,,
A_C_11105586_Asp_227_fs,227.0,1,0,0,1,0,0,0,,,0,0,4.0,1.0,,0,,,0,0,1,1,1,0,0,0,0,0,0,1,1,1,11,0,0,0,0,,0,,
A_A_11105586_Glu_228_Cys,228.0,1,0,0,0,0,0,0,,,0,0,4.0,1.0,,0,,,0,0,1,0,1,0,0,0,0,0,1,1,1,1,-12,0,1,1,0,,0,,
C_A_11105587_Asp_227_Glu,227.0,1,1,0,0,0,0,0,,0.0,1,0,4.0,1.0,0.864,1,-0.217999994754791,0.513000011444092,1,1,1,0,1,0,0,0,0,0,0,1,1,1,0,0,0,0,0,0.573640935,1,0.407380379,1.411207028
C_C_11105587_Glu_228_Ter,228.0,1,0,0,1,0,0,0,,,0,0,4.0,1.0,,0,,,0,0,1,1,1,0,1,1,0,0,0,1,1,1,4,0,0,0,0,0.665001587,1,0.125404051,0.560823963
C_G_11105587_Asp_227_Glu,227.0,1,1,0,0,0,0,1,-3.736127323134777,0.01,1,0,4.0,1.0,0.864,1,-0.217999994754791,0.513000011444092,1,1,1,0,1,0,0,0,0,0,0,1,1,1,0,0,0,0,0,0.573640935,1,0.407380379,1.411207028
C_T_11105587_Asp_227_Asp,227.0,0,0,1,0,0,0,1,-3.337998120610083,0.01,1,0,4.0,1.0,,0,-0.217999994754791,0.513000011444092,1,1,1,0,1,0,0,0,0,0,0,1,1,1,0,0,0,0,0,,0,,
C_C_11105587_Glu_228_fs,228.0,1,0,0,1,0,0,0,,,0,0,4.0,1.0,,0,9.88300037384033,1.0,1,1,1,1,1,0,0,0,0,0,0,1,1,1,-1,0,0,0,0,,0,,
G_A_11105588_Glu_228_Lys,228.0,1,1,0,0,0,0,1,-4.295592072613159,0.0,1,0,4.0,1.0,0.972,1,9.88300037384033,1.0,1,1,1,0,1,0,0,0,0,0,0,1,1,1,0,0,0,0,0,-0.195673103,1,0.174622335,0.698489341
G_C_11105588_Glu_228_Gln,228.0,1,1,0,0,0,0,1,-3.540004743952609,0.0,1,0,4.0,1.0,0.944,1,9.88300037384033,1.0,1,1,1,0,1,0,0,0,0,0,0,1,1,1,0,0,0,0,0,0.62330851,1,0.088860234,0.251334695
G_T_11105588_Glu_228_Ter,228.0,1,0,0,0,0,0,1,-4.025488307262672,0.02,1,0,4.0,1.0,,0,9.88300037384033,1.0,1,1,1,1,1,0,1,0,0,0,0,1,1,1,0,0,0,0,0,0.665001587,1,0.125404051,0.560823963
G_T_11105588_Glu_228_Lys,228.0,1,0,0,0,0,0,0,,,0,0,4.0,1.0,,0,9.88300037384033,1.0,1,1,1,0,1,0,0,0,0,0,0,1,1,1,18,0,1,0,1,,0,,
G_T_11105588_Glu_228_Lys,228.0,1,0,0,0,0,0,0,,,0,0,4.0,1.0,,0,9.88300037384033,1.0,1,1,1,0,1,0,0,0,0,0,0,1,1,1,3,0,1,0,1,,0,,
A_C_11105589_Glu_228_Ala,228.0,1,1,0,0,0,0,1,,0.0,1,0,4.0,1.0,0.982,1,9.21500015258789,1.0,1,1,1,0,1,0,0,0,0,0,0,1,1,1,0,0,0,0,0,-0.102783699,1,0.077351943,0.309407771
A_G_11105589_Glu_228_Gly,228.0,1,1,0,0,0,0,0,,0.01,1,0,4.0,1.0,0.983,1,9.21500015258789,1.0,1,1,1,0,1,0,0,0,0,0,0,1,1,1,0,0,0,0,0,0.107898652,1,0.113228043,0.67936826
G_A_11105590_Glu_228_Glu,228.0,0,0,1,0,0,0,1,-4.523168371487739,0.0,1,0,4.0,1.0,,0,0.625999987125397,0.397000014781952,1,1,1,0,1,0,0,0,0,0,0,1,1,1,0,0,0,0,0,,0,,
G_C_11105590_Glu_228_Asp,228.0,1,1,0,0,0,0,0,,0.0,1,0,4.0,1.0,0.895,1,0.625999987125397,0.397000014781952,1,1,1,0,1,0,0,0,0,0,0,1,1,1,0,0,0,0,0,0.084324162,1,0.084999355,0.588892803
G_T_11105591_Glu_229_Ter,229.0,1,0,0,0,0,0,0,,0.48,1,0,4.0,1.0,,0,0.865000009536743,0.208000004291534,1,1,1,1,1,0,1,0,0,0,0,1,1,1,0,0,0,0,0,-0.015722569,1,0.137857178,0.477551273
G_G_11105591_Asn_230_fs,230.0,1,0,0,1,0,0,0,,,0,0,4.0,1.0,,0,1.05599999427795,0.0260000005364418,1,1,1,1,1,0,0,0,0,0,0,1,1,1,-1,0,0,0,0,,0,,
A_T_11105592_Glu_229_Val,229.0,1,1,0,0,0,0,0,,1.0,1,0,4.0,1.0,0.393,1,-0.137999996542931,0.0,1,1,1,0,1,0,0,0,0,0,0,1,1,1,0,0,0,0,0,0.975985138,1,0.048072162,0.288432974
C_T_11105596_Asn_230_Asn,230.0,0,0,1,0,0,0,0,,0.0,1,0,4.0,1.0,,0,0.666000008583069,0.115000002086163,1,1,1,0,1,0,0,0,0,0,0,1,1,1,0,0,0,0,0,0.71875126,1,0.161253124,0.789975747
C_C_11105596_<NA>_<NA>_<NA>,,1,0,0,0,1,0,0,,,0,0,4.0,1.0,,0,,,0,0,1,0,1,0,0,0,0,0,1,1,0,1,-22,0,0,0,0,,0,,
T_C_11105597_Cys_231_Arg,231.0,1,1,0,0,0,0,0,,0.0,1,0,4.0,1.0,0.855,1,7.92399978637695,1.0,1,1,1,0,1,0,0,0,0,1,0,1,1,1,0,0,0,0,0,-0.00612808,1,0.12851054,0.995438366
T_G_11105597_Cys_231_Gly,231.0,1,1,0,0,0,0,1,-4.564633493387339,0.01,1,0,4.0,1.0,0.85,1,7.92399978637695,1.0,1,1,1,0,1,0,0,0,0,1,0,1,1,1,0,0,0,0,0,0.726505202,1,0.109704124,0.380026234
T_T_11105597_Ala_232_fs,232.0,1,0,0,1,1,0,0,,,0,1,4.0,1.0,,0,,,0,0,1,0,1,0,0,0,0,0,1,0,1,1,-966,0,0,0,0,,0,,
G_A_11105598_Cys_231_Tyr,231.0,1,1,0,0,0,0,0,,0.01,1,0,4.0,1.0,0.825,1,9.88300037384033,1.0,1,1,1,0,1,0,0,0,0,1,1,1,1,1,0,0,0,0,0,0.236178179,1,0.11556961,0.653760437
C_A_11105599_Cys_231_Ter,231.0,1,0,0,0,0,0,1,-4.829444941478791,0.01,1,0,4.0,1.0,,0,-0.337999999523163,0.0,1,1,1,1,1,0,1,0,0,1,1,1,1,1,0,0,0,0,0,0.136427568,1,0.104924592,0.41969837
C_G_11105599_Cys_231_Trp,231.0,1,1,0,0,0,0,1,-3.915781313260761,0.0,1,0,4.0,1.0,0.708,1,-0.337999999523163,0.0,1,1,1,0,1,0,0,0,0,1,1,1,1,1,0,0,0,0,0,0.054511109,1,0.130173366,0.823288655
G_A_11105601_<NA>_<NA>_<NA>,,1,0,0,0,0,0,0,,0.99,1,0,,,,0,9.48299980163574,1.0,1,1,,1,,,0,0,0,0,1,0,0,0,0,0,0,0,0,,0,,
G_C_11105601_<NA>_<NA>_<NA>,,1,0,0,0,0,0,0,,0.99,1,0,,,,0,9.48299980163574,1.0,1,1,,1,,,0,0,0,0,1,0,0,0,0,0,0,0,0,,0,,
G_T_11105601_<NA>_<NA>_<NA>,,1,0,0,0,0,0,1,-6.0401004121340565,0.99,1,0,,,,0,9.48299980163574,1.0,1,1,,1,,,0,0,0,0,1,0,0,0,0,0,0,0,0,,0,,
A_A_11105603_<NA>_<NA>_<NA>,,1,0,0,0,1,0,0,,,0,0,,,,0,,,0,0,,0,,,0,0,0,0,0,0,0,0,1,0,0,0,0,,0,,
T_G_11105604_<NA>_<NA>_<NA>,,0,0,0,0,1,0,1,-2.685290307044826,0.01,1,0,,,,0,-2.08299994468689,0.0,1,1,,0,,,0,0,0,0,0,0,0,0,0,0,0,0,0,,0,,
G_A_11105607_<NA>_<NA>_<NA>,,0,0,0,0,1,0,0,,0.0,1,0,,,,0,1.75899994373322,0.0520000010728836,1,1,,0,,,0,0,0,0,1,0,0,0,0,0,0,0,0,,0,,
G_C_11105607_<NA>_<NA>_<NA>,,0,0,0,0,1,0,0,,0.0,1,0,,,,0,1.75899994373322,0.0520000010728836,1,1,,0,,,0,0,0,0,1,0,0,0,0,0,0,0,0,,0,,
G_A_11105609_<NA>_<NA>_<NA>,,0,0,0,0,1,0,1,-2.9027426903065803,0.0,1,0,,,,0,-2.55200004577637,0.0,1,1,,0,,,0,0,0,0,0,0,0,0,0,0,0,0,0,,0,,
G_T_11105609_<NA>_<NA>_<NA>,,0,0,0,0,1,0,0,,0.0,1,0,,,,0,-2.55200004577637,0.0,1,1,,0,,,0,0,0,0,0,0,0,0,0,0,0,0,0,,0,,
G_T_11105610_<NA>_<NA>_<NA>,,0,0,0,0,1,0,1,-4.832682665251824,0.0,1,0,,,,0,0.273999989032745,0.0160000007599592,1,1,,0,,,0,0,0,0,0,0,0,0,0,0,0,0,0,,0,,
G_A_11105612_<NA>_<NA>_<NA>,,0,0,0,0,1,0,1,-3.637706062035769,0.0,1,0,,,,0,2.45700001716614,0.178000003099442,1,1,,0,,,0,0,0,0,0,0,0,0,0,0,0,0,0,,0,,
C_T_11105613_<NA>_<NA>_<NA>,,0,0,0,0,1,0,1,-3.3197551629573923,0.0,1,0,,,,0,0.0610000006854534,0.0489999987185001,1,1,,0,,,0,0,0,0,0,0,0,0,0,0,0,0,0,,0,,
A_G_11105615_<NA>_<NA>_<NA>,,0,0,0,0,1,0,1,-3.495529137505581,0.0,1,0,,,,0,0.60699999332428,0.0040000001899898,1,1,,0,,,0,0,0,0,0,0,0,0,0,0,0,0,0,,0,,
A_T_11105615_<NA>_<NA>_<NA>,,0,0,0,0,1,0,1,-1.1138478180292033,0.0,1,0,,,,0,0.60699999332428,0.0040000001899898,1,1,,0,,,0,0,0,0,0,0,0,0,0,0,0,0,0,,0,,
T_T_11105619_<NA>_<NA>_<NA>,,0,0,0,0,1,0,0,,,0,0,,,,0,,,0,0,,0,,,0,0,0,0,0,0,0,0,1,0,0,0,0,,0,,
A_A_11106186_<NA>_<NA>_<NA>,,1,0,0,0,1,0,0,,,0,1,5.0,0.0,,0,,,0,0,1,0,1,0,0,0,0,0,1,0,0,1,-2365,0,0,0,0,,0,,
G_C_11106460_<NA>_<NA>_<NA>,,0,0,0,0,1,0,1,-4.355659901173677,0.0,1,0,,,,0,-0.0199999995529652,0.0,1,1,,0,,,0,0,0,0,0,0,0,0,0,0,0,0,0,,0,,
C_C_11106493_<NA>_<NA>_<NA>,,1,0,0,0,1,0,0,,,0,1,5.0,0.0,,0,,,0,0,1,0,1,0,0,0,0,0,1,0,0,1,-7636,0,0,0,0,,0,,
C_G_11106547_<NA>_<NA>_<NA>,,0,0,0,0,1,0,0,,0.02,1,0,,,,0,0.256000012159348,0.0,1,1,,0,,,0,0,0,0,0,0,0,0,0,0,0,0,0,,0,,
T_C_11106548_<NA>_<NA>_<NA>,,0,0,0,0,1,0,0,,0.0,1,0,,,,0,0.101000003516674,0.0,1,1,,0,,,0,0,0,0,0,0,0,0,0,0,0,0,0,,0,,
T_G_11106550_<NA>_<NA>_<NA>,,0,0,0,0,1,0,0,,0.01,1,0,,,,0,1.72699999809265,0.0219999998807907,1,1,,0,,,0,0,0,0,0,0,0,0,0,0,0,0,0,,0,,
T_C_11106552_<NA>_<NA>_<NA>,,0,0,0,0,1,0,1,-6.046095406586541,0.0,1,0,,,,0,-0.151999995112419,0.0,1,1,,0,,,0,0,0,0,0,0,0,0,0,0,0,0,0,,0,,
T_C_11106555_<NA>_<NA>_<NA>,,0,0,0,0,1,0,1,-5.744968836654449,0.0,1,0,,,,0,0.624000012874603,0.0010000000474974,1,1,,0,,,0,0,0,0,0,0,0,0,0,0,0,0,0,,0,,
G_A_11106556_<NA>_<NA>_<NA>,,0,0,0,0,1,0,1,-5.347077112432058,0.0,1,0,,,,0,-0.878000020980835,0.0,1,1,,0,,,0,0,0,0,0,0,0,0,0,0,0,0,0,,0,,
T_T_11106557_<NA>_<NA>_<NA>,,1,0,0,0,1,0,0,,,0,0,5.0,0.0,,0,,,0,0,1,0,1,0,0,0,0,0,1,1,0,1,-10,0,0,0,0,,0,,
G_A_11106564_<NA>_<NA>_<NA>,,1,0,0,0,0,0,0,,1.0,1,0,,,,0,9.59099960327148,1.0,1,1,,1,,,0,0,0,0,1,0,0,0,0,0,0,0,0,,0,,
G_C_11106564_<NA>_<NA>_<NA>,,1,0,0,0,0,0,0,,0.98,1,0,,,,0,9.59099960327148,1.0,1,1,,1,,,0,0,0,0,1,0,0,0,0,0,0,0,0,,0,,
G_T_11106564_<NA>_<NA>_<NA>,,1,0,0,0,0,0,0,,1.0,1,0,,,,0,9.59099960327148,1.0,1,1,,1,,,0,0,0,0,1,0,0,0,0,0,0,0,0,,0,,
G_G_11106564_Thr_235_fs,235.0,1,0,0,1,0,0,0,,,0,0,5.0,0.0,,0,,,0,0,1,1,1,0,0,0,0,0,0,1,1,1,-10,0,0,0,0,,0,,
C_C_11106572_Thr_235_fs,235.0,1,0,0,1,0,0,0,,,0,0,5.0,0.0,,0,,,0,0,1,1,1,0,0,0,0,0,0,1,1,1,1,0,0,0,0,,0,,
A_A_11106573_Cys_236_fs,236.0,1,0,0,1,0,0,0,,,0,0,5.0,0.0,,0,,,0,0,1,1,1,0,0,0,0,1,0,1,1,1,1,0,0,0,0,,0,,
C_C_11106574_Cys_236_Met,236.0,1,0,0,0,0,0,0,,,0,0,5.0,0.0,,0,,,0,0,1,0,1,0,0,0,0,1,0,1,1,1,-87,0,1,1,0,,0,,
T_C_11106576_Cys_236_Arg,236.0,1,1,0,0,0,0,1,-6.046095406586541,0.0,1,0,5.0,0.0,0.966,1,8.00899982452393,1.0,1,1,1,0,1,0,0,0,0,1,0,1,1,1,0,0,0,0,0,0.661430112,1,0.269462058,1.205070958
T_G_11106576_Cys_236_Gly,236.0,1,1,0,0,0,0,0,,0.0,1,0,5.0,0.0,0.953,1,8.00899982452393,1.0,1,1,1,0,1,0,0,0,0,1,0,1,1,1,0,0,0,0,0,0.822613124,1,0.145023698,1.045780758
G_G_11106577_Arg_237_fs,237.0,1,0,0,1,0,0,0,,,0,0,5.0,0.0,,0,,,0,0,1,1,1,0,0,0,0,0,0,1,1,1,1,0,0,0,0,,0,,
C_A_11106581_Arg_237_Arg,237.0,0,0,1,0,0,0,0,,0.0,1,0,5.0,0.0,,0,-1.38800001144409,0.0010000000474974,1,1,1,0,1,0,0,0,0,0,0,1,1,1,0,0,0,0,0,0.915858008,1,0.054795511,0.30997022
C_T_11106581_Arg_237_Arg,237.0,0,0,1,0,0,0,1,-5.444059562181489,0.0,1,0,5.0,0.0,,0,-1.38800001144409,0.0010000000474974,1,1,1,0,1,0,0,0,0,0,0,1,1,1,0,0,0,0,0,0.915858008,1,0.054795511,0.30997022
C_T_11106587_Asp_239_Asp,239.0,0,0,1,0,0,0,1,-4.015607721475734,0.0,1,0,5.0,0.0,,0,-1.65900003910065,0.0010000000474974,1,1,1,0,1,0,0,0,0,0,0,1,1,1,0,0,0,0,0,1.030132987,1,0.079616563,0.275799864
G_A_11106588_Glu_240_Lys,240.0,1,1,0,0,0,0,1,-4.230770418263406,0.0,1,0,5.0,0.0,0.865,1,2.19099998474121,0.994000017642975,1,1,1,0,1,0,0,0,0,0,0,1,1,1,0,0,0,0,0,0.733240808,1,0.288471059,1.4132138
G_T_11106588_Glu_240_Ter,240.0,1,0,0,0,0,0,0,,0.01,1,0,5.0,0.0,,0,2.19099998474121,0.994000017642975,1,1,1,1,1,0,1,0,0,0,0,1,1,1,0,0,0,0,0,-0.024879334,1,0.208113871,0.832455484
A_G_11106590_Glu_240_Glu,240.0,0,0,1,0,0,0,1,-4.480040819247932,0.0,1,0,5.0,0.0,,0,1.08000004291534,1.0,1,1,1,0,1,0,0,0,0,0,0,1,1,1,0,0,0,0,0,0.875677161,1,0.068752646,0.238166151
C_T_11106594_Gln_242_Ter,242.0,1,0,0,0,0,0,0,,0.0,1,0,5.0,0.0,,0,1.70299994945526,0.998000025749207,1,1,1,1,1,0,1,0,0,0,0,1,1,1,0,0,0,0,0,-0.121814828,1,0.164284605,0.569098566
G_A_11106596_Gln_242_Gln,242.0,0,0,1,0,0,0,0,,0.0,1,0,5.0,0.0,,0,1.34200000762939,1.0,1,1,1,0,1,0,0,0,0,0,0,1,1,1,0,0,0,0,0,,0,,
T_A_11106597_Cys_243_Ser,243.0,1,1,0,0,0,0,0,,0.0,1,0,5.0,0.0,0.974,1,8.00899982452393,1.0,1,1,1,0,1,0,0,0,0,1,0,1,1,1,0,0,0,0,0,0.959403711,1,0.105300626,0.470918715
T_C_11106597_Cys_243_Arg,243.0,1,1,0,0,0,0,0,,0.0,1,0,5.0,0.0,0.966,1,8.00899982452393,1.0,1,1,1,0,1,0,0,0,0,1,0,1,1,1,0,0,0,0,0,0.897014463,1,0.052458069,0.29674765
C_T_11106599_Cys_243_Cys,243.0,0,0,1,0,0,0,0,,0.0,1,0,5.0,0.0,,0,-0.0860000029206276,0.0010000000474974,1,1,1,0,1,0,0,0,0,1,0,1,1,1,0,0,0,0,0,0.981918724,1,0.084387369,0.377391786
T_C_11106605_Asp_245_Asp,245.0,0,0,1,0,0,0,0,,0.0,1,0,5.0,0.0,,0,-1.30400002002716,0.003000000026077,1,1,1,0,1,0,0,0,0,0,0,1,1,1,0,0,0,0,0,0.930021931,1,0.084824933,0.448851355
T_T_11106605_Gly_246_fs,246.0,1,0,0,1,0,0,0,,,0,0,5.0,0.0,,0,9.99199962615967,1.0,1,1,1,1,1,0,0,0,0,0,0,1,1,1,-1,0,0,0,0,,0,,
C_T_11106611_Asn_247_Asn,247.0,0,0,1,0,0,0,0,,0.0,1,0,5.0,0.0,,0,-0.559000015258789,0.0,1,1,1,0,1,0,0,0,0,0,0,1,1,1,0,0,0,0,0,1.182093603,1,0.125150952,0.353980348
T_G_11106612_Cys_248_Gly,248.0,1,1,0,0,0,0,1,-6.046095406586541,0.0,1,0,5.0,0.0,0.928,1,8.00899982452393,1.0,1,1,1,0,1,0,0,0,0,1,0,1,1,1,0,0,0,0,0,0.815779186,1,0.06990059,0.463668056
G_A_11106613_Cys_248_Tyr,248.0,1,1,0,0,0,0,0,,0.0,1,0,5.0,0.0,0.937,1,9.99199962615967,1.0,1,1,1,0,1,0,0,0,0,1,0,1,1,1,0,0,0,0,0,0.963365917,1,0.06125126,0.245005039
G_C_11106613_Cys_248_Ser,248.0,1,1,0,0,0,0,0,,0.0,1,0,5.0,0.0,0.914,1,9.99199962615967,1.0,1,1,1,0,1,0,0,0,0,1,0,1,1,1,0,0,0,0,0,0.91657791,1,0.079051835,0.316207339
G_T_11106613_Cys_248_Phe,248.0,1,1,0,0,0,0,0,,0.01,1,0,5.0,0.0,0.915,1,9.99199962615967,1.0,1,1,1,0,1,0,0,0,0,1,0,1,1,1,0,0,0,0,0,0.95959749,1,0.051418783,0.308512699
G_A_11106613_Cys_248_Ter,248.0,1,0,0,0,0,0,0,,,0,0,5.0,0.0,,0,,,0,0,1,1,1,0,1,0,0,1,0,1,1,1,0,0,0,0,0,0.124722413,1,0.127936619,0.723718809
C_A_11106614_Cys_248_Ter,248.0,1,0,0,0,0,0,0,,0.0,1,0,5.0,0.0,,0,-2.27999997138977,0.0,1,1,1,1,1,0,1,0,0,1,0,1,1,1,0,0,0,0,0,0.124722413,1,0.127936619,0.723718809
C_T_11106614_Cys_248_Cys,248.0,0,0,1,0,0,0,1,-4.524764777395872,0.01,1,0,5.0,0.0,,0,-2.27999997138977,0.0,1,1,1,0,1,0,0,0,0,1,0,1,1,1,0,0,0,0,0,0.814123539,1,0.201349735,0.986408223
C_T_11106617_Ile_249_Ile,249.0,0,0,1,0,0,0,0,,0.0,1,0,5.0,0.0,,0,0.476000010967255,0.994000017642975,1,1,1,0,1,0,0,0,0,0,0,1,1,1,0,0,0,0,0,0.950272601,1,0.179662041,0.622367567
T_C_11106620_His_250_His,250.0,0,0,1,0,0,0,1,-4.617622696531886,0.0,1,0,5.0,0.0,,0,-2.60199999809265,0.0,1,1,1,0,1,0,0,0,0,0,0,1,1,1,0,0,0,0,0,,0,,
T_T_11106620_Ser_252_fs,252.0,1,0,0,1,0,0,0,,,0,0,5.0,0.0,,0,,,0,0,1,1,1,0,0,0,0,0,0,1,1,1,1,0,0,0,0,,0,,
C_T_11106623_Gly_251_Gly,251.0,0,0,1,0,0,0,1,-4.355659901173677,0.0,1,0,5.0,0.0,,0,0.29899999499321,0.98199999332428,1,1,1,0,1,0,0,0,0,0,0,1,1,1,0,0,0,0,0,1.133204324,1,0.094723097,0.501227515
G_A_11106629_Arg_253_Arg,253.0,0,0,1,0,0,0,0,,0.0,1,0,5.0,0.0,,0,-0.456000000238419,0.003000000026077,1,1,1,0,1,0,0,0,0,0,0,1,1,1,0,0,0,0,0,0.982063234,1,0.0378325,0.250952418
G_T_11106629_Arg_253_Arg,253.0,0,0,1,0,0,0,0,,0.0,1,0,5.0,0.0,,0,-0.456000000238419,0.003000000026077,1,1,1,0,1,0,0,0,0,0,0,1,1,1,0,0,0,0,0,0.982063234,1,0.0378325,0.250952418
C_T_11106630_Gln_254_Ter,254.0,1,0,0,0,0,0,0,,0.0,1,0,5.0,0.0,,0,4.94700002670288,1.0,1,1,1,1,1,0,1,0,0,0,0,1,1,1,0,0,0,0,0,0.180079343,1,0.107956645,0.716103369
A_C_11106631_Gln_254_Pro,254.0,1,1,0,0,0,0,1,-3.760950906859808,0.0,1,0,5.0,0.0,0.953,1,6.34600019454956,1.0,1,1,1,0,1,0,0,0,0,0,0,1,1,1,0,0,0,0,0,0.871661723,1,0.090104896,0.624265033
G_A_11106632_Gln_254_Gln,254.0,0,0,1,0,0,0,1,-3.684239509334265,0.0,1,0,5.0,0.0,,0,4.15299987792969,1.0,1,1,1,0,1,0,0,0,0,0,0,1,1,1,0,0,0,0,0,1.03765363,1,0.095341485,0.190682969
G_A_11106632_Cys_255_Arg,255.0,1,1,0,0,0,0,0,,,0,0,5.0,0.0,,0,,,0,0,1,0,1,0,0,0,0,1,0,1,1,1,0,0,0,0,0,0.842266173,1,0.050229642,0.568283532
G_T_11106632_Gln_254_Gly,254.0,1,1,0,0,0,0,0,,,0,0,5.0,0.0,,0,,,0,0,1,0,1,0,0,0,0,0,0,1,1,1,0,0,1,0,1,,0,,
T_A_11106633_Cys_255_Ser,255.0,1,1,0,0,0,0,0,,0.0,1,0,5.0,0.0,0.957,1,8.00899982452393,1.0,1,1,1,0,1,0,0,0,0,1,0,1,1,1,0,0,0,0,0,0.896417184,1,0.057509752,0.381476538
T_C_11106633_Cys_255_Arg,255.0,1,1,0,0,0,0,0,,0.0,1,0,5.0,0.0,0.976,1,8.00899982452393,1.0,1,1,1,0,1,0,0,0,0,1,0,1,1,1,0,0,0,0,0,0.842266173,1,0.050229642,0.568283532
G_A_11106634_Cys_255_Tyr,255.0,1,1,0,0,0,0,0,,0.0,1,0,5.0,0.0,0.974,1,9.99199962615967,1.0,1,1,1,0,1,0,0,0,0,1,0,1,1,1,0,0,0,0,0,0.905696795,1,0.043078541,0.243689029
A_G_11106637_Asp_256_Gly,256.0,1,1,0,0,0,0,0,,0.0,1,0,5.0,0.0,0.894,1,9.3149995803833,0.999000012874603,1,1,1,0,1,0,0,0,0,0,0,1,1,1,0,0,0,0,0,0.551490992,1,0.124814035,0.827922646
C_G_11106638_Asp_256_Glu,256.0,1,1,0,0,0,0,0,,0.0,1,0,5.0,0.0,0.774,1,2.03500008583069,0.938000023365021,1,1,1,0,1,0,0,0,0,0,0,1,1,1,0,0,0,0,0,0.971144922,1,0.072698777,0.436192661
C_C_11106639_Glu_258_fs,258.0,1,0,0,1,0,0,0,,,0,0,5.0,0.0,,0,2.66300010681152,0.172000005841255,1,1,1,1,1,0,0,0,0,0,0,1,1,1,-1,0,0,0,0,,0,,
G_A_11106642_Glu_258_Lys,258.0,0,1,0,0,0,0,1,-6.046095406586541,0.0,1,0,5.0,0.0,0.637,1,2.66300010681152,0.172000005841255,1,1,1,0,1,0,0,0,0,0,0,1,1,1,0,0,0,0,0,0.956461151,1,0.071541461,0.350480148
G_T_11106642_Glu_258_Ter,258.0,1,0,0,0,0,0,1,-4.617622696531886,0.03,1,0,5.0,0.0,,0,2.66300010681152,0.172000005841255,1,1,1,1,1,0,1,0,0,0,0,1,1,1,0,0,0,0,0,0.456122202,1,0.2219478,1.087317721
A_A_11106643_Glu_258_Ter,258.0,1,0,0,1,0,0,0,,,0,0,5.0,0.0,,0,,,0,0,1,1,1,0,0,0,0,0,0,1,1,1,-2,0,0,0,1,0.217604417,1,0.073339582,0.548823181
A_G_11106644_Glu_258_Glu,258.0,0,0,1,0,0,0,1,-4.349498205121633,0.0,1,0,5.0,0.0,,0,-0.0270000007003546,0.0,1,1,1,0,1,0,0,0,0,0,0,1,1,1,0,0,0,0,0,0.775830399,1,0.146491669,1.05636645
A_A_11106646_Asp_260_fs,260.0,1,0,0,1,0,0,0,,,0,0,5.0,0.0,,0,,,0,0,1,1,1,0,0,0,0,0,0,1,1,1,-4,0,0,0,0,,0,,
T_G_11106647_Tyr_259_Ter,259.0,1,0,0,0,0,0,0,,0.0,1,0,5.0,0.0,,0,-1.67799997329712,0.0,1,1,1,1,1,0,1,0,0,0,0,1,1,1,0,0,0,0,0,0.217604417,1,0.073339582,0.548823181
C_T_11106650_Asp_260_Asp,260.0,0,0,1,0,0,0,0,,0.0,1,0,5.0,0.0,,0,2.79999995231628,1.0,1,1,1,0,1,0,0,0,0,0,0,1,1,1,0,0,0,0,0,1.085035473,1,0.074976037,0.299904148
C_C_11106650_Cys_261_fs,261.0,1,0,0,1,0,0,0,,,0,0,5.0,0.0,,0,8.00899982452393,1.0,1,1,1,1,1,0,0,0,0,1,0,1,1,1,-1,0,0,0,0,,0,,
T_A_11106651_Cys_261_Ser,261.0,1,1,0,0,0,0,0,,0.0,1,0,5.0,0.0,0.963,1,8.00899982452393,1.0,1,1,1,0,1,0,0,0,0,1,0,1,1,1,0,0,0,0,0,0.872386625,1,0.069173924,0.437494311
G_T_11106652_Cys_261_Phe,261.0,1,1,0,0,0,0,1,-5.744968836654449,0.0,1,0,5.0,0.0,0.974,1,9.99199962615967,1.0,1,1,1,0,1,0,0,0,0,1,0,1,1,1,0,0,0,0,0,0.955795594,1,0.05431169,0.217246761
C_A_11106653_Cys_261_Ter,261.0,1,0,0,0,0,0,0,,0.0,1,0,5.0,0.0,,0,1.35099995136261,0.819999992847443,1,1,1,1,1,0,1,0,0,1,0,1,1,1,0,0,0,0,0,-0.038631833,1,0.083907975,0.62790979
G_T_11106657_Asp_263_Tyr,263.0,1,1,0,0,0,0,0,,0.01,1,0,5.0,0.0,0.958,1,9.99199962615967,1.0,1,1,1,0,1,0,0,0,0,0,0,1,1,1,0,0,0,0,0,0.975194948,1,0.108679495,0.434717982
A_G_11106658_Asp_263_Gly,263.0,1,1,0,0,0,0,1,-4.832682665251824,0.0,1,0,5.0,0.0,0.916,1,9.3149995803833,1.0,1,1,1,0,1,0,0,0,0,0,0,1,1,1,0,0,0,0,0,0.757963607,1,0.094745927,0.656419034
C_C_11106659_Met_264_fs,264.0,1,0,0,1,0,0,0,,,0,0,5.0,0.0,,0,,,0,0,1,1,1,0,0,0,0,0,0,1,1,1,-4,0,0,0,0,,0,,
A_G_11106660_Met_264_Val,264.0,0,1,0,0,0,0,1,-5.568958054664114,0.01,1,0,5.0,0.0,0.396,1,-1.69500005245209,0.0,1,1,1,0,1,0,0,0,0,0,0,1,1,1,0,0,0,0,0,0.432211061,1,0.399443801,2.649610427
A_A_11106660_Met_264_fs,264.0,1,0,0,1,0,0,0,,,0,0,5.0,0.0,,0,-0.0670000016689301,0.0,1,1,1,1,1,0,0,0,0,0,0,1,1,1,-1,0,0,0,0,,0,,
C_T_11106665_Ser_265_Ser,265.0,0,0,1,0,0,0,1,-3.320572103387881,0.0,1,0,5.0,0.0,,0,-1.49300003051758,0.0010000000474974,1,1,1,0,1,0,0,0,0,0,0,1,1,1,0,0,0,0,0,0.932873344,1,0.053587268,0.479299092
C_C_11106665_Asp_266_fs,266.0,1,0,0,1,0,0,0,,,0,0,5.0,0.0,,0,,,0,0,1,1,1,0,0,0,0,0,0,1,1,1,-4,0,0,0,0,,0,,
G_A_11106666_Asp_266_Asn,266.0,1,1,0,0,0,0,1,-4.026041313893296,0.0,1,0,5.0,0.0,0.832,1,9.99199962615967,1.0,1,1,1,0,1,0,0,0,0,0,0,1,1,1,0,0,0,0,0,0.927390065,1,0.120298234,0.340254787
G_C_11106666_Asp_266_His,266.0,1,1,0,0,0,0,0,,0.0,1,0,5.0,0.0,0.91,1,9.99199962615967,1.0,1,1,1,0,1,0,0,0,0,0,0,1,1,1,0,0,0,0,0,1.039949145,1,0.081944723,0.327778891
G_T_11106666_Asp_266_Tyr,266.0,1,1,0,0,0,0,0,,0.0,1,0,5.0,0.0,0.974,1,9.99199962615967,1.0,1,1,1,0,1,0,0,0,0,0,0,1,1,1,0,0,0,0,0,0.903629424,1,0.040755862,0.244535169
A_G_11106667_Asp_266_Gly,266.0,1,1,0,0,0,0,0,,0.0,1,0,5.0,0.0,0.975,1,9.3149995803833,1.0,1,1,1,0,1,0,0,0,0,0,0,1,1,1,0,0,0,0,0,0.962469022,1,0.083979426,0.503876559
A_T_11106667_Asp_266_Val,266.0,1,1,0,0,0,0,0,,0.0,1,0,5.0,0.0,0.974,1,9.3149995803833,1.0,1,1,1,0,1,0,0,0,0,0,0,1,1,1,0,0,0,0,0,0.871364712,1,0.052333324,0.418666589
T_A_11106668_Asp_266_Glu,266.0,1,1,0,0,0,0,1,-4.054629905509696,0.0,1,0,5.0,0.0,0.739,1,-1.192999958992,0.003000000026077,1,1,1,0,1,0,0,0,0,0,0,1,1,1,0,0,0,0,0,1.074068226,1,0.086551745,0.299824039
T_C_11106668_Asp_266_Asp,266.0,0,0,1,0,0,0,0,,0.0,1,0,5.0,0.0,,0,-1.192999958992,0.003000000026077,1,1,1,0,1,0,0,0,0,0,0,1,1,1,0,0,0,0,0,,0,,
A_T_11106671_Glu_267_Asp,267.0,1,1,0,0,0,0,0,,0.0,1,0,5.0,0.0,0.837,1,0.195999994874001,0.0260000005364418,1,1,1,0,1,0,0,0,0,0,0,1,1,1,0,0,0,0,0,1.017895482,1,0.041463843,0.27504002
A_A_11106671_Gly_269_Val,269.0,1,0,0,0,0,0,0,,,0,0,5.0,0.0,,0,,,0,0,1,0,1,0,0,0,0,0,0,1,1,1,-9,0,1,1,0,,0,,
T_C_11106674_Val_268_Val,268.0,0,0,1,0,0,0,0,,0.0,1,0,5.0,0.0,,0,-5.68800020217896,0.0,1,1,1,0,1,0,0,0,0,0,0,1,1,1,0,0,0,0,0,0.935258744,1,0.101764672,0.814117373
G_A_11106676_Gly_269_Asp,269.0,0,1,0,0,0,0,1,-2.723538195826756,0.0,1,0,5.0,0.0,0.661,1,2.43899989128113,1.0,1,1,1,0,1,0,0,0,0,0,0,1,1,1,0,0,0,0,0,0.647593026,1,0.087275903,0.390309704
C_T_11106677_Gly_269_Gly,269.0,0,0,1,0,0,0,1,-3.715118285344547,0.0,1,0,5.0,0.0,,0,0.428999990224838,0.994000017642975,1,1,1,0,1,0,0,0,0,0,0,1,1,1,0,0,0,0,0,1.026798159,1,0.040070313,0.367250481
T_A_11106678_Cys_270_Ser,270.0,1,1,0,0,0,0,0,,0.0,1,0,5.0,0.0,0.925,1,8.00899982452393,1.0,1,1,1,0,1,0,0,0,0,1,0,1,1,1,0,0,0,0,0,0.813577572,1,0.061639918,0.537364349
G_A_11106679_Cys_270_Tyr,270.0,1,1,0,0,0,0,0,,0.0,1,0,5.0,0.0,0.882,1,9.99199962615967,1.0,1,1,1,0,1,0,0,0,0,1,0,1,1,1,0,0,0,0,0,0.866121792,1,0.102875176,0.356370062
C_A_11106680_Cys_270_Ter,270.0,1,0,0,0,0,0,1,-6.046095406586541,0.0,1,0,5.0,0.0,,0,-0.0729999989271164,0.0010000000474974,1,1,1,1,1,0,1,0,0,1,0,1,1,1,0,0,0,0,0,-0.036054042,1,0.103871414,0.415485654
C_G_11106680_Cys_270_Trp,270.0,1,1,0,0,0,0,0,,0.0,1,0,5.0,0.0,0.713,1,-0.0729999989271164,0.0010000000474974,1,1,1,0,1,0,0,0,0,1,0,1,1,1,0,0,0,0,0,0.888277656,1,0.033660691,0.201964149
C_T_11106680_Cys_270_Cys,270.0,0,0,1,0,0,0,1,-4.22373478173189,0.0,1,0,5.0,0.0,,0,-0.0729999989271164,0.0010000000474974,1,1,1,0,1,0,0,0,0,1,0,1,1,1,0,0,0,0,0,0.968406252,1,0.079304413,0.448613508
C_C_11106680_Val_271_fs,271.0,1,0,0,1,0,0,0,,,0,0,5.0,0.0,,0,-1.96000003814697,0.0,1,1,1,1,1,0,0,0,0,0,0,1,1,1,-1,0,0,0,0,,0,,
T_T_11106683_Val_271_Ter,271.0,1,0,0,1,0,0,0,,,0,0,5.0,0.0,,0,,,0,0,1,1,1,0,0,0,0,0,1,1,1,1,-4,0,0,0,1,0.477909601,1,0.12348629,0.349271973
T_C_11106686_Asn_272_Asn,272.0,0,0,1,0,0,0,1,-4.935916564036404,0.0,1,0,5.0,0.0,,0,-5.4689998626709,0.0,1,1,1,0,1,0,0,0,0,0,1,1,1,1,0,0,0,0,0,,0,,
G_A_11106688_<NA>_<NA>_<NA>,,1,0,0,0,0,0,0,,0.97,1,0,,,,0,9.59099960327148,1.0,1,1,,1,,,0,0,0,0,1,0,0,0,0,0,0,0,0,,0,,
G_C_11106688_<NA>_<NA>_<NA>,,1,0,0,0,0,0,1,-4.935916564036404,1.0,1,0,,,,0,9.59099960327148,1.0,1,1,,1,,,0,0,0,0,1,0,0,0,0,0,0,0,0,,0,,
G_T_11106688_<NA>_<NA>_<NA>,,1,0,0,0,0,0,0,,0.99,1,0,,,,0,9.59099960327148,1.0,1,1,,1,,,0,0,0,0,1,0,0,0,0,0,0,0,0,,0,,
T_C_11106689_<NA>_<NA>_<NA>,,1,0,0,0,0,0,1,-5.744968836654449,0.25,1,0,,,,0,7.94899988174438,1.0,1,1,,1,,,0,0,0,0,1,0,0,0,0,0,0,0,0,,0,,
T_G_11106689_<NA>_<NA>_<NA>,,1,0,0,0,0,0,0,,0.96,1,0,,,,0,7.94899988174438,1.0,1,1,,1,,,0,0,0,0,1,0,0,0,0,0,0,0,0,,0,,
G_A_11106694_<NA>_<NA>_<NA>,,0,0,0,0,1,0,1,-3.684239509334265,0.0,1,0,,,,0,-2.24200010299683,0.0,1,1,,0,,,0,0,0,0,1,0,0,0,0,0,0,0,0,,0,,
G_T_11106694_<NA>_<NA>_<NA>,,0,0,0,0,1,0,1,-4.703554205793604,0.0,1,0,,,,0,-2.24200010299683,0.0,1,1,,0,,,0,0,0,0,1,0,0,0,0,0,0,0,0,,0,,
T_C_11106696_<NA>_<NA>_<NA>,,0,0,0,0,1,0,1,-2.4953932293580463,0.0,1,0,,,,0,-3.26699995994568,0.0,1,1,,0,,,0,0,0,0,0,0,0,0,0,0,0,0,0,,0,,
C_T_11106700_<NA>_<NA>_<NA>,,0,0,0,0,1,0,0,,0.0,1,0,,,,0,-0.428000003099442,0.0,1,1,,0,,,0,0,0,0,0,0,0,0,0,0,0,0,0,,0,,
G_C_11106705_<NA>_<NA>_<NA>,,0,0,0,0,1,0,1,-4.141583122276511,0.0,1,0,,,,0,-0.607999980449677,0.0,1,1,,0,,,0,0,0,0,0,0,0,0,0,0,0,0,0,,0,,
G_A_11106706_<NA>_<NA>_<NA>,,0,0,0,0,1,0,1,-4.22373478173189,0.0,1,0,,,,0,0.711000025272369,0.0020000000949949,1,1,,0,,,0,0,0,0,0,0,0,0,0,0,0,0,0,,0,,
C_G_11107372_<NA>_<NA>_<NA>,,0,0,0,0,1,0,0,,0.0,1,0,,,,0,0.0659999996423721,0.0,1,1,,0,,,0,0,0,0,0,0,0,0,0,0,0,0,0,,0,,
C_T_11107372_<NA>_<NA>_<NA>,,0,0,0,0,1,0,1,-4.832682665251824,0.0,1,0,,,,0,0.0659999996423721,0.0,1,1,,0,,,0,0,0,0,0,0,0,0,0,0,0,0,0,,0,,
C_G_11107377_<NA>_<NA>_<NA>,,0,0,0,0,1,0,1,-3.180192935409244,0.0,1,0,,,,0,0.782000005245209,0.208000004291534,1,1,,0,,,0,0,0,0,0,0,0,0,0,0,0,0,0,,0,,
C_G_11107379_<NA>_<NA>_<NA>,,0,0,0,0,1,0,0,,0.0,1,0,,,,0,-2.30299997329712,0.0,1,1,,0,,,0,0,0,0,0,0,0,0,0,0,0,0,0,,0,,
C_T_11107379_<NA>_<NA>_<NA>,,0,0,0,0,1,0,0,,0.0,1,0,,,,0,-2.30299997329712,0.0,1,1,,0,,,0,0,0,0,0,0,0,0,0,0,0,0,0,,0,,
C_A_11107385_<NA>_<NA>_<NA>,,0,0,0,0,1,0,0,,0.0,1,0,,,,0,-2.94899988174438,0.0,1,1,,0,,,0,0,0,0,1,0,0,0,0,0,0,0,0,,0,,
C_T_11107387_<NA>_<NA>_<NA>,,0,0,0,0,1,0,0,,0.0,1,0,,,,0,-0.861000001430511,0.0,1,1,,0,,,0,0,0,0,1,0,0,0,0,0,0,0,0,,0,,
A_G_11107388_<NA>_<NA>_<NA>,,0,0,0,0,1,0,0,,0.0,1,0,,,,0,-1.57200002670288,0.0,1,1,,0,,,0,0,0,0,1,0,0,0,0,0,0,0,0,,0,,
C_G_11107389_<NA>_<NA>_<NA>,,1,0,0,0,1,0,0,,1.0,1,0,,,,0,-0.839999973773956,0.0,1,1,,0,,,0,0,0,0,1,0,0,0,0,0,0,0,0,,0,,
C_T_11107389_<NA>_<NA>_<NA>,,0,0,0,0,1,0,1,-4.230696539810919,0.0,1,0,,,,0,-0.839999973773956,0.0,1,1,,0,,,0,0,0,0,1,0,0,0,0,0,0,0,0,,0,,
A_G_11107390_<NA>_<NA>_<NA>,,1,0,0,0,0,0,0,,0.99,1,0,,,,0,7.35400009155273,1.0,1,1,,1,,,0,0,0,0,1,0,0,0,0,0,0,0,0,,0,,
G_A_11107391_<NA>_<NA>_<NA>,,1,0,0,0,0,0,1,-6.045227010310283,1.0,1,0,,,,0,6.77299976348877,1.0,1,1,,1,,,0,0,0,0,1,0,0,0,0,0,0,0,0,,0,,
G_G_11107391_Thr_274_fs,274.0,1,0,0,1,0,0,0,,,0,0,6.0,0.0,,0,,,0,0,1,1,1,0,0,0,0,0,1,1,1,1,-8,0,0,0,0,,0,,
G_G_11107393_Thr_274_fs,274.0,1,0,0,1,0,0,1,-4.531800413927387,,0,0,6.0,0.0,,0,1.83000004291534,0.291000008583069,1,1,1,1,1,0,0,0,0,0,1,1,1,1,-1,0,0,0,0,,0,,
A_T_11107394_Thr_274_Ser,274.0,0,1,0,0,0,0,0,,0.0,1,0,6.0,0.0,0.625,1,1.83000004291534,0.291000008583069,1,1,1,0,1,0,0,0,0,0,1,1,1,1,0,0,0,0,0,0.849898303,1,0.073887248,0.693123823
A_A_11107396_Cys_276_fs,276.0,1,0,0,1,0,0,0,,,0,0,6.0,0.0,,0,,,0,0,1,1,1,0,0,0,0,1,0,1,1,1,-2,0,0,0,0,,0,,
T_C_11107398_Leu_275_fs,275.0,1,0,0,1,0,0,0,,,0,0,6.0,0.0,,0,,,0,0,1,1,1,0,0,0,0,0,0,1,1,1,-1,0,0,0,0,,0,,
C_G_11107399_Leu_275_Leu,275.0,0,0,1,0,0,0,0,,0.0,1,0,6.0,0.0,,0,0.0890000015497208,0.0020000000949949,1,1,1,0,1,0,0,0,0,0,0,1,1,1,0,0,0,0,0,1.025642223,1,0.041238059,0.41238059
T_C_11107400_Cys_276_Arg,276.0,1,1,0,0,0,0,0,,0.0,1,0,6.0,0.0,0.915,1,6.13399982452393,1.0,1,1,1,0,1,0,0,0,0,1,0,1,1,1,0,0,0,0,0,0.485026996,1,0.111863746,0.63279691
T_G_11107400_Cys_276_Gly,276.0,1,1,0,0,0,0,0,,0.0,1,0,6.0,0.0,0.9,1,6.13399982452393,1.0,1,1,1,0,1,0,0,0,0,1,0,1,1,1,0,0,0,0,0,0.248197292,1,0.220959572,1.397471036
G_A_11107401_Cys_276_Tyr,276.0,1,1,0,0,0,0,1,-4.634512015109101,0.0,1,0,6.0,0.0,0.939,1,9.87199974060059,1.0,1,1,1,0,1,0,0,0,0,1,0,1,1,1,0,0,0,0,0,0.43325161,1,0.150388582,0.60155433
C_A_11107402_Cys_276_Ter,276.0,1,0,0,0,0,0,0,,0.0,1,0,6.0,0.0,,0,-3.11100006103516,0.0,1,1,1,1,1,0,1,0,0,1,0,1,1,1,0,0,0,0,0,-0.010603359,1,0.14415121,0.499354441
C_G_11107402_Cys_276_Trp,276.0,1,1,0,0,0,0,1,-6.045275209020937,0.0,1,0,6.0,0.0,0.747,1,-3.11100006103516,0.0,1,1,1,0,1,0,0,0,0,1,0,1,1,1,0,0,0,0,0,0.355339508,1,0.16805081,0.889241303
C_T_11107402_Cys_276_Cys,276.0,0,0,1,0,0,0,1,-2.4899914870597653,0.0,1,0,6.0,0.0,,0,-3.11100006103516,0.0,1,1,1,0,1,0,0,0,0,1,0,1,1,1,0,0,0,0,0,0.937725845,1,0.116371082,0.403121254
G_A_11107403_Glu_277_Lys,277.0,0,1,0,0,0,0,1,-2.7594507517174005,0.0,1,0,6.0,0.0,0.533,1,2.64299988746643,0.894999980926514,1,1,1,0,1,0,0,0,0,0,0,1,1,1,0,0,0,0,0,,0,,
G_T_11107403_Glu_277_Ter,277.0,1,0,0,0,0,0,0,,0.05,1,0,6.0,0.0,,0,2.64299988746643,0.894999980926514,1,1,1,1,1,0,1,0,0,0,0,1,1,1,0,0,0,0,0,0.182586064,1,0.178054683,0.616799516
G_T_11107406_Gly_278_Ter,278.0,1,0,0,0,0,0,1,-6.045468057373086,0.0,1,0,6.0,0.0,,0,4.02600002288818,1.0,1,1,1,1,1,0,1,0,0,0,0,1,1,1,0,0,0,0,0,-0.097789294,1,0.102737647,0.290585946
G_A_11107417_Lys_281_Lys,281.0,0,0,1,0,0,0,1,-4.634699251362012,0.0,1,0,6.0,0.0,,0,0.127000004053116,0.0179999992251396,1,1,1,0,1,0,0,0,0,0,0,1,1,1,0,0,0,0,0,,0,,
G_G_11107417_Phe_282_fs,282.0,1,0,0,1,0,0,0,,,0,0,6.0,0.0,,0,,,0,0,1,1,1,0,0,0,0,0,0,1,1,1,4,0,0,0,0,,0,,
C_A_11107420_Phe_282_Leu,282.0,1,1,0,0,0,0,1,-4.832682665251824,0.0,1,0,6.0,0.0,0.877,1,0.0430000014603138,0.860000014305115,1,1,1,0,1,0,0,0,0,0,0,1,1,1,0,0,0,0,0,0.885080866,1,0.048865083,0.239389039
A_T_11107421_Lys_283_Ter,283.0,1,0,0,0,0,0,0,,0.0,1,0,6.0,0.0,,0,1.69500005245209,0.962999999523163,1,1,1,1,1,0,1,0,0,0,0,1,1,1,0,0,0,0,0,-0.178906742,1,0.222311182,0.770108524
G_G_11107423_Cys_284_Cys,284.0,1,0,0,0,0,0,0,,,0,0,6.0,0.0,,0,,,0,0,1,0,1,0,0,0,0,1,0,1,1,1,-3,0,1,1,0,0.497166572,1,0.116737943,0.404392097
T_C_11107424_Cys_284_Arg,284.0,1,1,0,0,0,0,0,,0.0,1,0,6.0,0.0,0.948,1,7.91499996185303,1.0,1,1,1,0,1,0,0,0,0,1,0,1,1,1,0,0,0,0,0,0.141594336,1,0.119492557,0.71695534
T_G_11107424_Cys_284_Gly,284.0,1,1,0,0,0,0,0,,0.0,1,0,6.0,0.0,0.942,1,7.91499996185303,1.0,1,1,1,0,1,0,0,0,0,1,0,1,1,1,0,0,0,0,0,0.143605946,1,0.090908825,0.629834812
G_A_11107425_Cys_284_Tyr,284.0,1,1,0,0,0,0,0,,0.0,1,0,6.0,0.0,0.929,1,9.87199974060059,1.0,1,1,1,0,1,0,0,0,0,1,0,1,1,1,0,0,0,0,0,0.033763301,1,0.091630038,0.366520152
G_T_11107425_Cys_284_Phe,284.0,1,1,0,0,0,0,0,,0.0,1,0,6.0,0.0,0.947,1,9.87199974060059,1.0,1,1,1,0,1,0,0,0,0,1,0,1,1,1,0,0,0,0,0,0.169866237,1,0.127522541,0.806523365
T_A_11107426_Cys_284_Ter,284.0,1,0,0,0,0,0,0,,0.0,1,0,6.0,0.0,,0,0.256000012159348,0.109999999403954,1,1,1,1,1,0,1,0,0,1,0,1,1,1,0,0,0,0,0,-0.500253801,1,0.202291124,0.700757009
C_A_11107432_Ser_286_Arg,286.0,1,1,0,0,0,0,1,-4.790216985151485,0.0,1,0,6.0,0.0,0.766,1,-1.35099995136261,0.0,1,1,1,0,1,0,0,0,0,0,0,1,1,1,0,0,0,0,0,0.755740014,1,0.179544156,0.879583137
C_T_11107432_Ser_286_Ser,286.0,0,0,1,0,0,0,1,-2.4373503277880832,0.0,1,0,6.0,0.0,,0,-1.35099995136261,0.0,1,1,1,0,1,0,0,0,0,0,0,1,1,1,0,0,0,0,0,1.104897967,1,0.124677132,0.352640182
C_C_11107432_Gly_287_fs,287.0,1,0,0,1,0,0,0,,,0,0,6.0,0.0,,0,9.87199974060059,1.0,1,1,1,1,1,0,0,0,0,0,0,1,1,1,-1,0,0,0,0,,0,,
G_T_11107433_Gly_287_Cys,287.0,1,1,0,0,0,0,0,,0.0,1,0,6.0,0.0,0.928,1,9.87199974060059,1.0,1,1,1,0,1,0,0,0,0,0,0,1,1,1,0,0,0,0,0,-0.029693478,1,0.107971316,0.431885263
C_T_11107435_Gly_287_Gly,287.0,0,0,1,0,0,0,1,-4.046626949273304,0.0,1,0,6.0,0.0,,0,-3.41400003433228,0.0,1,1,1,0,1,0,0,0,0,0,0,1,1,1,0,0,0,0,0,1.014087914,1,0.036845075,0.255270165
G_A_11107436_Glu_288_Lys,288.0,1,1,0,0,0,0,1,-3.678815972697686,0.0,1,0,6.0,0.0,0.85,1,9.87199974060059,1.0,1,1,1,0,1,0,0,0,0,0,0,1,1,1,0,0,0,0,0,0.966257611,1,0.060244863,0.208694328
G_T_11107436_Glu_288_Ter,288.0,1,0,0,0,0,0,0,,0.0,1,0,6.0,0.0,,0,9.87199974060059,1.0,1,1,1,1,1,0,1,0,0,0,0,1,1,1,0,0,0,0,0,0.026462304,1,0.323536561,2.146098755
A_A_11107438_Cys_289_fs,289.0,1,0,0,1,0,0,0,,,0,0,6.0,0.0,,0,7.91499996185303,1.0,1,1,1,1,1,0,0,0,0,1,0,1,1,1,-1,0,0,0,0,,0,,
T_C_11107439_Cys_289_Arg,289.0,1,1,0,0,0,0,0,,0.0,1,0,6.0,0.0,0.933,1,7.91499996185303,1.0,1,1,1,0,1,0,0,0,0,1,0,1,1,1,0,0,0,0,0,0.200223082,1,0.114152798,0.757204002
T_G_11107439_Cys_289_Gly,289.0,1,1,0,0,0,0,0,,0.0,1,0,6.0,0.0,0.92,1,7.91499996185303,1.0,1,1,1,0,1,0,0,0,0,1,0,1,1,1,0,0,0,0,0,-0.226361105,1,0.056977167,0.279129974
C_A_11107441_Cys_289_Ter,289.0,1,0,0,0,0,0,0,,0.0,1,0,6.0,0.0,,0,0.637000024318695,0.998000025749207,1,1,1,1,1,0,1,0,0,1,0,1,1,1,0,0,0,0,0,-0.124860866,1,0.082280807,0.367970955
C_T_11107441_Cys_289_Cys,289.0,0,0,1,0,0,0,0,,0.0,1,0,6.0,0.0,,0,0.637000024318695,0.998000025749207,1,1,1,0,1,0,0,0,0,1,0,1,1,1,0,0,0,0,0,1.043969498,1,0.115432776,0.652986391
T_G_11107443_Ile_290_Ser,290.0,1,1,0,0,0,0,0,,0.0,1,0,6.0,0.0,0.933,1,7.91499996185303,1.0,1,1,1,0,1,0,0,0,0,0,0,1,1,1,0,0,0,0,0,0.749289642,1,0.066155827,0.396934961
A_A_11107445_Leu_292_fs,292.0,1,0,0,1,0,0,0,,,0,0,6.0,0.0,,0,-2.62199997901917,0.0,1,1,1,1,1,0,0,0,0,0,0,1,1,1,-1,0,0,0,0,,0,,
C_A_11107447_Thr_291_Thr,291.0,0,0,1,0,0,0,0,,0.0,1,0,6.0,0.0,,0,-0.485000014305115,0.0,1,1,1,0,1,0,0,0,0,0,0,1,1,1,0,0,0,0,0,0.815819342,1,0.081664877,0.541703512
C_T_11107447_Thr_291_Thr,291.0,0,0,1,0,0,0,0,,0.0,1,0,6.0,0.0,,0,-0.485000014305115,0.0,1,1,1,0,1,0,0,0,0,0,0,1,1,1,0,0,0,0,0,0.815819342,1,0.081664877,0.541703512
C_C_11107448_Asp_293_fs,293.0,1,0,0,1,0,0,0,,,0,0,6.0,0.0,,0,,,0,0,1,1,1,0,0,0,0,0,0,1,1,1,1,0,0,0,0,,0,,
C_T_11107448_Leu_292_Leu,292.0,0,0,1,0,0,0,1,-4.61726273423867,0.0,1,0,6.0,0.0,,0,-2.62199997901917,0.0,1,1,1,0,1,0,0,0,0,0,0,1,1,1,0,0,0,0,0,0.978518536,1,0.034117357,0.289495375
T_T_11107449_Asp_293_fs,293.0,1,0,0,1,0,0,0,,,0,0,6.0,0.0,,0,2.38599991798401,1.0,1,1,1,1,1,0,0,0,0,0,0,1,1,1,-1,0,0,0,0,,0,,
C_C_11107453_Lys_294_fs,294.0,1,0,0,1,0,0,0,,,0,0,6.0,0.0,,0,,,0,0,1,1,1,0,0,0,0,0,0,1,1,1,-2,0,0,0,0,,0,,
A_G_11107454_Lys_294_Glu,294.0,1,1,0,0,0,0,0,,0.0,1,0,6.0,0.0,0.914,1,3.23300004005432,1.0,1,1,1,0,1,0,0,0,0,0,0,1,1,1,0,0,0,0,0,0.150685658,1,0.293028653,1.015081029
A_A_11107455_Lys_294_fs,294.0,1,0,0,1,0,0,0,,,0,0,6.0,0.0,,0,,,0,0,1,1,1,0,0,0,0,0,0,1,1,1,-2,0,0,0,0,,0,,
A_A_11107456_Val_295_fs,295.0,1,0,0,1,0,0,0,,,0,0,6.0,0.0,,0,8.00399971008301,1.0,1,1,1,1,1,0,0,0,0,0,0,1,1,1,-1,0,0,0,0,,0,,
G_G_11107457_Val_295_fs,295.0,1,0,0,1,0,0,0,,,0,0,6.0,0.0,,0,6.15899991989136,1.0,1,1,1,1,1,0,0,0,0,0,0,1,1,1,-1,0,0,0,0,,0,,
C_T_11107459_Val_295_Val,295.0,0,0,1,0,0,0,0,,0.0,1,0,6.0,0.0,,0,-0.217999994754791,0.63400000333786,1,1,1,0,1,0,0,0,0,0,0,1,1,1,0,0,0,0,0,0.940168842,1,0.07199463,0.47755835
T_G_11107460_Cys_296_Gly,296.0,1,1,0,0,0,0,0,,0.0,1,0,6.0,0.0,0.968,1,7.91499996185303,1.0,1,1,1,0,1,0,0,0,0,1,0,1,1,1,0,0,0,0,0,0.01102347,1,0.171920894,0.972531442
G_A_11107461_Cys_296_Tyr,296.0,1,1,0,0,0,0,1,-6.045371622492729,0.0,1,0,6.0,0.0,0.952,1,9.87199974060059,1.0,1,1,1,0,1,0,0,0,0,1,0,1,1,1,0,0,0,0,0,-0.07692941,1,0.279690167,1.479981251
G_T_11107461_Cys_296_Phe,296.0,1,1,0,0,0,0,0,,0.0,1,0,6.0,0.0,0.969,1,9.87199974060059,1.0,1,1,1,0,1,0,0,0,0,1,0,1,1,1,0,0,0,0,0,0.118940176,1,0.23343987,1.043974836
G_A_11107461_Cys_296_Ter,296.0,1,0,0,0,0,0,0,,,0,0,6.0,0.0,,0,,,0,0,1,1,1,0,1,0,0,1,0,1,1,1,0,0,1,0,1,,0,,
C_A_11107462_Cys_296_Ter,296.0,1,0,0,0,0,0,0,,0.0,1,0,6.0,0.0,,0,0.626999974250793,0.503000020980835,1,1,1,1,1,0,1,0,0,1,0,1,1,1,0,0,0,0,0,,0,,
C_G_11107462_Cys_296_Trp,296.0,1,1,0,0,0,0,0,,0.0,1,0,6.0,0.0,0.87,1,0.626999974250793,0.503000020980835,1,1,1,0,1,0,0,0,0,1,0,1,1,1,0,0,0,0,0,0.224367562,1,0.110193789,1.033709371
C_C_11107462_Asn_297_fs,297.0,1,0,0,1,0,0,1,-4.935542010773082,,0,0,6.0,0.0,,0,9.20499992370605,0.990000009536743,1,1,1,1,1,0,0,0,0,0,0,1,1,1,-1,0,0,0,0,,0,,
C_T_11107465_Asn_297_Asn,297.0,0,0,1,0,0,0,1,-4.616903070050906,0.0,1,0,6.0,0.0,,0,1.02699995040894,0.34799998998642,1,1,1,0,1,0,0,0,0,0,0,1,1,1,0,0,0,0,0,0.838236981,1,0.137484509,0.614849414
A_A_11107466_Met_298_fs,298.0,1,0,0,1,0,0,0,,,0,0,6.0,0.0,,0,,,0,0,1,1,1,0,0,0,0,0,0,1,1,1,1,0,0,0,0,,0,,
G_G_11107469_Ala_299_fs,299.0,1,0,0,1,0,0,0,,,0,0,6.0,0.0,,0,0.0769999995827675,0.0,1,1,1,1,1,0,0,0,0,0,0,1,1,1,-1,0,0,0,0,,0,,
T_C_11107471_Ala_299_Ala,299.0,0,0,1,0,0,0,0,,0.0,1,0,6.0,0.0,,0,0.0070000002160668,0.0,1,1,1,0,1,0,0,0,0,0,0,1,1,1,0,0,0,0,0,-0.172670759,1,0.166202687,0.470092187
T_G_11107471_Ala_299_Ala,299.0,0,0,1,0,0,0,0,,0.0,1,0,6.0,0.0,,0,0.0070000002160668,0.0,1,1,1,0,1,0,0,0,0,0,0,1,1,1,0,0,0,0,0,-0.172670759,1,0.166202687,0.470092187
A_G_11107472_Arg_300_Gly,300.0,1,1,0,0,0,0,1,-5.142064735280571,0.0,1,0,6.0,0.0,0.556,1,-0.651000022888184,0.0,1,1,1,0,1,0,0,0,0,0,0,1,1,1,0,0,0,0,0,0.87753967,1,0.089994378,0.35997751
A_T_11107472_Arg_300_Ter,300.0,1,0,0,0,0,0,0,,0.0,1,0,6.0,0.0,,0,-0.651000022888184,0.0,1,1,1,1,1,0,1,0,0,0,0,1,1,1,0,0,0,0,0,0.18640334,1,0.211851733,0.73387593
A_A_11107472_Asp_301_fs,301.0,1,0,0,1,0,0,0,,,0,0,6.0,0.0,,0,,,0,0,1,1,1,0,0,0,0,0,0,1,1,1,-11,0,0,0,0,,0,,
A_G_11107474_Arg_300_Arg,300.0,0,0,1,0,0,0,0,,0.0,1,0,6.0,0.0,,0,-0.155000001192093,0.501999974250793,1,1,1,0,1,0,0,0,0,0,0,1,1,1,0,0,0,0,0,1.019677532,1,0.118486453,0.473945811
G_T_11107475_Asp_301_Tyr,301.0,1,1,0,0,0,0,0,,0.0,1,0,6.0,0.0,0.929,1,5.60699987411499,1.0,1,1,1,0,1,0,0,0,0,0,0,1,1,1,0,0,0,0,0,0.0168179,1,0.114389098,0.457556394
A_C_11107476_Asp_301_Ala,301.0,1,1,0,0,0,0,0,,0.0,1,0,6.0,0.0,0.975,1,9.20499992370605,1.0,1,1,1,0,1,0,0,0,0,0,0,1,1,1,0,0,0,0,0,-0.067657037,1,0.550469192,2.20187677
A_G_11107476_Asp_301_Gly,301.0,1,1,0,0,0,0,0,,0.0,1,0,6.0,0.0,0.983,1,9.20499992370605,1.0,1,1,1,0,1,0,0,0,0,0,0,1,1,1,0,0,0,0,0,0.244945478,1,0.13683336,0.821000161
A_T_11107476_Asp_301_Val,301.0,1,1,0,0,0,0,0,,0.0,1,0,6.0,0.0,0.957,1,9.20499992370605,1.0,1,1,1,0,1,0,0,0,0,0,0,1,1,1,0,0,0,0,0,0.239147055,1,0.191609549,1.013902431
C_T_11107477_Asp_301_Asp,301.0,0,0,1,0,0,0,0,,0.0,1,0,6.0,0.0,,0,2.71300005912781,1.0,1,1,1,0,1,0,0,0,0,0,0,1,1,1,0,0,0,0,0,1.06443154,1,0.101157122,0.404628487
T_T_11107478_Cys_302_fs,302.0,1,0,0,1,0,0,0,,,0,0,6.0,0.0,,0,9.87199974060059,1.0,1,1,1,1,1,0,0,0,0,1,0,1,1,1,-1,0,0,0,0,,0,,
G_A_11107479_Cys_302_Tyr,302.0,1,1,0,0,0,0,1,,0.0,1,0,6.0,0.0,0.98,1,9.87199974060059,1.0,1,1,1,0,1,0,0,0,0,1,0,1,1,1,0,0,0,0,0,0.364024216,1,0.120312511,0.833549527
G_G_11107479_Pro_309_Ter,309.0,1,0,0,1,0,0,0,,,0,0,6.0,0.0,,0,,,0,0,1,1,1,0,0,0,0,0,0,1,1,1,19,0,0,0,1,,0,,
G_T_11107479_Cys_302_Phe,302.0,1,1,0,0,0,0,0,,0.0,1,0,6.0,0.0,0.976,1,9.87199974060059,1.0,1,1,1,0,1,0,0,0,0,1,0,1,1,1,0,0,0,0,0,0.006745617,1,0.091197291,0.752032127
C_A_11107480_Cys_302_Ter,302.0,1,0,0,0,0,0,0,,0.0,1,0,6.0,0.0,,0,2.7260000705719,1.0,1,1,1,1,1,0,1,0,0,1,0,1,1,1,0,0,0,0,0,-0.297229242,1,0.218837881,0.618966997
C_G_11107480_Cys_302_Trp,302.0,1,1,0,0,0,0,0,,0.0,1,0,6.0,0.0,0.873,1,2.7260000705719,1.0,1,1,1,0,1,0,0,0,0,1,0,1,1,1,0,0,0,0,0,-0.016037432,1,0.094731882,0.733789999
C_C_11107481_Asp_304_fs,304.0,1,0,0,1,0,0,0,,,0,0,6.0,0.0,,0,9.8100004196167,1.0,1,1,1,1,1,0,0,0,0,0,0,1,1,1,-1,0,0,0,0,,0,,
G_A_11107484_Asp_304_Asn,304.0,1,1,0,0,0,0,1,-3.713543530253017,0.0,1,0,6.0,0.0,0.883,1,9.8100004196167,1.0,1,1,1,0,1,0,0,0,0,0,0,1,1,1,0,0,0,0,0,0.282489734,1,0.121565322,0.643263222
G_T_11107484_Asp_304_Tyr,304.0,1,1,0,0,0,0,1,-4.935542010773082,0.02,1,0,6.0,0.0,0.982,1,9.8100004196167,1.0,1,1,1,0,1,0,0,0,0,0,0,1,1,1,0,0,0,0,0,0.492002243,1,0.137542873,0.550171492
C_G_11107486_Asp_304_Glu,304.0,1,1,0,0,0,0,1,-5.090711475837749,0.0,1,0,6.0,0.0,0.871,1,0.649999976158142,0.998000025749207,1,1,1,0,1,0,0,0,0,0,0,1,1,1,0,0,0,0,0,0.728220838,1,0.055091057,0.291514474
C_T_11107486_Asp_304_Asp,304.0,0,0,1,0,0,0,0,,0.0,1,0,6.0,0.0,,0,0.649999976158142,0.998000025749207,1,1,1,0,1,0,0,0,0,0,0,1,1,1,0,0,0,0,0,0.948154338,1,0.144444641,1.118863376
T_T_11107487_Trp_305_fs,305.0,1,0,0,1,0,0,0,,,0,0,6.0,0.0,,0,6.625,1.0,1,1,1,1,1,0,0,0,0,0,0,1,1,1,-1,0,0,0,0,,0,,
G_A_11107488_Trp_305_Ter,305.0,1,0,0,0,0,0,0,,0.0,1,0,6.0,0.0,,0,6.66499996185303,1.0,1,1,1,1,1,0,1,0,0,0,0,1,1,1,0,0,0,0,0,-0.024886672,1,0.084150282,0.412250504
G_G_11107488_Asp_307_fs,307.0,1,0,0,1,0,0,0,,,0,0,6.0,0.0,,0,,,0,0,1,1,1,0,0,0,0,0,0,1,1,1,4,0,0,0,0,,0,,
G_A_11107489_Trp_305_Ter,305.0,1,0,0,0,0,0,1,-6.044937930324968,0.0,1,0,6.0,0.0,,0,6.625,1.0,1,1,1,1,1,0,1,0,0,0,0,1,1,1,0,0,0,0,0,-0.024886672,1,0.084150282,0.412250504
C_A_11107491_Ser_306_Ter,306.0,1,0,0,0,0,0,1,,0.96,1,0,6.0,0.0,,0,2.78800010681152,0.989000022411346,1,1,1,1,1,0,1,0,0,0,0,1,1,1,0,0,0,0,0,-0.1394025,1,0.074795282,0.366420554
C_G_11107491_Ser_306_Ter,306.0,1,0,0,0,0,0,0,,0.07,1,0,6.0,0.0,,0,2.78800010681152,0.989000022411346,1,1,1,1,1,0,1,0,0,0,0,1,1,1,0,0,0,0,0,-0.1394025,1,0.074795282,0.366420554
C_T_11107491_Ser_306_Leu,306.0,1,1,0,0,0,0,0,,0.0,1,0,6.0,0.0,0.96,1,2.78800010681152,0.989000022411346,1,1,1,0,1,0,0,0,0,0,0,1,1,1,0,0,0,0,0,0.245343657,1,0.103970353,0.720327738
G_A_11107493_Asp_307_Asn,307.0,1,1,0,0,0,0,0,,0.0,1,0,6.0,0.0,0.865,1,9.87199974060059,1.0,1,1,1,0,1,0,0,0,0,0,0,1,1,1,0,0,0,0,0,0.507487644,1,0.471135328,1.332571941
G_C_11107493_Asp_307_His,307.0,1,1,0,0,0,0,1,-6.0448897690294485,0.0,1,0,6.0,0.0,0.988,1,9.87199974060059,1.0,1,1,1,0,1,0,0,0,0,0,0,1,1,1,0,0,0,0,0,0.724936041,1,0.109029555,0.30838215
A_G_11107494_Asp_307_Gly,307.0,1,1,0,0,0,0,1,-4.171855892696214,0.09,1,0,6.0,0.0,0.985,1,9.20499992370605,1.0,1,1,1,0,1,0,0,0,0,0,0,1,1,1,0,0,0,0,0,0.08415908,1,0.092703019,0.8496372
T_G_11107495_Asp_307_Glu,307.0,1,1,0,0,0,0,0,,0.0,1,0,6.0,0.0,0.85,1,-0.819000005722046,0.0240000002086163,1,1,1,0,1,0,0,0,0,0,0,1,1,1,0,0,0,0,0,0.83522407,1,0.090279253,0.477712904
G_A_11107496_Glu_308_Lys,308.0,1,1,0,0,0,0,0,,0.0,1,0,6.0,0.0,0.972,1,9.87199974060059,1.0,1,1,1,0,1,0,0,0,0,0,0,1,1,1,0,0,0,0,0,-0.110101751,1,0.144274311,0.706796892
G_T_11107496_Glu_308_Ter,308.0,1,0,0,0,0,0,0,,0.0,1,0,6.0,0.0,,0,9.87199974060059,1.0,1,1,1,1,1,0,1,0,0,0,0,1,1,1,0,0,0,0,0,0.160555506,1,0.130764632,0.584797213
A_A_11107497_Pro_309_fs,309.0,1,0,0,1,0,0,1,-3.2463403527140016,,0,0,6.0,0.0,,0,,,0,0,1,1,1,0,0,0,0,0,0,1,1,1,-7,0,0,0,0,,0,,
A_G_11107498_Glu_308_Glu,308.0,0,0,1,0,0,0,1,-5.567672207738396,0.0,1,0,6.0,0.0,,0,1.61699998378754,1.0,1,1,1,0,1,0,0,0,0,0,0,1,1,1,0,0,0,0,0,1.160389856,1,0.136100802,0.471467009
A_T_11107498_Glu_308_Asp,308.0,1,1,0,0,0,0,0,,0.0,1,0,6.0,0.0,0.913,1,1.61699998378754,1.0,1,1,1,0,1,0,0,0,0,0,0,1,1,1,0,0,0,0,0,0.709442011,1,0.117408538,0.46963415
C_A_11107500_Pro_309_His,309.0,1,1,0,0,0,0,0,,0.0,1,0,6.0,0.0,0.903,1,7.80499982833862,1.0,1,1,1,0,1,0,0,0,0,0,0,1,1,1,0,0,0,0,0,0.623866255,1,0.088298188,0.353192751
C_C_11107501_Ile_310_fs,310.0,1,0,0,1,0,0,0,,,0,0,6.0,0.0,,0,,,0,0,1,1,1,0,0,0,0,0,0,1,1,1,1,0,0,0,0,,0,,
T_C_11107503_Ile_310_Thr,310.0,0,1,0,0,0,0,0,,0.0,1,0,6.0,0.0,0.642,1,4.05299997329712,0.796000003814697,1,1,1,0,1,0,0,0,0,0,0,1,1,1,0,0,0,0,0,0.86399031,1,0.068043588,0.333344142
C_T_11107504_Ile_310_Ile,310.0,0,0,1,0,0,0,1,-4.935167780261426,0.0,1,0,6.0,0.0,,0,-0.068000003695488,0.597000002861023,1,1,1,0,1,0,0,0,0,0,0,1,1,1,0,0,0,0,0,0.723181601,1,0.156810435,0.887053774
C_C_11107504_Glu_312_fs,312.0,1,0,0,1,0,0,0,,,0,0,6.0,0.0,,0,0.505999982357025,0.998000025749207,1,1,1,1,1,0,0,0,0,0,0,1,1,1,-1,0,0,0,0,,0,,
C_C_11107504_Lys_311_fs,311.0,1,0,0,1,0,0,0,,,0,0,6.0,0.0,,0,,,0,0,1,1,1,0,0,0,0,0,0,1,1,1,-2,0,0,0,0,,0,,
A_A_11107506_Glu_312_fs,312.0,1,0,0,1,0,0,0,,,0,0,6.0,0.0,,0,,,0,0,1,1,1,0,0,0,0,0,0,1,1,1,-2,0,0,0,0,,0,,
A_G_11107506_Lys_311_Trp,311.0,1,1,0,0,0,0,0,,,0,0,6.0,0.0,,0,,,0,0,1,0,1,0,0,0,0,0,1,1,1,1,0,0,1,0,1,,0,,
G_T_11107508_Glu_312_Ter,312.0,1,0,0,0,0,0,0,,0.0,1,0,6.0,0.0,,0,4.74599981307983,1.0,1,1,1,1,1,0,1,0,0,0,0,1,1,1,0,0,0,0,0,-0.120409412,1,0.093455158,0.619911388
A_A_11107509_Gly_314_fs,314.0,1,0,0,1,0,0,0,,,0,0,6.0,0.0,,0,,,0,0,1,1,1,0,0,0,0,0,0,1,1,1,2,0,0,0,0,,0,,
A_A_11107509_<NA>_<NA>_<NA>,,1,0,0,0,1,0,0,,,0,0,6.0,0.0,,0,,,0,0,1,0,1,0,0,0,0,0,1,1,0,1,-5,0,0,0,0,,0,,
A_A_11107509_<NA>_<NA>_<NA>,,1,0,0,0,1,0,0,,,0,0,6.0,0.0,,0,,,0,0,1,0,1,0,0,0,0,0,1,1,0,1,-15,0,0,0,0,,0,,
G_A_11107510_Glu_312_Glu,312.0,0,0,1,0,0,0,0,,0.0,1,0,6.0,0.0,,0,0.186000004410744,0.986000001430511,1,1,1,0,1,0,0,0,0,0,0,1,1,1,0,0,0,0,0,,0,,
T_C_11107511_Cys_313_Arg,313.0,1,1,0,0,0,0,0,,0.0,1,0,6.0,0.0,0.978,1,7.91499996185303,1.0,1,1,1,0,1,0,0,0,0,1,0,1,1,1,0,0,0,0,0,0.305750321,1,0.130963801,0.641588974
T_G_11107511_Cys_313_Gly,313.0,1,1,0,0,0,0,0,,0.0,1,0,6.0,0.0,0.955,1,7.91499996185303,1.0,1,1,1,0,1,0,0,0,0,1,0,1,1,1,0,0,0,0,0,0.006217633,1,0.07243123,0.522309025
G_A_11107512_Cys_313_Tyr,313.0,1,1,0,0,0,0,1,-4.832682665251824,0.05,1,0,6.0,0.0,0.979,1,9.87199974060059,1.0,1,1,1,0,1,0,0,0,0,1,1,1,1,1,0,0,0,0,0,-0.132970838,1,0.128797274,0.446166843
G_A_11107512_Cys_313_Tyr,313.0,1,1,0,0,0,0,0,,,0,0,6.0,0.0,,0,,,0,0,1,0,1,0,0,0,0,1,1,1,1,1,0,0,0,0,0,-0.132970838,1,0.128797274,0.446166843
C_A_11107513_Cys_313_Ter,313.0,1,0,0,0,0,0,1,,0.0,1,0,6.0,0.0,,0,-3.93099999427795,0.0,1,1,1,1,1,0,1,0,0,1,1,1,1,1,0,0,0,0,0,-0.131148057,1,0.133656399,0.654779957
C_C_11107513_<NA>_<NA>_<NA>,,1,0,0,1,0,0,0,,,0,0,,,,0,,,0,0,,1,,,0,0,0,0,1,0,0,0,1,0,0,0,0,,0,,
C_T_11107513_Cys_313_Cys,313.0,0,0,1,0,0,0,1,-3.178420972087991,0.03,1,0,6.0,0.0,,0,-3.93099999427795,0.0,1,1,1,0,1,0,0,0,0,1,1,1,1,1,0,0,0,0,0,1.030194989,1,0.040266837,0.351038145
G_G_11107514_<NA>_<NA>_<NA>,,1,0,0,0,1,0,0,,,0,0,,,,0,,,0,0,,0,,,0,0,0,0,0,0,0,0,-4,0,0,0,0,,0,,
G_A_11107515_<NA>_<NA>_<NA>,,1,0,0,0,0,0,0,,0.99,1,0,,,,0,9.87199974060059,1.0,1,1,,1,,,0,0,0,0,1,0,0,0,0,0,0,0,0,,0,,
G_C_11107515_<NA>_<NA>_<NA>,,1,0,0,0,0,0,0,,1.0,1,0,,,,0,9.87199974060059,1.0,1,1,,1,,,0,0,0,0,1,0,0,0,0,0,0,0,0,,0,,
T_A_11107516_<NA>_<NA>_<NA>,,1,0,0,0,0,0,0,,1.0,1,0,,,,0,7.91499996185303,1.0,1,1,,1,,,0,0,0,0,1,0,0,0,0,0,0,0,0,,0,,
T_C_11107516_<NA>_<NA>_<NA>,,1,0,0,0,0,0,0,,0.96,1,0,,,,0,7.91499996185303,1.0,1,1,,1,,,0,0,0,0,1,0,0,0,0,0,0,0,0,,0,,
T_G_11107516_<NA>_<NA>_<NA>,,1,0,0,0,0,0,0,,1.0,1,0,,,,0,7.91499996185303,1.0,1,1,,1,,,0,0,0,0,1,0,0,0,0,0,0,0,0,,0,,
C_A_11107521_<NA>_<NA>_<NA>,,0,0,0,0,1,0,1,,0.0,1,0,,,,0,0.970000028610229,0.697000026702881,1,1,,0,,,0,0,0,0,1,0,0,0,0,0,0,0,0,,0,,
T_C_11107522_<NA>_<NA>_<NA>,,0,0,0,0,1,0,0,,0.0,1,0,,,,0,-0.977999985218048,0.190999999642372,1,1,,0,,,0,0,0,0,1,0,0,0,0,0,0,0,0,,0,,
C_G_11107523_<NA>_<NA>_<NA>,,0,0,0,0,1,0,0,,0.0,1,0,,,,0,0.75,0.446000009775162,1,1,,0,,,0,0,0,0,0,0,0,0,0,0,0,0,0,,0,,
C_T_11107523_<NA>_<NA>_<NA>,,0,0,0,0,1,0,1,-1.5528419686577808,0.0,1,0,,,,0,0.75,0.446000009775162,1,1,,0,,,0,0,0,0,0,0,0,0,0,0,0,0,0,,0,,
G_A_11107524_<NA>_<NA>_<NA>,,0,0,0,0,1,0,1,-4.219898808532088,0.0,1,0,,,,0,3.00999999046326,0.537000000476837,1,1,,0,,,0,0,0,0,0,0,0,0,0,0,0,0,0,,0,,
G_G_11107527_<NA>_<NA>_<NA>,,0,0,0,0,1,0,0,,,0,0,,,,0,-1.00999999046326,0.0,1,1,,0,,,0,0,0,0,0,0,0,0,-1,0,0,0,0,,0,,
G_A_11107530_<NA>_<NA>_<NA>,,0,0,0,0,1,0,1,-2.843148098929989,0.0,1,0,,,,0,-0.421000003814697,0.0,1,1,,0,,,0,0,0,0,0,0,0,0,0,0,0,0,0,,0,,
G_T_11107531_<NA>_<NA>_<NA>,,0,0,0,0,1,0,1,-4.531652669587843,0.0,1,0,,,,0,0.204999998211861,0.0,1,1,,0,,,0,0,0,0,0,0,0,0,0,0,0,0,0,,0,,
C_T_11107532_<NA>_<NA>_<NA>,,0,0,0,0,1,0,1,-3.881735273910521,0.0,1,0,,,,0,-1.26699995994568,0.0,1,1,,0,,,0,0,0,0,0,0,0,0,0,0,0,0,0,,0,,
G_A_11107533_<NA>_<NA>_<NA>,,0,0,0,0,1,0,1,-4.633577042774028,0.0,1,0,,,,0,-2.3970000743866,0.0,1,1,,0,,,0,0,0,0,0,0,0,0,0,0,0,0,0,,0,,
G_A_11107550_<NA>_<NA>_<NA>,,0,0,0,0,1,0,1,-0.9215431819467074,0.0,1,0,,,,0,-0.270999997854233,0.0,1,1,,0,,,0,0,0,0,0,0,0,0,0,0,0,0,0,,0,,
G_A_11107685_<NA>_<NA>_<NA>,,0,0,0,0,1,0,1,-0.9434762759208996,0.05,1,0,,,,0,0.691999971866608,0.0010000000474974,1,1,,0,,,0,0,0,0,0,0,0,0,0,0,0,0,0,,0,,
T_T_11108338_<NA>_<NA>_<NA>,,1,0,0,0,1,0,0,,,0,1,7.0,0.0,,0,,,0,0,1,0,1,0,0,0,0,0,1,0,0,1,-3812,0,0,0,0,,0,,
C_T_11110613_<NA>_<NA>_<NA>,,0,0,0,0,1,0,1,-2.120560034004783,0.0,1,0,,,,0,-0.0280000008642673,0.0,1,1,,0,,,0,0,0,0,0,0,0,0,0,0,0,0,0,,0,,
C_T_11110614_<NA>_<NA>_<NA>,,0,0,0,0,1,0,0,,0.0,1,0,,,,0,-0.017000000923872,0.0,1,1,,0,,,0,0,0,0,0,0,0,0,0,0,0,0,0,,0,,
C_T_11110632_<NA>_<NA>_<NA>,,0,0,0,0,1,0,1,-4.531652669587843,0.0,1,0,,,,0,-0.131999999284744,0.0,1,1,,0,,,0,0,0,0,0,0,0,0,0,0,0,0,0,,0,,
T_T_11110634_<NA>_<NA>_<NA>,,0,0,0,0,1,0,0,,,0,0,,,,0,,,0,0,,0,,,0,0,0,0,0,0,0,0,1,0,0,0,0,,0,,
C_A_11110636_<NA>_<NA>_<NA>,,0,0,0,0,1,0,0,,0.0,1,0,,,,0,0.76800000667572,0.0,1,1,,0,,,0,0,0,0,0,0,0,0,0,0,0,0,0,,0,,
C_T_11110637_<NA>_<NA>_<NA>,,0,0,0,0,1,0,1,-4.178683029408902,0.0,1,0,,,,0,-0.425999999046326,0.0,1,1,,0,,,0,0,0,0,0,0,0,0,0,0,0,0,0,,0,,
C_T_11110638_<NA>_<NA>_<NA>,,0,0,0,0,1,0,1,-3.882397308309916,0.0,1,0,,,,0,-0.662999987602234,0.0,1,1,,0,,,0,0,0,0,0,0,0,0,0,0,0,0,0,,0,,
G_A_11110640_<NA>_<NA>_<NA>,,1,0,0,0,1,0,0,,1.0,1,0,,,,0,-1.79200005531311,0.0,1,1,,0,,,0,0,0,0,0,0,0,0,0,0,0,0,0,,0,,
G_T_11110641_<NA>_<NA>_<NA>,,0,0,0,0,1,0,0,,0.0,1,0,,,,0,-1.99199998378754,0.0,1,1,,0,,,0,0,0,0,0,0,0,0,0,0,0,0,0,,0,,
C_T_11110642_<NA>_<NA>_<NA>,,0,0,0,0,1,0,1,-5.744968836654449,0.0,1,0,,,,0,-0.617999970912933,0.0,1,1,,0,,,0,0,0,0,0,0,0,0,0,0,0,0,0,,0,,
T_C_11110645_<NA>_<NA>_<NA>,,0,0,0,0,1,0,1,-5.744968836654449,0.0,1,0,,,,0,-1.02100002765656,0.0,1,1,,0,,,0,0,0,0,1,0,0,0,0,0,0,0,0,,0,,
C_T_11110647_<NA>_<NA>_<NA>,,0,0,0,0,1,0,1,-3.2388241868442686,0.0,1,0,,,,0,-0.764999985694885,0.0,1,1,,0,,,0,0,0,0,1,0,0,0,0,0,0,0,0,,0,,
G_A_11110648_<NA>_<NA>_<NA>,,0,0,0,0,1,0,1,-1.5687971154434834,0.0,1,0,,,,0,-0.335999995470047,0.0010000000474974,1,1,,0,,,0,0,0,0,1,0,0,0,0,0,0,0,0,,0,,
A_C_11110650_<NA>_<NA>_<NA>,,1,0,0,0,0,0,0,,0.99,1,0,,,,0,8.94099998474121,1.0,1,1,,1,,,0,0,0,0,1,0,0,0,0,0,0,0,0,,0,,
A_G_11110650_<NA>_<NA>_<NA>,,1,0,0,0,0,0,0,,0.99,1,0,,,,0,8.94099998474121,1.0,1,1,,1,,,0,0,0,0,1,0,0,0,0,0,0,0,0,,0,,
G_A_11110651_<NA>_<NA>_<NA>,,1,0,0,0,0,0,1,-4.72584215073632,1.0,1,0,,,,0,9.58800029754639,1.0,1,1,,1,,,0,0,0,0,1,0,0,0,0,0,0,0,0,,0,,
G_G_11110652_Asn_316_fs,316.0,1,0,0,1,0,0,0,,,0,0,7.0,0.0,,0,,,0,0,1,1,1,0,0,0,0,0,0,1,1,1,-49,0,0,0,0,,0,,
C_C_11110659_Glu_317_fs,317.0,1,0,0,1,0,0,0,,,0,0,7.0,0.0,,0,,,0,0,1,1,1,0,0,0,0,0,0,1,1,1,1,0,0,0,0,,0,,
C_T_11110659_Asn_316_Asn,316.0,0,0,1,0,0,0,1,-3.417028070895194,0.0,1,0,7.0,0.0,,0,-1.39499998092651,0.0010000000474974,1,1,1,0,1,0,0,0,0,0,0,1,1,1,0,0,0,0,0,0.765781607,1,0.099910643,0.631890388
G_T_11110660_Glu_317_Ter,317.0,1,0,0,0,0,0,0,,0.0,1,0,7.0,0.0,,0,9.68400001525879,1.0,1,1,1,1,1,0,1,0,0,0,0,1,1,1,0,0,0,0,0,0.242234387,1,0.104069037,0.721011438
G_G_11110660_Glu_317_fs,317.0,1,0,0,1,0,0,0,,,0,0,7.0,0.0,,0,1.1690000295639,1.0,1,1,1,1,1,0,0,0,0,0,0,1,1,1,-1,0,0,0,0,,0,,
A_G_11110662_Glu_317_Glu,317.0,0,0,1,0,0,0,0,,0.0,1,0,7.0,0.0,,0,1.1690000295639,1.0,1,1,1,0,1,0,0,0,0,0,0,1,1,1,0,0,0,0,0,1.131754824,1,0.097285057,0.337005323
T_C_11110663_Cys_318_Arg,318.0,1,1,0,0,0,0,0,,0.0,1,0,7.0,0.0,0.95,1,7.76399993896484,1.0,1,1,1,0,1,0,0,0,0,1,0,1,1,1,0,0,0,0,0,0.25197871,1,0.250222744,1.225836091
G_A_11110664_Cys_318_Tyr,318.0,1,1,0,0,0,0,0,,0.0,1,0,7.0,0.0,0.957,1,9.68400001525879,1.0,1,1,1,0,1,0,0,0,0,1,0,1,1,1,0,0,0,0,0,0.48075767,1,0.102360442,0.5790381
G_T_11110664_Cys_318_Phe,318.0,1,1,0,0,0,0,0,,0.0,1,0,7.0,0.0,0.956,1,9.68400001525879,1.0,1,1,1,0,1,0,0,0,0,1,0,1,1,1,0,0,0,0,0,0.552282835,1,0.079376057,0.809480125
C_A_11110665_Cys_318_Ter,318.0,1,0,0,0,0,0,0,,0.0,1,0,7.0,0.0,,0,0.479000002145767,0.0659999996423721,1,1,1,1,1,0,1,0,0,1,0,1,1,1,0,0,0,0,0,0.534162082,1,0.087880241,0.527281444
T_C_11110666_Leu_319_Leu,319.0,0,0,1,0,0,0,0,,0.0,1,0,7.0,0.0,,0,0.0719999969005585,0.0,1,1,1,0,1,0,0,0,0,0,0,1,1,1,0,0,0,0,0,0.919657138,1,0.093049403,0.61721991
A_A_11110670_Asp_320_fs,320.0,1,0,0,1,0,0,0,,,0,0,7.0,0.0,,0,0.624000012874603,0.100000001490116,1,1,1,1,1,0,0,0,0,0,0,1,1,1,-1,0,0,0,0,,0,,
C_C_11110671_Asn_321_fs,321.0,1,0,0,1,0,0,0,,,0,0,7.0,0.0,,0,2.34400010108948,0.998000025749207,1,1,1,1,1,0,0,0,0,0,0,1,1,1,-1,0,0,0,0,,0,,
C_C_11110671_Asn_321_fs,321.0,1,0,0,1,0,0,0,,,0,0,7.0,0.0,,0,,,0,0,1,1,1,0,0,0,0,0,0,1,1,1,-2,0,0,0,0,,0,,
A_A_11110676_Asn_322_fs,322.0,1,0,0,1,0,0,0,,,0,0,7.0,0.0,,0,-1.40400004386902,0.0,1,1,1,1,1,0,0,0,0,0,0,1,1,1,-1,0,0,0,0,,0,,
C_T_11110677_Asn_322_Asn,322.0,0,0,1,0,0,0,1,-3.382056565171027,0.0,1,0,7.0,0.0,,0,-1.40400004386902,0.0,1,1,1,0,1,0,0,0,0,0,0,1,1,1,0,0,0,0,0,0.998823358,1,0.037267249,0.288670869
C_C_11110677_Gly_323_fs,323.0,1,0,0,1,0,0,0,,,0,0,7.0,0.0,,0,9.68400001525879,1.0,1,1,1,1,1,0,0,0,0,0,0,1,1,1,-1,0,0,0,0,,0,,
G_T_11110678_Gly_323_Cys,323.0,1,1,0,0,0,0,0,,0.0,1,0,7.0,0.0,0.903,1,6.61499977111816,1.0,1,1,1,0,1,0,0,0,0,0,0,1,1,1,0,0,0,0,0,0.587596961,1,0.159901623,0.783354772
G_A_11110679_Gly_323_Asp,323.0,1,1,0,0,0,0,0,,0.0,1,0,7.0,0.0,0.928,1,9.68400001525879,1.0,1,1,1,0,1,0,0,0,0,0,0,1,1,1,0,0,0,0,0,0.358052827,1,0.132803254,0.839921525
G_T_11110679_Gly_323_Val,323.0,1,1,0,0,0,0,0,,0.0,1,0,7.0,0.0,0.926,1,9.68400001525879,1.0,1,1,1,0,1,0,0,0,0,0,0,1,1,1,0,0,0,0,0,0.770936546,1,0.063926978,0.361625596
G_G_11110679_Gly_324_fs,324.0,1,0,0,1,0,0,0,,,0,0,7.0,0.0,,0,-4.81699991226196,0.0,1,1,1,1,1,0,0,0,0,0,0,1,1,1,-1,0,0,0,0,,0,,
C_T_11110680_Gly_323_Gly,323.0,0,0,1,0,0,0,1,-3.080189979829804,0.0,1,0,7.0,0.0,,0,-4.81699991226196,0.0,1,1,1,0,1,0,0,0,0,0,0,1,1,1,0,0,0,0,0,1.011249931,1,0.090245854,0.82711691
C_C_11110680_Gly_324_fs,324.0,1,0,0,1,0,0,0,,,0,0,7.0,0.0,,0,7.84100008010864,1.0,1,1,1,1,1,0,0,0,0,0,0,1,1,1,-1,0,0,0,0,,0,,
G_A_11110681_Gly_324_Ser,324.0,0,1,0,0,0,0,1,-1.8758219445253248,0.01,1,0,7.0,0.0,0.815,1,6.6100001335144,1.0,1,1,1,0,1,0,0,0,0,0,0,1,1,1,0,0,0,0,0,0.966008268,1,0.063249527,0.37949716
G_G_11110682_Ser_326_Cys,326.0,1,0,0,0,0,0,0,,,0,0,7.0,0.0,,0,,,0,0,1,0,1,0,0,0,0,0,0,1,1,1,-12,0,1,1,0,,0,,
C_T_11110683_Gly_324_Gly,324.0,0,0,1,0,0,0,0,,0.0,1,0,7.0,0.0,,0,0.245000004768372,0.975000023841858,1,1,1,0,1,0,0,0,0,0,0,1,1,1,0,0,0,0,0,0.950083913,1,0.149993597,0.734815555
T_C_11110684_Cys_325_Arg,325.0,1,1,0,0,0,0,0,,0.0,1,0,7.0,0.0,0.96,1,7.76399993896484,1.0,1,1,1,0,1,0,0,0,0,1,0,1,1,1,0,0,0,0,0,-0.067837344,1,0.086658893,0.693271145
G_A_11110685_Cys_325_Tyr,325.0,1,1,0,0,0,0,1,-4.598771832501887,0.0,1,0,7.0,0.0,0.977,1,9.68400001525879,1.0,1,1,1,0,1,0,0,0,0,1,0,1,1,1,0,0,0,0,0,0.207490578,1,0.09277537,0.78722512
G_C_11110685_Cys_325_Ser,325.0,1,1,0,0,0,0,0,,0.0,1,0,7.0,0.0,0.949,1,9.68400001525879,1.0,1,1,1,0,1,0,0,0,0,1,0,1,1,1,0,0,0,0,0,0.472736274,1,0.115278622,0.922228978
G_T_11110685_Cys_325_Phe,325.0,1,1,0,0,0,0,0,,0.0,1,0,7.0,0.0,0.977,1,9.68400001525879,1.0,1,1,1,0,1,0,0,0,0,1,0,1,1,1,0,0,0,0,0,0.161973175,1,0.127153103,1.192801839
T_C_11110686_Cys_325_Cys,325.0,0,0,1,0,0,0,0,,0.0,1,0,7.0,0.0,,0,0.685999989509583,0.998000025749207,1,1,1,0,1,0,0,0,0,1,0,1,1,1,0,0,0,0,0,0.728384964,1,0.08383713,0.530232565
T_T_11110687_His_327_fs,327.0,1,0,0,1,0,0,0,,,0,0,7.0,0.0,,0,7.6560001373291,1.0,1,1,1,1,1,0,0,0,0,0,0,1,1,1,-1,0,0,0,0,,0,,
C_G_11110688_Ser_326_Cys,326.0,1,1,0,0,0,0,1,-4.780939667551139,0.0,1,0,7.0,0.0,0.927,1,5.87400007247925,1.0,1,1,1,0,1,0,0,0,0,0,0,1,1,1,0,0,0,0,0,0.402719688,1,0.093726146,0.749809167
C_T_11110688_Ser_326_Phe,326.0,1,1,0,0,0,0,0,,0.0,1,0,7.0,0.0,0.937,1,5.87400007247925,1.0,1,1,1,0,1,0,0,0,0,0,0,1,1,1,0,0,0,0,0,0.858999424,1,0.119016999,0.921901709
C_G_11110689_Ser_326_Ser,326.0,0,0,1,0,0,0,1,-4.935916564036404,0.0,1,0,7.0,0.0,,0,-0.231000006198883,0.433999985456467,1,1,1,0,1,0,0,0,0,0,0,1,1,1,0,0,0,0,0,1.069666868,1,0.031300117,0.265590301
C_T_11110689_Ser_326_Ser,326.0,0,0,1,0,0,0,1,-4.650528200785614,0.0,1,0,7.0,0.0,,0,-0.231000006198883,0.433999985456467,1,1,1,0,1,0,0,0,0,0,0,1,1,1,0,0,0,0,0,1.069666868,1,0.031300117,0.265590301
C_C_11110690_His_327_fs,327.0,1,0,0,1,0,0,0,,,0,0,7.0,0.0,,0,,,0,0,1,1,1,0,0,0,0,0,0,1,1,1,1,0,0,0,0,,0,,
C_T_11110692_His_327_His,327.0,0,0,1,0,0,0,1,-4.598771832501887,0.0,1,0,7.0,0.0,,0,-0.33500000834465,0.0,1,1,1,0,1,0,0,0,0,0,0,1,1,1,0,0,0,0,0,1.065896444,1,0.103624934,0.463424792
C_G_11110695_Val_328_Val,328.0,0,0,1,0,0,0,1,-4.935916564036404,0.0,1,0,7.0,0.0,,0,0.529999971389771,0.0949999988079071,1,1,1,0,1,0,0,0,0,0,0,1,1,1,0,0,0,0,0,1.007461363,1,0.039715616,0.39715616
T_C_11110696_Cys_329_Arg,329.0,1,1,0,0,0,0,0,,0.0,1,0,7.0,0.0,0.955,1,7.76399993896484,1.0,1,1,1,0,1,0,0,0,0,1,0,1,1,1,0,0,0,0,0,0.569358679,1,0.101064518,0.639188136
T_G_11110696_Cys_329_Gly,329.0,1,1,0,0,0,0,0,,0.0,1,0,7.0,0.0,0.961,1,7.76399993896484,1.0,1,1,1,0,1,0,0,0,0,1,0,1,1,1,0,0,0,0,0,0.468775913,1,0.083314637,0.763591258
G_A_11110697_Cys_329_Tyr,329.0,1,1,0,0,0,0,1,-4.230696539810919,0.0,1,0,7.0,0.0,0.965,1,9.68400001525879,1.0,1,1,1,0,1,0,0,0,0,1,0,1,1,1,0,0,0,0,0,0.057794156,1,0.1335415,0.654217071
G_T_11110697_Cys_329_Phe,329.0,1,1,0,0,0,0,0,,0.0,1,0,7.0,0.0,0.962,1,9.68400001525879,1.0,1,1,1,0,1,0,0,0,0,1,0,1,1,1,0,0,0,0,0,-0.037255254,1,0.094703881,0.598959935
C_A_11110698_Cys_329_Ter,329.0,1,0,0,0,0,0,0,,0.0,1,0,7.0,0.0,,0,1.67400002479553,0.999000012874603,1,1,1,1,1,0,1,0,0,1,0,1,1,1,0,0,0,0,0,-0.091772615,1,0.177796607,0.711186428
C_G_11110698_Cys_329_Trp,329.0,1,1,0,0,0,0,0,,0.0,1,0,7.0,0.0,0.805,1,1.67400002479553,0.999000012874603,1,1,1,0,1,0,0,0,0,1,0,1,1,1,0,0,0,0,0,0.824039979,1,0.072539236,0.355368231
C_T_11110698_Cys_329_Cys,329.0,0,0,1,0,0,0,0,,0.0,1,0,7.0,0.0,,0,1.67400002479553,0.999000012874603,1,1,1,0,1,0,0,0,0,1,0,1,1,1,0,0,0,0,0,0.872377805,1,0.093556148,0.529233495
C_T_11110704_Asp_331_Asp,331.0,0,0,1,0,0,0,1,-2.291324207273463,0.0,1,0,7.0,0.0,,0,0.864000022411346,1.0,1,1,1,0,1,0,0,0,0,0,0,1,1,1,0,0,0,0,0,0.201280885,1,0.189982899,0.379965797
C_G_11110705_Leu_332_fs,332.0,1,0,0,1,0,0,0,,,0,0,7.0,0.0,,0,,,0,0,1,1,1,0,0,0,0,0,0,1,1,1,-14,0,0,0,0,,0,,
T_G_11110707_Lys_333_fs,333.0,1,0,0,1,0,0,0,,,0,0,7.0,0.0,,0,,,0,0,1,1,1,0,0,0,0,0,0,1,1,1,-11,0,0,0,0,,0,,
G_A_11110710_Lys_333_Lys,333.0,0,0,1,0,0,0,0,,0.0,1,0,7.0,0.0,,0,2.39400005340576,1.0,1,1,1,0,1,0,0,0,0,0,0,1,1,1,0,0,0,0,0,,0,,
C_T_11110713_Ile_334_Ile,334.0,0,0,1,0,0,0,1,-2.9965394678904937,0.0,1,0,7.0,0.0,,0,-3.76099991798401,0.0,1,1,1,0,1,0,0,0,0,0,0,1,1,1,0,0,0,0,0,0.988361748,1,0.073901098,0.362039961
G_A_11110714_Gly_335_Ser,335.0,1,1,0,0,0,0,1,-3.2376966367122315,0.0,1,0,7.0,0.0,0.843,1,9.68400001525879,1.0,1,1,1,0,1,0,0,0,0,0,0,1,1,1,0,0,0,0,0,0.939404943,1,0.073098058,0.438588349
G_T_11110714_Gly_335_Cys,335.0,1,1,0,0,0,0,0,,0.0,1,0,7.0,0.0,0.889,1,9.68400001525879,1.0,1,1,1,0,1,0,0,0,0,0,0,1,1,1,0,0,0,0,0,0.194061743,1,0.441613523,1.766454093
G_G_11110715_Tyr_336_fs,336.0,1,0,0,1,0,0,0,,,0,0,7.0,0.0,,0,-1.2150000333786,0.0,1,1,1,1,1,0,0,0,0,0,0,1,1,1,-1,0,0,0,0,,0,,
A_G_11110718_Tyr_336_Cys,336.0,1,1,0,0,0,0,0,,0.0,1,0,7.0,0.0,0.604,1,2.10400009155273,0.0260000005364418,1,1,1,0,1,0,0,0,0,0,0,1,1,1,0,0,0,0,0,0.244880388,1,0.390502007,1.562008029
A_A_11110718_Gly_335_Ter,335.0,1,0,0,1,0,0,0,,,0,0,7.0,0.0,,0,-1.38199996948242,0.0,1,1,1,1,1,0,0,0,0,0,0,1,1,1,-1,0,0,0,1,-0.11501602,1,0.072616538,0.543412412
A_A_11110718_Glu_337_Pro,337.0,1,0,0,0,0,0,0,,,0,0,7.0,0.0,,0,,,0,0,1,0,1,0,0,0,0,0,0,1,1,1,-15,0,1,1,0,,0,,
A_A_11110718_Glu_337_Phe,337.0,1,0,0,0,0,0,0,,,0,0,7.0,0.0,,0,,,0,0,1,0,1,0,0,0,0,0,0,1,1,1,-24,0,1,1,0,,0,,
C_A_11110719_Tyr_336_Ter,336.0,1,0,0,0,0,0,0,,0.0,1,0,7.0,0.0,,0,-1.38199996948242,0.0,1,1,1,1,1,0,1,0,0,0,0,1,1,1,0,0,0,0,0,-0.11501602,1,0.072616538,0.543412412
C_C_11110719_Cys_338_Ter,338.0,1,0,0,0,0,0,0,,,0,0,7.0,0.0,,0,,,0,0,1,0,1,0,0,0,0,1,0,1,1,1,4,0,0,1,0,,0,,
C_T_11110719_Tyr_336_Tyr,336.0,0,0,1,0,0,0,1,-4.18369240056806,0.0,1,0,7.0,0.0,,0,-1.38199996948242,0.0,1,1,1,0,1,0,0,0,0,0,0,1,1,1,0,0,0,0,0,1.061353639,1,0.031862209,0.180239875
T_A_11110723_Cys_338_Ser,338.0,1,1,0,0,0,0,1,-4.598771832501887,0.0,1,0,7.0,0.0,0.927,1,7.74200010299683,1.0,1,1,1,0,1,0,0,0,0,1,0,1,1,1,0,0,0,0,0,0.410118047,1,0.117677499,0.66568446
T_C_11110723_Cys_338_Arg,338.0,1,1,0,0,0,0,0,,0.0,1,0,7.0,0.0,0.92,1,7.74200010299683,1.0,1,1,1,0,1,0,0,0,0,1,0,1,1,1,0,0,0,0,0,0.385680821,1,0.145577124,0.823508573
T_G_11110723_Cys_338_Gly,338.0,1,1,0,0,0,0,0,,0.0,1,0,7.0,0.0,0.911,1,7.74200010299683,1.0,1,1,1,0,1,0,0,0,0,1,0,1,1,1,0,0,0,0,0,-0.070839284,1,0.11012067,0.852991043
T_T_11110723_Leu_346_fs,346.0,1,0,0,1,0,0,0,,,0,0,7.0,0.0,,0,,,0,0,1,1,1,0,0,0,0,0,0,1,1,1,22,0,0,0,0,,0,,
G_A_11110724_Cys_338_Tyr,338.0,1,1,0,0,0,0,0,,0.0,1,0,7.0,0.0,0.926,1,9.65499973297119,1.0,1,1,1,0,1,0,0,0,0,1,0,1,1,1,0,0,0,0,0,0.068081308,1,0.14992127,0.599685079
G_C_11110724_Cys_338_Ser,338.0,1,1,0,0,0,0,0,,0.0,1,0,7.0,0.0,0.929,1,9.65499973297119,1.0,1,1,1,0,1,0,0,0,0,1,0,1,1,1,0,0,0,0,0,0.410118047,1,0.117677499,0.66568446
G_T_11110724_Cys_338_Phe,338.0,1,1,0,0,0,0,0,,0.0,1,0,7.0,0.0,0.925,1,9.65499973297119,1.0,1,1,1,0,1,0,0,0,0,1,0,1,1,1,0,0,0,0,0,0.288618711,1,0.1144499,0.75917475
C_A_11110725_Cys_338_Ter,338.0,1,0,0,0,0,0,0,,0.0,1,0,7.0,0.0,,0,-0.522000014781952,0.0,1,1,1,1,1,0,1,0,0,1,0,1,1,1,0,0,0,0,0,0.036746972,1,0.079265221,0.27458278
C_T_11110725_Cys_338_Cys,338.0,0,0,1,0,0,0,1,-5.267928059000133,0.0,1,0,7.0,0.0,,0,-0.522000014781952,0.0,1,1,1,0,1,0,0,0,0,1,0,1,1,1,0,0,0,0,0,0.996084342,1,0.051058007,0.322919187
T_C_11110727_Leu_339_Pro,339.0,1,1,0,0,0,0,1,-4.780939667551139,0.0,1,0,7.0,0.0,0.669,1,0.929000020027161,0.0,1,1,1,0,1,0,0,0,0,0,0,1,1,1,0,0,0,0,0,0.457604711,1,0.192020629,0.858742357
T_T_11110727_Cys_340_fs,340.0,1,0,0,1,0,0,0,,,0,0,7.0,0.0,,0,,,0,0,1,1,1,0,0,0,0,1,0,1,1,1,1,0,0,0,0,,0,,
T_G_11110729_Cys_340_Gly,340.0,1,1,0,0,0,0,0,,0.0,1,0,7.0,0.0,0.915,1,7.74200010299683,1.0,1,1,1,0,1,0,0,0,0,1,0,1,1,1,0,0,0,0,0,1.00515716,1,0.058295951,0.403886195
G_A_11110730_Cys_340_Tyr,340.0,1,1,0,0,0,0,1,-6.046095406586541,0.0,1,0,7.0,0.0,0.923,1,9.65499973297119,1.0,1,1,1,0,1,0,0,0,0,1,0,1,1,1,0,0,0,0,0,0.821651736,1,0.105015798,0.696596001
G_T_11110730_Cys_340_Phe,340.0,1,1,0,0,0,0,1,-3.684029654543082,0.0,1,0,7.0,0.0,0.921,1,9.65499973297119,1.0,1,1,1,0,1,0,0,0,0,1,0,1,1,1,0,0,0,0,0,0.960487437,1,0.061160784,0.489286272
G_G_11110730_Asp_342_fs,342.0,1,0,0,1,0,0,0,,,0,0,7.0,0.0,,0,-3.60199999809265,0.0,1,1,1,1,1,0,0,0,0,0,0,1,1,1,-1,0,0,0,0,,0,,
G_T_11110730_Cys_340_Leu,340.0,1,1,0,0,0,0,0,,,0,0,7.0,0.0,,0,,,0,0,1,0,1,0,0,0,0,1,0,1,1,1,0,0,0,0,0,0.824857234,1,0.075178666,0.58233144
C_A_11110731_Cys_340_Ter,340.0,1,0,0,0,0,0,0,,0.0,1,0,7.0,0.0,,0,-1.18799996376038,0.0049999998882412,1,1,1,1,1,0,1,0,0,1,0,1,1,1,0,0,0,0,0,-0.143457991,1,0.055721029,0.315205738
C_G_11110731_Cys_340_Trp,340.0,1,1,0,0,0,0,1,-3.684029654543082,0.0,1,0,7.0,0.0,0.764,1,-1.18799996376038,0.0049999998882412,1,1,1,0,1,0,0,0,0,1,0,1,1,1,0,0,0,0,0,0.98325335,1,0.050863738,0.337391868
C_T_11110731_Cys_340_Cys,340.0,0,0,1,0,0,0,1,-4.634699251362012,0.0,1,0,7.0,0.0,,0,-1.18799996376038,0.0049999998882412,1,1,1,0,1,0,0,0,0,1,0,1,1,1,0,0,0,0,0,1.008748277,1,0.035822642,0.286581139
C_G_11110733_Pro_341_Arg,341.0,0,1,0,0,0,0,0,,0.0,1,0,7.0,0.0,0.668,1,4.66499996185303,0.999000012874603,1,1,1,0,1,0,0,0,0,0,0,1,1,1,0,0,0,0,0,0.973454531,1,0.105545491,0.597055457
C_G_11110734_Pro_341_Pro,341.0,0,0,1,0,0,0,0,,0.0,1,0,7.0,0.0,,0,-3.60199999809265,0.0,1,1,1,0,1,0,0,0,0,0,0,1,1,1,0,0,0,0,0,1.124937093,1,0.073963286,0.295853146
C_T_11110734_Pro_341_Pro,341.0,0,0,1,0,0,0,1,-4.173406946065952,0.0,1,0,7.0,0.0,,0,-3.60199999809265,0.0,1,1,1,0,1,0,0,0,0,0,0,1,1,1,0,0,0,0,0,1.124937093,1,0.073963286,0.295853146
G_A_11110735_Asp_342_Asn,342.0,0,1,0,0,0,0,1,-2.2414665777627136,0.0,1,0,7.0,0.0,0.283,1,0.470999985933304,0.0,1,1,1,0,1,0,0,0,0,0,0,1,1,1,0,0,0,0,0,0.936760381,1,0.045425834,0.24037092
C_T_11110737_Asp_342_Asp,342.0,0,0,1,0,0,0,1,-3.319301970302365,0.0,1,0,7.0,0.0,,0,-1.15100002288818,0.0,1,1,1,0,1,0,0,0,0,0,0,1,1,1,0,0,0,0,0,1.069992103,1,0.062588884,0.306621657
G_A_11110738_Gly_343_Ser,343.0,1,1,0,0,0,0,1,-4.048468209457652,0.01,1,0,7.0,0.0,0.929,1,9.65499973297119,1.0,1,1,1,0,1,0,0,0,0,0,0,1,1,1,0,0,0,0,0,0.610838873,1,0.197144678,1.42163049
G_T_11110738_Gly_343_Cys,343.0,1,1,0,0,0,0,0,,0.0,1,0,7.0,0.0,0.92,1,9.65499973297119,1.0,1,1,1,0,1,0,0,0,0,0,0,1,1,1,0,0,0,0,0,0.131740143,1,0.288945413,1.15578165
G_A_11110739_Gly_343_Asp,343.0,1,1,0,0,0,0,1,-6.046095406586541,0.0,1,0,7.0,0.0,0.959,1,9.65499973297119,1.0,1,1,1,0,1,0,0,0,0,0,0,1,1,1,0,0,0,0,0,1.199551134,1,0.110061076,0.440244303
G_C_11110739_Gly_343_Ala,343.0,1,1,0,0,0,0,0,,0.0,1,0,7.0,0.0,0.954,1,9.65499973297119,1.0,1,1,1,0,1,0,0,0,0,0,0,1,1,1,0,0,0,0,0,0.914511758,1,0.062803173,0.177634199
G_T_11110739_Gly_343_Val,343.0,1,1,0,0,0,0,0,,0.0,1,0,7.0,0.0,0.983,1,9.65499973297119,1.0,1,1,1,0,1,0,0,0,0,0,0,1,1,1,0,0,0,0,0,0.550009839,1,0.125536899,0.710143938
C_A_11110740_Gly_343_Gly,343.0,0,0,1,0,0,0,0,,0.0,1,0,7.0,0.0,,0,-0.662999987602234,0.0469999983906746,1,1,1,0,1,0,0,0,0,0,0,1,1,1,0,0,0,0,0,0.825904006,1,0.058328783,0.534592123
C_G_11110740_Gly_343_Gly,343.0,0,0,1,0,0,0,0,,0.0,1,0,7.0,0.0,,0,-0.662999987602234,0.0469999983906746,1,1,1,0,1,0,0,0,0,0,0,1,1,1,0,0,0,0,0,0.825904006,1,0.058328783,0.534592123
C_C_11110740_Phe_344_fs,344.0,1,0,0,1,0,0,0,,,0,0,7.0,0.0,,0,0.767000019550323,0.99099999666214,1,1,1,1,1,0,0,0,0,0,0,1,1,1,-1,0,0,0,0,,0,,
C_C_11110744_Leu_346_fs,346.0,1,0,0,1,0,0,1,-4.650528200785614,,0,0,7.0,0.0,,0,,,0,0,1,1,1,0,0,0,0,0,0,1,1,1,1,0,0,0,0,,0,,
C_T_11110744_Gln_345_Ter,345.0,1,0,0,0,0,0,1,-4.780939667551139,0.0,1,0,7.0,0.0,,0,0.211999997496605,0.017000000923872,1,1,1,1,1,0,1,0,0,0,0,1,1,1,0,0,0,0,0,0.07080858,1,0.086378366,0.518270194
G_A_11110746_Gln_345_Gln,345.0,0,0,1,0,0,0,0,,0.01,1,0,7.0,0.0,,0,0.375999987125397,0.0810000002384186,1,1,1,0,1,0,0,0,0,0,0,1,1,1,0,0,0,0,0,1.043881597,1,0.03471733,0.098195437
C_C_11110747_Val_347_fs,347.0,1,0,0,1,0,0,0,,,0,0,7.0,0.0,,0,,,0,0,1,1,1,0,0,0,0,0,0,1,1,1,1,0,0,0,0,,0,,
C_T_11110747_Leu_346_Leu,346.0,0,0,1,0,0,0,1,-3.715343717211484,0.0,1,0,7.0,0.0,,0,2.56900000572205,0.982999980449677,1,1,1,0,1,0,0,0,0,0,0,1,1,1,0,0,0,0,0,0.996254162,1,0.057621146,0.399211007
T_C_11110748_Leu_346_fs,346.0,1,0,0,1,0,0,0,,,0,0,7.0,0.0,,0,,,0,0,1,1,1,0,0,0,0,0,0,1,1,1,1,0,0,0,0,,0,,
G_A_11110749_Leu_346_Leu,346.0,0,0,1,0,0,0,1,-4.090657961638692,0.0,1,0,7.0,0.0,,0,-0.261000007390976,0.363999992609024,1,1,1,0,1,0,0,0,0,0,0,1,1,1,0,0,0,0,0,0.996254162,1,0.057621146,0.399211007
G_G_11110750_Val_347_fs,347.0,1,0,0,1,0,0,0,,,0,0,7.0,0.0,,0,,,0,0,1,1,1,0,0,0,0,0,0,1,1,1,1,0,0,0,0,,0,,
T_T_11110751_Ala_348_fs,348.0,1,0,0,1,0,0,0,,,0,0,7.0,0.0,,0,9.625,1.0,1,1,1,1,1,0,0,0,0,0,0,1,1,1,-1,0,0,0,0,,0,,
G_G_11110753_Ala_348_fs,348.0,1,0,0,1,0,0,0,,,0,0,7.0,0.0,,0,,,0,0,1,1,1,0,0,0,0,0,0,1,1,1,1,0,0,0,0,,0,,
G_G_11110753_Gln_349_fs,349.0,1,0,0,1,0,0,0,,,0,0,7.0,0.0,,0,,,0,0,1,1,1,0,0,0,0,0,0,1,1,1,1,0,0,0,0,,0,,
G_G_11110753_Gln_349_fs,349.0,1,0,0,1,0,0,0,,,0,0,7.0,0.0,,0,0.428000003099442,0.063000001013279,1,1,1,1,1,0,0,0,0,0,0,1,1,1,-1,0,0,0,0,,0,,
C_T_11110755_Ala_348_Ala,348.0,0,0,1,0,0,0,1,-6.046047116768077,0.0,1,0,7.0,0.0,,0,0.813000023365021,0.200000002980232,1,1,1,0,1,0,0,0,0,0,0,1,1,1,0,0,0,0,0,0.968276683,1,0.102033972,0.353456049
C_C_11110756_Arg_350_fs,350.0,1,0,0,1,0,0,0,,,0,0,7.0,0.0,,0,,,0,0,1,1,1,0,0,0,0,0,0,1,1,1,1,0,0,0,0,,0,,
C_T_11110756_Gln_349_Ter,349.0,1,0,0,0,0,0,1,-4.634699251362012,0.01,1,0,7.0,0.0,,0,0.428000003099442,0.063000001013279,1,1,1,1,1,0,1,0,0,0,0,1,1,1,0,0,0,0,0,0.026145556,1,0.115403772,0.65282232
C_C_11110756_Gln_349_fs,349.0,1,0,0,1,0,0,0,,,0,0,7.0,0.0,,0,1.13499999046326,0.0599999986588955,1,1,1,1,1,0,0,0,0,0,0,1,1,1,-1,0,0,0,0,,0,,
A_A_11110757_Ile_355_fs,355.0,1,0,0,1,0,0,0,,,0,0,7.0,0.0,,0,,,0,0,1,1,1,0,0,0,0,0,0,1,1,1,8,0,0,0,0,,0,,
G_A_11110758_Gln_349_Gln,349.0,0,0,1,0,0,0,1,-4.780939667551139,0.0,1,0,7.0,0.0,,0,0.683000028133392,0.063000001013279,1,1,1,0,1,0,0,0,0,0,0,1,1,1,0,0,0,0,0,0.882016386,1,0.146965146,0.415680205
C_A_11110759_Arg_350_Arg,350.0,0,0,1,0,0,0,1,-4.935916564036404,0.01,1,0,7.0,0.0,,0,2.42400002479553,0.0670000016689301,1,1,1,0,1,0,0,0,0,0,0,1,1,1,0,0,0,0,0,1.009750939,1,0.105335146,0.69871431
C_T_11110759_Arg_350_Ter,350.0,1,0,0,0,0,0,1,-4.598599459218456,0.0,1,0,7.0,0.0,,0,2.42400002479553,0.0670000016689301,1,1,1,1,1,0,1,0,0,0,0,1,1,1,0,0,0,0,0,0.057697185,1,0.130602797,0.691085041
G_C_11110760_Arg_350_Pro,350.0,1,1,0,0,0,0,1,-4.183758700008217,0.0,1,0,7.0,0.0,0.648,1,0.38400000333786,0.0020000000949949,1,1,1,0,1,0,0,0,0,0,0,1,1,1,0,0,0,0,0,0.955951767,1,0.061321483,0.173443345
A_G_11110761_Arg_350_Arg,350.0,0,0,1,0,0,0,0,,0.01,1,0,7.0,0.0,,0,-0.254000008106232,0.0,1,1,1,0,1,0,0,0,0,0,0,1,1,1,0,0,0,0,0,1.009750939,1,0.105335146,0.69871431
A_A_11110764_Cys_352_Cys,352.0,1,0,0,0,0,0,0,,,0,0,7.0,0.0,,0,,,0,0,1,0,1,0,0,0,0,1,0,1,1,1,-3,0,1,1,0,0.108032015,1,0.123709882,0.349904386
A_A_11110764_<NA>_<NA>_<NA>,,1,0,0,0,1,0,0,,,0,0,7.0,0.0,,0,,,0,0,1,0,1,0,0,0,0,0,1,1,0,1,-8,0,0,0,0,,0,,
A_A_11110764_Cys_352_fs,352.0,1,0,0,1,1,0,0,,,0,1,7.0,0.0,,0,,,0,0,1,0,1,0,0,0,0,1,1,0,1,1,-753,0,0,0,0,,0,,
T_A_11110765_Cys_352_Ser,352.0,1,1,0,0,0,0,0,,0.02,1,0,7.0,0.0,0.983,1,7.66200017929077,1.0,1,1,1,0,1,0,0,0,0,1,0,1,1,1,0,0,0,0,0,0.887320249,1,0.105650264,0.472482345
T_C_11110765_Cys_352_Arg,352.0,1,1,0,0,0,0,0,,0.02,1,0,7.0,0.0,0.973,1,7.66200017929077,1.0,1,1,1,0,1,0,0,0,0,1,0,1,1,1,0,0,0,0,0,0.857933061,1,0.150767889,0.738608796
G_A_11110766_Cys_352_Tyr,352.0,1,1,0,0,0,0,1,-4.048419655096608,0.01,1,0,7.0,0.0,0.98,1,9.55000019073486,1.0,1,1,1,0,1,0,0,0,0,1,0,1,1,1,0,0,0,0,0,0.531060362,1,0.180343122,0.954286105
G_T_11110766_Cys_352_Phe,352.0,1,1,0,0,0,0,1,-6.046047116768077,0.01,1,0,7.0,0.0,0.978,1,9.55000019073486,1.0,1,1,1,0,1,0,0,0,0,1,0,1,1,1,0,0,0,0,0,0.924608475,1,0.037519987,0.212245097
C_A_11110767_Cys_352_Ter,352.0,1,0,0,0,0,0,1,,0.02,1,0,7.0,0.0,,0,-1.20099997520447,0.0049999998882412,1,1,1,1,1,0,1,0,0,1,0,1,1,1,0,0,0,0,0,0.047937386,1,0.129865367,0.367314726
C_G_11110767_Cys_352_Trp,352.0,1,1,0,0,0,0,1,-4.598599459218456,0.04,1,0,7.0,0.0,0.884,1,-1.20099997520447,0.0049999998882412,1,1,1,0,1,0,0,0,0,1,0,1,1,1,0,0,0,0,0,0.750867901,1,0.075638806,0.62373357
C_T_11110767_Cys_352_Cys,352.0,0,0,1,0,0,0,1,-2.1129456219490432,0.01,1,0,7.0,0.0,,0,-1.20099997520447,0.0049999998882412,1,1,1,0,1,0,0,0,0,1,0,1,1,1,0,0,0,0,0,1.076198446,1,0.103265692,0.619594149
G_T_11110768_Glu_353_Ter,353.0,1,0,0,0,0,0,0,,0.03,1,0,7.0,0.0,,0,4.60699987411499,1.0,1,1,1,1,1,0,1,0,0,0,0,1,1,1,0,0,0,0,0,0.347161926,1,0.188209163,0.922032828
G_A_11110771_Asp_354_Asn,354.0,1,1,0,0,0,0,0,,0.84,1,0,7.0,0.0,0.875,1,9.55000019073486,1.0,1,1,1,0,1,0,0,0,0,0,1,1,1,1,0,0,0,0,0,1.031814097,1,0.089664491,0.358657965
G_A_11110772_<NA>_<NA>_<NA>,,1,0,0,0,0,0,0,,1.0,1,0,,,,0,9.55000019073486,1.0,1,1,,1,,,0,0,0,0,1,0,0,0,0,0,0,0,0,,0,,
G_T_11110772_<NA>_<NA>_<NA>,,1,0,0,0,0,0,1,,1.0,1,0,,,,0,9.55000019073486,1.0,1,1,,1,,,0,0,0,0,1,0,0,0,0,0,0,0,0,,0,,
T_G_11110773_<NA>_<NA>_<NA>,,1,0,0,0,0,0,1,-4.333669255698031,1.0,1,0,,,,0,7.66200017929077,1.0,1,1,,1,,,0,0,0,0,1,0,0,0,0,0,0,0,0,,0,,
C_G_11110778_<NA>_<NA>_<NA>,,0,0,0,0,1,0,0,,0.01,1,0,,,,0,0.894999980926514,0.0010000000474974,1,1,,0,,,0,0,0,0,1,0,0,0,0,0,0,0,0,,0,,
G_C_11110781_<NA>_<NA>_<NA>,,0,0,0,0,1,0,1,-0.2983456826742518,0.07,1,0,,,,0,-2.63299989700317,0.0,1,1,,0,,,0,0,0,0,0,0,0,0,0,0,0,0,0,,0,,
G_T_11110781_<NA>_<NA>_<NA>,,0,0,0,0,1,0,1,,0.06,1,0,,,,0,-2.63299989700317,0.0,1,1,,0,,,0,0,0,0,0,0,0,0,0,0,0,0,0,,0,,
G_C_11110781_<NA>_<NA>_<NA>,,0,0,0,0,1,0,0,,,0,0,,,,0,,,0,0,,0,,,0,0,0,0,0,0,0,0,0,0,0,0,0,,0,,
G_C_11110781_<NA>_<NA>_<NA>,,0,0,0,0,1,0,0,,,0,0,,,,0,,,0,0,,0,,,0,0,0,0,0,0,0,0,0,0,0,0,0,,0,,
G_A_11110782_<NA>_<NA>_<NA>,,0,0,0,0,1,0,1,-4.03263926003405,0.03,1,0,,,,0,-0.981000006198883,0.0,1,1,,0,,,0,0,0,0,0,0,0,0,0,0,0,0,0,,0,,
G_A_11110783_<NA>_<NA>_<NA>,,0,0,0,0,1,0,1,-4.617622696531886,0.03,1,0,,,,0,0.765999972820282,0.0010000000474974,1,1,,0,,,0,0,0,0,0,0,0,0,0,0,0,0,0,,0,,
G_T_11110783_<NA>_<NA>_<NA>,,0,0,0,0,1,0,1,-4.568958054664114,0.03,1,0,,,,0,0.765999972820282,0.0010000000474974,1,1,,0,,,0,0,0,0,0,0,0,0,0,0,0,0,0,,0,,
T_T_11110784_<NA>_<NA>_<NA>,,0,0,0,0,1,0,0,,,0,0,,,,0,,,0,0,,0,,,0,0,0,0,0,0,0,0,1,0,0,0,0,,0,,
G_T_11110786_<NA>_<NA>_<NA>,,0,0,0,0,1,0,0,,0.01,1,0,,,,0,-0.552999973297119,0.0,1,1,,0,,,0,0,0,0,0,0,0,0,0,0,0,0,0,,0,,
G_T_11110787_<NA>_<NA>_<NA>,,0,0,0,0,1,0,0,,0.04,1,0,,,,0,1.06200003623962,0.0149999996647239,1,1,,0,,,0,0,0,0,0,0,0,0,0,0,0,0,0,,0,,
C_A_11110789_<NA>_<NA>_<NA>,,0,0,0,0,1,0,1,-4.479647495916682,0.02,1,0,,,,0,-1.23800003528595,0.0,1,1,,0,,,0,0,0,0,0,0,0,0,0,0,0,0,0,,0,,
C_T_11110789_<NA>_<NA>_<NA>,,0,0,0,0,1,0,0,,0.01,1,0,,,,0,-1.23800003528595,0.0,1,1,,0,,,0,0,0,0,0,0,0,0,0,0,0,0,0,,0,,
C_A_11110795_<NA>_<NA>_<NA>,,0,0,0,0,1,0,1,-3.597222930389653,0.0,1,0,,,,0,-1.48500001430511,0.0,1,1,,0,,,0,0,0,0,0,0,0,0,0,0,0,0,0,,0,,
T_G_11110797_<NA>_<NA>_<NA>,,0,0,0,0,1,0,1,-2.479516467259208,0.0,1,0,,,,0,-2.08999991416931,0.0,1,1,,0,,,0,0,0,0,0,0,0,0,0,0,0,0,0,,0,,
C_G_11110810_<NA>_<NA>_<NA>,,0,0,0,0,1,0,0,,0.01,1,0,,,,0,0.33899998664856,0.0,1,1,,0,,,0,0,0,0,0,0,0,0,0,0,0,0,0,,0,,
G_A_11110811_<NA>_<NA>_<NA>,,0,0,0,0,1,0,1,-2.375202421039239,0.0,1,0,,,,0,-0.470999985933304,0.0,1,1,,0,,,0,0,0,0,0,0,0,0,0,0,0,0,0,,0,,
A_C_11110830_<NA>_<NA>_<NA>,,0,0,0,0,1,0,1,-2.045950553236405,0.0,1,0,,,,0,-0.397000014781952,0.0,1,1,,0,,,0,0,0,0,0,0,0,0,0,0,0,0,0,,0,,
T_G_11110880_<NA>_<NA>_<NA>,,0,0,0,0,1,0,1,-0.9370421659154898,0.16,1,0,,,,0,1.95500004291534,0.006000000052154,1,1,,0,,,0,0,0,0,0,0,0,0,0,0,0,0,0,,0,,
C_T_11111371_<NA>_<NA>_<NA>,,0,0,0,0,1,0,1,-1.8655041441653264,0.04,1,0,,,,0,-0.170000001788139,0.0,1,1,,0,,,0,0,0,0,0,0,0,0,0,0,0,0,0,,0,,
C_T_11111495_<NA>_<NA>_<NA>,,0,0,0,0,1,0,1,-4.296794629304514,0.0,1,0,,,,0,0.127000004053116,0.0,1,1,,0,,,0,0,0,0,0,0,0,0,0,0,0,0,0,,0,,
C_G_11111497_<NA>_<NA>_<NA>,,0,0,0,0,1,0,0,,0.0,1,0,,,,0,0.514999985694885,0.0,1,1,,0,,,0,0,0,0,0,0,0,0,0,0,0,0,0,,0,,
C_C_11111497_<NA>_<NA>_<NA>,,0,0,0,0,1,0,1,-4.524038410807576,,0,0,,,,0,,,0,0,,0,,,0,0,0,0,0,0,0,0,-2,0,0,0,0,,0,,
C_T_11111503_<NA>_<NA>_<NA>,,0,0,0,0,1,0,1,-5.443818153347089,0.0,1,0,,,,0,-0.256000012159348,0.0020000000949949,1,1,,0,,,0,0,0,0,0,0,0,0,0,0,0,0,0,,0,,
C_G_11111505_<NA>_<NA>_<NA>,,0,0,0,0,1,0,1,-3.7142177262206055,0.0,1,0,,,,0,0.0379999987781048,0.0,1,1,,0,,,0,0,0,0,0,0,0,0,0,0,0,0,0,,0,,
C_T_11111505_<NA>_<NA>_<NA>,,0,0,0,0,1,0,1,-4.157453163504985,0.0,1,0,,,,0,0.0379999987781048,0.0,1,1,,0,,,0,0,0,0,0,0,0,0,0,0,0,0,0,,0,,
C_C_11111505_<NA>_<NA>_<NA>,,0,0,0,0,1,0,0,,,0,0,,,,0,,,0,0,,0,,,0,0,0,0,1,0,0,0,-4,0,0,0,0,,0,,
T_C_11111506_<NA>_<NA>_<NA>,,0,0,0,0,1,0,1,-1.6901569952839297,0.0,1,0,,,,0,-0.0370000004768372,0.0,1,1,,0,,,0,0,0,0,1,0,0,0,0,0,0,0,0,,0,,
C_C_11111510_<NA>_<NA>_<NA>,,1,0,0,0,1,0,0,,,0,0,,,,0,,,0,0,,0,,,0,0,0,0,1,0,0,0,4,0,0,0,0,,0,,
A_G_11111512_<NA>_<NA>_<NA>,,1,0,0,0,0,0,1,-5.744968836654449,1.0,1,0,,,,0,9.21500015258789,1.0,1,1,,1,,,0,0,0,0,1,0,0,0,0,0,0,0,0,,0,,
A_T_11111512_<NA>_<NA>_<NA>,,1,0,0,0,0,0,0,,1.0,1,0,,,,0,9.21500015258789,1.0,1,1,,1,,,0,0,0,0,1,0,0,0,0,0,0,0,0,,0,,
G_A_11111513_<NA>_<NA>_<NA>,,1,0,0,0,0,0,0,,1.0,1,0,,,,0,9.88300037384033,1.0,1,1,,1,,,0,0,0,0,1,0,0,0,0,0,0,0,0,,0,,
G_C_11111513_<NA>_<NA>_<NA>,,1,0,0,0,0,0,1,-3.3209356818786877,0.99,1,0,,,,0,9.88300037384033,1.0,1,1,,1,,,0,0,0,0,1,0,0,0,0,0,0,0,0,,0,,
G_T_11111513_<NA>_<NA>_<NA>,,1,0,0,0,0,0,0,,1.0,1,0,,,,0,9.88300037384033,1.0,1,1,,1,,,0,0,0,0,1,0,0,0,0,0,0,0,0,,0,,
A_A_11111514_Ile_355_fs,355.0,1,0,0,1,0,0,0,,,0,0,8.0,0.0,,0,,,0,0,1,1,1,0,0,0,0,0,1,1,1,1,1,0,0,0,0,,0,,
A_C_11111514_Asp_354_Ala,354.0,1,1,0,0,0,0,1,-5.744968836654449,0.0,1,0,8.0,0.0,0.983,1,9.21500015258789,1.0,1,1,1,0,1,0,0,0,0,0,1,1,1,1,0,0,0,0,0,1.052438081,1,0.036275432,0.102602416
A_G_11111514_Asp_354_Gly,354.0,1,1,0,0,0,0,1,-3.682981898951888,0.0,1,0,8.0,0.0,0.975,1,9.21500015258789,1.0,1,1,1,0,1,0,0,0,0,0,1,1,1,1,0,0,0,0,0,0.937929575,1,0.128894967,0.515579868
A_T_11111514_Asp_354_Val,354.0,1,1,0,0,0,0,1,-4.524474084960719,0.0,1,0,8.0,0.0,0.981,1,9.21500015258789,1.0,1,1,1,0,1,0,0,0,0,0,1,1,1,1,0,0,0,0,0,1.079596552,1,0.070067813,0.370764016
T_C_11111515_Asp_354_Asp,354.0,0,0,1,0,0,0,1,-4.598427154323554,0.0,1,0,8.0,0.0,,0,0.407999992370605,0.996999979019165,1,1,1,0,1,0,0,0,0,0,1,1,1,1,0,0,0,0,0,,0,,
T_T_11111515_Ile_355_fs,355.0,1,0,0,1,0,0,0,,,0,0,8.0,0.0,,0,9.21500015258789,1.0,1,1,1,1,1,0,0,0,0,0,1,1,1,1,-1,0,0,0,0,,0,,
C_T_11111518_Ile_355_Ile,355.0,0,0,1,0,0,0,1,-3.922632094715844,0.0,1,0,8.0,0.0,,0,-3.08599996566772,0.0,1,1,1,0,1,0,0,0,0,0,0,1,1,1,0,0,0,0,0,0.882406419,1,0.082954078,0.497724466
G_C_11111519_Asp_356_His,356.0,1,1,0,0,0,0,0,,0.0,1,0,8.0,0.0,0.854,1,3.59699988365173,1.0,1,1,1,0,1,0,0,0,0,0,0,1,1,1,0,0,0,0,0,1.074937133,1,0.033532641,0.134130566
G_T_11111519_Asp_356_Tyr,356.0,1,1,0,0,0,0,0,,0.0,1,0,8.0,0.0,0.869,1,3.59699988365173,1.0,1,1,1,0,1,0,0,0,0,0,0,1,1,1,0,0,0,0,0,1.037499106,1,0.037725483,0.226352897
G_G_11111519_Asp_356_fs,356.0,1,0,0,1,0,0,0,,,0,0,8.0,0.0,,0,9.21500015258789,1.0,1,1,1,1,1,0,0,0,0,0,0,1,1,1,-1,0,0,0,0,,0,,
A_A_11111520_Cys_358_Ter,358.0,1,0,0,0,0,0,0,,,0,0,8.0,0.0,,0,,,0,0,1,0,1,0,0,0,0,1,0,1,1,1,4,0,0,1,0,,0,,
A_C_11111520_Asp_356_Ala,356.0,1,1,0,0,0,0,0,,0.0,1,0,8.0,0.0,0.947,1,9.21500015258789,1.0,1,1,1,0,1,0,0,0,0,0,0,1,1,1,0,0,0,0,0,1.03518126,1,0.041077269,0.142295833
A_T_11111520_Asp_356_Val,356.0,1,1,0,0,0,0,0,,0.0,1,0,8.0,0.0,0.903,1,9.21500015258789,1.0,1,1,1,0,1,0,0,0,0,0,0,1,1,1,0,0,0,0,0,1.03674062,1,0.032188962,0.280616865
T_C_11111521_Asp_356_Asp,356.0,0,0,1,0,0,0,0,,0.0,1,0,8.0,0.0,,0,-1.48300004005432,0.0020000000949949,1,1,1,0,1,0,0,0,0,0,0,1,1,1,0,0,0,0,0,,0,,
T_T_11111521_Cys_358_fs,358.0,1,0,0,1,0,0,0,,,0,0,8.0,0.0,,0,,,0,0,1,1,1,0,0,0,0,1,0,1,1,1,2,0,0,0,0,,0,,
T_T_11111521_Glu_357_Asp,357.0,1,0,0,0,0,0,0,,,0,0,8.0,0.0,,0,,,0,0,1,0,1,0,0,0,0,0,0,1,1,1,18,1,0,1,0,,0,,
G_A_11111522_Glu_357_Lys,357.0,1,1,0,0,0,0,1,-3.6838199011065473,0.0,1,0,8.0,0.0,0.976,1,9.88300037384033,1.0,1,1,1,0,1,0,0,0,0,0,0,1,1,1,0,0,0,0,0,0.960690123,1,0.070051473,0.280205894
G_G_11111522_Glu_357_fs,357.0,1,0,0,1,0,0,0,,,0,0,8.0,0.0,,0,9.21500015258789,1.0,1,1,1,1,1,0,0,0,0,0,0,1,1,1,-1,0,0,0,0,,0,,
T_C_11111525_Cys_358_Arg,358.0,1,1,0,0,0,0,0,,0.0,1,0,8.0,0.0,0.985,1,7.92399978637695,1.0,1,1,1,0,1,0,0,0,0,1,0,1,1,1,0,0,0,0,0,1.008317514,1,0.031995684,0.26384317
T_G_11111525_Cys_358_Gly,358.0,1,1,0,0,0,0,0,,0.0,1,0,8.0,0.0,0.985,1,7.92399978637695,1.0,1,1,1,0,1,0,0,0,0,1,0,1,1,1,0,0,0,0,0,0.988504109,1,0.119627147,1.015070004
G_A_11111526_Cys_358_Tyr,358.0,1,1,0,0,0,0,1,-5.744968836654449,0.0,1,0,8.0,0.0,0.984,1,9.88300037384033,1.0,1,1,1,0,1,0,0,0,0,1,0,1,1,1,0,0,0,0,0,0.979228982,1,0.093549837,0.62053942
C_T_11111528_Gln_359_Ter,359.0,1,0,0,0,0,0,1,-6.04599883231843,0.0,1,0,8.0,0.0,,0,1.98599994182587,0.976000010967255,1,1,1,1,1,0,1,0,0,0,0,1,1,1,0,0,0,0,0,-0.078281963,1,0.08024567,0.424620175
C_T_11111534_Pro_361_Ser,361.0,1,1,0,0,0,0,0,,0.0,1,0,8.0,0.0,0.694,1,6.03599977493286,1.0,1,1,1,0,1,0,0,0,0,0,0,1,1,1,0,0,0,0,0,1.021108535,1,0.19086442,0.539846103
C_T_11111536_Pro_361_Pro,361.0,0,0,1,0,0,0,1,-3.68277265082358,0.0,1,0,8.0,0.0,,0,-5.40000009536743,0.0,1,1,1,0,1,0,0,0,0,0,0,1,1,1,0,0,0,0,0,1.096088729,1,0.165938315,0.331876631
C_C_11111536_Asp_362_fs,362.0,1,0,0,1,0,0,0,,,0,0,8.0,0.0,,0,4.9980001449585,0.999000012874603,1,1,1,1,1,0,0,0,0,0,0,1,1,1,-1,0,0,0,0,,0,,
G_G_11111537_Asp_362_fs,362.0,1,0,0,1,0,0,0,,,0,0,8.0,0.0,,0,2.65000009536743,0.978999972343445,1,1,1,1,1,0,0,0,0,0,0,1,1,1,-1,0,0,0,0,,0,,
C_T_11111539_Asp_362_Asp,362.0,0,0,1,0,0,0,0,,0.0,1,0,8.0,0.0,,0,0.275999993085861,0.0120000001043081,1,1,1,0,1,0,0,0,0,0,0,1,1,1,0,0,0,0,0,0.737013462,1,0.239054307,1.352295373
C_T_11111542_Thr_363_Thr,363.0,0,0,1,0,0,0,0,,0.0,1,0,8.0,0.0,,0,-0.0329999998211861,0.0010000000474974,1,1,1,0,1,0,0,0,0,0,0,1,1,1,0,0,0,0,0,0.530600398,1,0.170452632,0.482112848
T_C_11111543_Cys_364_Arg,364.0,1,1,0,0,0,0,1,-4.650528200785614,0.0,1,0,8.0,0.0,0.984,1,7.83500003814697,1.0,1,1,1,0,1,0,0,0,0,1,0,1,1,1,0,0,0,0,0,0.945247176,1,0.044023612,0.329442547
T_G_11111543_Cys_364_Gly,364.0,1,1,0,0,0,0,0,,0.0,1,0,8.0,0.0,0.984,1,7.83500003814697,1.0,1,1,1,0,1,0,0,0,0,1,0,1,1,1,0,0,0,0,0,0.957835893,1,0.064105258,0.339213139
G_A_11111544_Cys_364_Tyr,364.0,1,1,0,0,0,0,0,,0.0,1,0,8.0,0.0,0.986,1,9.77000045776367,1.0,1,1,1,0,1,0,0,0,0,1,0,1,1,1,0,0,0,0,0,0.962814034,1,0.054591228,0.345265245
G_C_11111544_Cys_364_Ser,364.0,1,1,0,0,0,0,0,,0.0,1,0,8.0,0.0,0.978,1,9.77000045776367,1.0,1,1,1,0,1,0,0,0,0,1,0,1,1,1,0,0,0,0,0,1.053409115,1,0.027652053,0.165912318
G_T_11111544_Cys_364_Phe,364.0,1,1,0,0,0,0,0,,0.0,1,0,8.0,0.0,0.992,1,9.77000045776367,1.0,1,1,1,0,1,0,0,0,0,1,0,1,1,1,0,0,0,0,0,1.06553078,1,0.030259168,0.249523495
C_A_11111545_Cys_364_Ter,364.0,1,0,0,0,0,0,0,,0.0,1,0,8.0,0.0,,0,2.01399993896484,1.0,1,1,1,1,1,0,1,0,0,1,0,1,1,1,0,0,0,0,0,-0.030064818,1,0.080112978,0.423918031
C_T_11111545_Cys_364_Cys,364.0,0,0,1,0,0,0,1,-5.346980548900387,0.0,1,0,8.0,0.0,,0,2.01399993896484,1.0,1,1,1,0,1,0,0,0,0,1,0,1,1,1,0,0,0,0,0,0.816415615,1,0.163877564,0.927031494
C_T_11111548_Ser_365_Ser,365.0,0,0,1,0,0,0,0,,0.0,1,0,8.0,0.0,,0,0.282999992370605,0.982999980449677,1,1,1,0,1,0,0,0,0,0,0,1,1,1,0,0,0,0,0,0.737158392,1,0.143531653,0.86118992
C_T_11111549_Gln_366_Ter,366.0,1,0,0,0,0,0,0,,0.0,1,0,8.0,0.0,,0,7.72599983215332,1.0,1,1,1,1,1,0,1,0,0,0,0,1,1,1,0,0,0,0,0,0.050031035,1,0.097425488,0.551121787
A_C_11111550_Gln_366_Pro,366.0,1,1,0,0,0,0,0,,0.0,1,0,8.0,0.0,0.972,1,9.10900020599365,1.0,1,1,1,0,1,0,0,0,0,0,0,1,1,1,0,0,0,0,0,0.817080767,1,0.120470886,0.340743122
A_G_11111550_Gln_366_Arg,366.0,1,1,0,0,0,0,1,-4.479909671887158,0.0,1,0,8.0,0.0,0.955,1,9.10900020599365,1.0,1,1,1,0,1,0,0,0,0,0,0,1,1,1,0,0,0,0,0,1.047359875,1,0.05662541,0.299633507
C_G_11111552_Leu_367_fs,367.0,1,0,0,1,0,0,0,,,0,0,8.0,0.0,,0,,,0,0,1,1,1,0,0,0,0,0,0,1,1,1,-4,0,0,0,0,,0,,
C_T_11111554_Leu_367_Leu,367.0,0,0,1,0,0,0,0,,0.0,1,0,8.0,0.0,,0,0.446999996900558,0.994000017642975,1,1,1,0,1,0,0,0,0,0,0,1,1,1,0,0,0,0,0,0.854727341,1,0.089216529,0.667635372
T_A_11111555_Cys_368_Ser,368.0,1,1,0,0,0,0,0,,0.0,1,0,8.0,0.0,0.991,1,7.83500003814697,1.0,1,1,1,0,1,0,0,0,0,1,0,1,1,1,0,0,0,0,0,0.006171359,1,0.152369402,0.430965751
T_C_11111555_Cys_368_Arg,368.0,1,1,0,0,0,0,1,-3.684029654543082,0.0,1,0,8.0,0.0,0.985,1,7.83500003814697,1.0,1,1,1,0,1,0,0,0,0,1,0,1,1,1,0,0,0,0,0,0.971975049,1,0.095621727,0.331243378
T_G_11111555_Cys_368_Gly,368.0,1,1,0,0,0,0,0,,0.0,1,0,8.0,0.0,0.985,1,7.83500003814697,1.0,1,1,1,0,1,0,0,0,0,1,0,1,1,1,0,0,0,0,0,0.862595951,1,0.084965652,0.563598375
G_A_11111556_Cys_368_Tyr,368.0,1,1,0,0,0,0,1,-4.349498205121633,0.0,1,0,8.0,0.0,0.988,1,9.77000045776367,1.0,1,1,1,0,1,0,0,0,0,1,0,1,1,1,0,0,0,0,0,0.986976319,1,0.053208917,0.352948029
G_C_11111556_Cys_368_Ser,368.0,1,1,0,0,0,0,0,,0.0,1,0,8.0,0.0,0.989,1,9.77000045776367,1.0,1,1,1,0,1,0,0,0,0,1,0,1,1,1,0,0,0,0,0,0.006171359,1,0.152369402,0.430965751
C_A_11111557_Cys_368_Ter,368.0,1,0,0,0,0,0,0,,0.0,1,0,8.0,0.0,,0,-1.47699999809265,0.003000000026077,1,1,1,1,1,0,1,0,0,1,0,1,1,1,0,0,0,0,0,-0.059339911,1,0.167383964,0.473433344
C_T_11111557_Cys_368_Cys,368.0,0,0,1,0,0,0,1,-3.882728704344236,0.0,1,0,8.0,0.0,,0,-1.47699999809265,0.003000000026077,1,1,1,0,1,0,0,0,0,1,0,1,1,1,0,0,0,0,0,0.909099897,1,0.119445602,0.585161554
A_T_11111561_Asn_370_Tyr,370.0,1,1,0,0,0,0,0,,0.0,1,0,8.0,0.0,0.972,1,9.10900020599365,1.0,1,1,1,0,1,0,0,0,0,0,0,1,1,1,0,0,0,0,0,0.929191442,1,0.037541077,0.280931699
A_C_11111562_Asn_370_Thr,370.0,1,1,0,0,0,0,1,-4.780939667551139,0.0,1,0,8.0,0.0,0.948,1,9.10900020599365,1.0,1,1,1,0,1,0,0,0,0,0,0,1,1,1,0,0,0,0,0,0.881875195,1,0.356943165,1.427772658
A_T_11111562_Asn_370_Ile,370.0,1,1,0,0,0,0,0,,0.0,1,0,8.0,0.0,0.946,1,9.10900020599365,1.0,1,1,1,0,1,0,0,0,0,0,0,1,1,1,0,0,0,0,0,0.928441548,1,0.040337134,0.161348538
C_T_11111564_Leu_371_Leu,371.0,0,0,1,0,0,0,0,,0.0,1,0,8.0,0.0,,0,1.01499998569489,0.256999999284744,1,1,1,0,1,0,0,0,0,0,0,1,1,1,0,0,0,0,0,0.90295395,1,0.077787901,0.678139199
T_T_11111565_Glu_372_fs,372.0,1,0,0,1,0,0,0,,,0,0,8.0,0.0,,0,,,0,0,1,1,1,0,0,0,0,0,0,1,1,1,4,0,0,0,0,,0,,
G_A_11111566_Leu_371_Leu,371.0,0,0,1,0,0,0,0,,0.0,1,0,8.0,0.0,,0,-0.790000021457672,0.0,1,1,1,0,1,0,0,0,0,0,0,1,1,1,0,0,0,0,0,0.90295395,1,0.077787901,0.678139199
G_T_11111567_Glu_372_Ter,372.0,1,0,0,0,0,0,0,,0.0,1,0,8.0,0.0,,0,0.986000001430511,0.0070000002160668,1,1,1,1,1,0,1,0,0,0,0,1,1,1,0,0,0,0,0,-0.043951554,1,0.13651119,0.386111953
A_A_11111568_Tyr_375_fs,375.0,1,0,0,1,0,0,0,,,0,0,8.0,0.0,,0,,,0,0,1,1,1,0,0,0,0,0,0,1,1,1,4,0,0,0,0,,0,,
G_T_11111570_Gly_373_Cys,373.0,1,1,0,0,0,0,1,-6.046047116768077,0.0,1,0,8.0,0.0,0.968,1,9.77000045776367,1.0,1,1,1,0,1,0,0,0,0,0,0,1,1,1,0,0,0,0,0,1.03439083,1,0.073118359,0.438710151
G_A_11111571_Gly_373_Asp,373.0,1,1,0,0,0,0,1,-4.183957659078003,0.01,1,0,8.0,0.0,0.98,1,9.77000045776367,1.0,1,1,1,0,1,0,0,0,0,0,0,1,1,1,0,0,0,0,0,0.776440064,1,0.233277505,1.142821709
G_C_11111571_Gly_373_Ala,373.0,1,1,0,0,0,0,0,,0.0,1,0,8.0,0.0,0.948,1,9.77000045776367,1.0,1,1,1,0,1,0,0,0,0,0,0,1,1,1,0,0,0,0,0,1.06243042,1,0.069791608,0.394800953
G_G_11111571_Tyr_375_fs,375.0,1,0,0,1,0,0,0,,,0,0,8.0,0.0,,0,,,0,0,1,1,1,0,0,0,0,0,0,1,1,1,4,0,0,0,0,,0,,
G_T_11111571_Gly_373_Val,373.0,1,1,0,0,0,0,1,-4.780939667551139,0.01,1,0,8.0,0.0,0.986,1,9.77000045776367,1.0,1,1,1,0,1,0,0,0,0,0,0,1,1,1,0,0,0,0,0,0.998980075,1,0.030485051,0.236136192
G_T_11111573_Gly_374_Ser,374.0,0,1,0,0,0,0,0,,,0,0,8.0,0.0,,0,,,0,0,1,0,1,0,0,0,0,0,0,1,1,1,0,0,0,0,0,1.110432919,1,0.187229885,0.529566085
C_G_11111575_Gly_374_Gly,374.0,0,0,1,0,0,0,1,-4.2236620903798245,0.4,1,0,8.0,0.0,,0,0.372999995946884,0.990000009536743,1,1,1,0,1,0,0,0,0,0,0,1,1,1,0,0,0,0,0,0.774464021,1,0.132302397,0.990060481
C_T_11111575_Gly_374_Gly,374.0,0,0,1,0,0,0,0,,0.0,1,0,8.0,0.0,,0,0.372999995946884,0.990000009536743,1,1,1,0,1,0,0,0,0,0,0,1,1,1,0,0,0,0,0,0.774464021,1,0.132302397,0.990060481
T_G_11111576_Tyr_375_Asp,375.0,1,1,0,0,0,0,0,,0.0,1,0,8.0,0.0,0.858,1,7.83500003814697,1.0,1,1,1,0,1,0,0,0,0,0,0,1,1,1,0,0,0,0,0,0.789389722,1,0.112105514,0.5013511
T_T_11111576_Tyr_375_fs,375.0,1,0,0,1,0,0,0,,,0,0,8.0,0.0,,0,,,0,0,1,1,1,0,0,0,0,0,0,1,1,1,1,0,0,0,0,,0,,
A_C_11111577_Tyr_375_Ser,375.0,1,1,0,0,0,0,0,,0.0,1,0,8.0,0.0,0.761,1,4.08400011062622,1.0,1,1,1,0,1,0,0,0,0,0,0,1,1,1,0,0,0,0,0,1.196516467,1,0.097694597,0.552644095
A_G_11111577_Tyr_375_Cys,375.0,1,1,0,0,0,0,0,,0.0,1,0,8.0,0.0,0.828,1,4.08400011062622,1.0,1,1,1,0,1,0,0,0,0,0,0,1,1,1,0,0,0,0,0,1.037758013,1,0.0355071,0.235527457
C_T_11111578_Tyr_375_Tyr,375.0,0,0,1,0,0,0,1,-4.1838913292600965,0.0,1,0,8.0,0.0,,0,2.16899991035461,1.0,1,1,1,0,1,0,0,0,0,0,0,1,1,1,0,0,0,0,0,0.883396637,1,0.06878528,0.336977673
G_G_11111581_Cys_377_fs,377.0,1,0,0,1,0,0,0,,,0,0,8.0,0.0,,0,,,0,0,1,1,1,0,0,0,0,1,0,1,1,1,1,0,0,0,0,,0,,
T_A_11111582_Cys_377_Ser,377.0,1,1,0,0,0,0,0,,0.0,1,0,8.0,0.0,0.957,1,7.83500003814697,1.0,1,1,1,0,1,0,0,0,0,1,0,1,1,1,0,0,0,0,0,0.951867273,1,0.081911662,0.433435776
T_C_11111582_Cys_377_Arg,377.0,1,1,0,0,0,0,0,,0.0,1,0,8.0,0.0,0.985,1,7.83500003814697,1.0,1,1,1,0,1,0,0,0,0,1,0,1,1,1,0,0,0,0,0,1.017723299,1,0.070694376,0.316154862
T_G_11111582_Cys_377_Gly,377.0,1,1,0,0,0,0,1,-4.617442678091214,0.0,1,0,8.0,0.0,0.988,1,7.83500003814697,1.0,1,1,1,0,1,0,0,0,0,1,0,1,1,1,0,0,0,0,0,0.988475788,1,0.070452005,0.597805088
T_T_11111582_Cys_377_fs,377.0,1,0,0,1,0,0,0,,,0,0,8.0,0.0,,0,9.77000045776367,1.0,1,1,1,1,1,0,0,0,0,1,0,1,1,1,-1,0,0,0,0,,0,,
G_A_11111583_Cys_377_Tyr,377.0,1,1,0,0,0,0,1,-6.046047116768077,0.0,1,0,8.0,0.0,0.984,1,9.77000045776367,1.0,1,1,1,0,1,0,0,0,0,1,0,1,1,1,0,0,0,0,0,0.905230558,1,0.091951704,0.551710226
G_C_11111583_Cys_377_Ser,377.0,1,1,0,0,0,0,0,,0.0,1,0,8.0,0.0,0.937,1,9.77000045776367,1.0,1,1,1,0,1,0,0,0,0,1,0,1,1,1,0,0,0,0,0,0.951867273,1,0.081911662,0.433435776
G_T_11111583_Cys_377_Phe,377.0,1,1,0,0,0,0,0,,0.0,1,0,8.0,0.0,0.981,1,9.77000045776367,1.0,1,1,1,0,1,0,0,0,0,1,0,1,1,1,0,0,0,0,0,1.016909281,1,0.088251584,0.394673082
C_T_11111584_Cys_377_Cys,377.0,0,0,1,0,0,0,1,-4.417255034308723,0.0,1,0,8.0,0.0,,0,0.138999998569489,0.977999985218048,1,1,1,0,1,0,0,0,0,1,0,1,1,1,0,0,0,0,0,0.912772843,1,0.075906183,0.525893465
C_T_11111585_Gln_378_Ter,378.0,1,0,0,0,0,0,1,-4.935916564036404,0.01,1,0,8.0,0.0,,0,3.98799991607666,1.0,1,1,1,1,1,0,1,0,0,0,0,1,1,1,0,0,0,0,0,0.064934701,1,0.090795783,0.444806676
C_C_11111585_<NA>_<NA>_<NA>,,1,0,0,0,1,0,0,,,0,0,8.0,0.0,,0,,,0,0,1,0,1,0,0,0,0,0,1,1,0,1,-66,0,0,0,0,,0,,
A_C_11111586_Gln_378_Pro,378.0,1,1,0,0,0,0,1,-4.790753151246626,0.0,1,0,8.0,0.0,0.754,1,9.10900020599365,1.0,1,1,1,0,1,0,0,0,0,0,0,1,1,1,0,0,0,0,0,0.920434689,1,0.092681694,0.262143417
A_G_11111586_Gln_378_Arg,378.0,0,1,0,0,0,0,0,,0.0,1,0,8.0,0.0,0.492,1,9.10900020599365,1.0,1,1,1,0,1,0,0,0,0,0,0,1,1,1,0,0,0,0,0,0.518500207,1,0.187086302,1.058319941
T_C_11111588_Cys_379_Arg,379.0,1,1,0,0,0,0,1,-4.832682665251824,0.0,1,0,8.0,0.0,0.985,1,7.83500003814697,1.0,1,1,1,0,1,0,0,0,0,1,0,1,1,1,0,0,0,0,0,0.962324518,1,0.098080445,0.679521258
T_G_11111588_Cys_379_Gly,379.0,1,1,0,0,0,0,0,,0.54,1,0,8.0,0.0,0.98,1,7.83500003814697,1.0,1,1,1,0,1,0,0,0,0,1,0,1,1,1,0,0,0,0,0,1.130804562,1,0.043911535,0.263469212
G_A_11111589_Cys_379_Tyr,379.0,1,1,0,0,0,0,0,,0.01,1,0,8.0,0.0,0.981,1,9.77000045776367,1.0,1,1,1,0,1,0,0,0,0,1,0,1,1,1,0,0,0,0,0,1.037771542,1,0.134217304,0.805303822
T_A_11111590_Cys_379_Ter,379.0,1,0,0,0,0,0,0,,0.01,1,0,8.0,0.0,,0,-1.932000041008,0.0,1,1,1,1,1,0,1,0,0,1,0,1,1,1,0,0,0,0,0,0.288326842,1,0.162706836,0.460204428
G_G_11111591_Glu_380_Val,380.0,1,0,0,0,0,0,0,,,0,0,8.0,0.0,,0,,,0,0,1,0,1,0,0,0,0,0,0,1,1,1,-15,0,1,1,1,,0,,
G_A_11111593_Glu_380_Glu,380.0,0,0,1,0,0,0,1,-4.349498205121633,0.02,1,0,8.0,0.0,,0,-0.532999992370605,0.0,1,1,1,0,1,0,0,0,0,0,0,1,1,1,0,0,0,0,0,0.95001216,1,0.119319115,0.337485421
G_G_11111593_Glu_381_Gly,381.0,1,0,0,0,0,0,0,,,0,0,8.0,0.0,,0,,,0,0,1,0,1,0,0,0,0,0,0,1,1,1,-6,0,1,1,0,,0,,
A_G_11111596_Glu_381_Glu,381.0,0,0,1,0,0,0,1,-4.650528200785614,0.01,1,0,8.0,0.0,,0,-1.692999958992,0.0,1,1,1,0,1,0,0,0,0,0,0,1,1,1,0,0,0,0,0,0.661862089,1,0.155319776,0.621279105
G_T_11111598_Gly_382_Val,382.0,1,1,0,0,0,0,1,-3.4600461583436037,0.01,1,0,8.0,0.0,0.974,1,9.77000045776367,1.0,1,1,1,0,1,0,0,0,0,0,0,1,1,1,0,0,0,0,0,1.020914726,1,0.040657137,0.304250153
C_T_11111599_Gly_382_Gly,382.0,0,0,1,0,0,0,1,-4.617802789622546,0.01,1,0,8.0,0.0,,0,-1.06400001049042,0.0049999998882412,1,1,1,0,1,0,0,0,0,0,0,1,1,1,0,0,0,0,0,1.216589845,1,0.155694952,0.440371826
T_T_11111601_Gln_384_Asp,384.0,1,0,0,0,0,0,0,,,0,0,8.0,0.0,,0,,,0,0,1,0,1,0,0,0,0,0,0,1,1,1,-9,0,1,1,0,,0,,
C_T_11111603_Gln_384_Ter,384.0,1,0,0,0,0,0,1,-5.744968836654449,0.03,1,0,8.0,0.0,,0,1.46800005435944,1.0,1,1,1,1,1,0,1,0,0,0,0,1,1,1,0,0,0,0,0,-0.10001571,1,0.062404656,0.466993684
A_C_11111604_Gln_384_Pro,384.0,1,1,0,0,0,0,0,,0.01,1,0,8.0,0.0,0.791,1,4.18800020217896,1.0,1,1,1,0,1,0,0,0,0,0,0,1,1,1,0,0,0,0,0,0.876222856,1,0.054509051,0.218036204
C_T_11111606_Leu_385_Leu,385.0,0,0,1,0,0,0,0,,0.0,1,0,8.0,0.0,,0,1.68700003623962,1.0,1,1,1,0,1,0,0,0,0,0,0,1,1,1,0,0,0,0,0,1.026639461,1,0.046448087,0.42570375
C_C_11111606_Leu_385_fs,385.0,1,0,0,1,0,0,0,,,0,0,8.0,0.0,,0,5.85400009155273,1.0,1,1,1,1,1,0,0,0,0,0,0,1,1,1,-1,0,0,0,0,,0,,
G_C_11111608_Leu_385_Leu,385.0,0,0,1,0,0,0,1,-5.444059562181489,0.01,1,0,8.0,0.0,,0,0.300999999046326,0.998000025749207,1,1,1,0,1,0,0,0,0,0,0,1,1,1,0,0,0,0,0,1.026639461,1,0.046448087,0.42570375
A_A_11111610_His_388_fs,388.0,1,0,0,1,0,0,0,,,0,0,8.0,0.0,,0,,,0,0,1,1,1,0,0,0,0,0,0,1,1,1,1,0,0,0,0,,0,,
A_A_11111610_His_388_fs,388.0,1,0,0,1,0,0,0,,,0,0,8.0,0.0,,0,,,0,0,1,1,1,0,0,0,0,0,0,1,1,1,5,0,0,0,0,,0,,
A_A_11111610_His_388_fs,388.0,1,0,0,1,0,0,0,,,0,0,8.0,0.0,,0,0.0839999988675117,0.0,1,1,1,1,1,0,0,0,0,0,0,1,1,1,-1,0,0,0,0,,0,,
A_A_11111616_His_388_fs,388.0,1,0,0,1,0,0,0,,,0,0,8.0,0.0,,0,0.342000007629395,0.0329999998211861,1,1,1,1,1,0,0,0,0,0,0,1,1,1,-1,0,0,0,0,,0,,
C_T_11111617_His_388_His,388.0,0,0,1,0,0,0,1,-3.883060353449244,0.0,1,0,8.0,0.0,,0,0.342000007629395,0.0329999998211861,1,1,1,0,1,0,0,0,0,0,0,1,1,1,0,0,0,0,0,0.942949404,1,0.129440409,0.448394731
A_A_11111618_Lys_390_fs,390.0,1,0,0,1,0,0,0,,,0,0,8.0,0.0,,0,,,0,0,1,1,1,0,0,0,0,0,0,1,1,1,1,0,0,0,0,,0,,
A_G_11111618_Thr_389_Ala,389.0,1,1,0,0,0,0,0,,0.0,1,0,8.0,0.0,0.531,1,4.26900005340576,0.975000023841858,1,1,1,0,1,0,0,0,0,0,0,1,1,1,0,0,0,0,0,0.895849368,1,0.134184273,0.657366002
C_A_11111619_Thr_389_Lys,389.0,1,1,0,0,0,0,0,,0.01,1,0,8.0,0.0,0.678,1,3.19400000572205,0.970000028610229,1,1,1,0,1,0,0,0,0,0,0,1,1,1,0,0,0,0,0,0.937880137,1,0.070605989,0.315759581
C_C_11111619_Lys_390_fs,390.0,1,0,0,1,0,0,0,,,0,0,8.0,0.0,,0,-0.256999999284744,0.0,1,1,1,1,1,0,0,0,0,0,0,1,1,1,-1,0,0,0,0,,0,,
G_A_11111620_Thr_389_Thr,389.0,0,0,1,0,0,0,1,-2.5561114532226283,0.01,1,0,8.0,0.0,,0,-0.256999999284744,0.0,1,1,1,0,1,0,0,0,0,0,0,1,1,1,0,0,0,0,0,0.556778915,1,0.13854579,0.678732981
G_G_11111620_Lys_390_fs,390.0,1,0,0,1,0,0,0,,,0,0,8.0,0.0,,0,1.96300005912781,0.003000000026077,1,1,1,1,1,0,0,0,0,0,0,1,1,1,-1,0,0,0,0,,0,,
A_T_11111621_Lys_390_Ter,390.0,1,0,0,0,0,0,0,,0.34,1,0,8.0,0.0,,0,0.931999981403351,0.0010000000474974,1,1,1,1,1,0,1,0,0,0,0,1,1,1,0,0,0,0,0,0.13751073,1,0.086510731,0.547141906
A_A_11111622_Ala_391_fs,391.0,1,0,0,1,0,0,0,,,0,0,8.0,0.0,,0,-0.270000010728836,0.0,1,1,1,1,1,0,0,0,0,0,0,1,1,1,-1,0,0,0,0,,0,,
G_A_11111624_Ala_391_Thr,391.0,0,1,0,0,0,0,1,-0.7256112044496211,0.02,1,0,8.0,0.0,0.309,1,-0.270000010728836,0.0,1,1,1,0,1,0,0,0,0,0,0,1,1,1,0,0,0,0,0,1.177472273,1,0.127400232,0.44132735
G_G_11111624_Cys_392_fs,392.0,1,0,0,1,0,0,0,,,0,0,8.0,0.0,,0,0.654999971389771,0.143999993801117,1,1,1,1,1,0,0,0,0,1,0,1,1,1,-1,0,0,0,0,,0,,
C_C_11111626_Cys_392_fs,392.0,1,0,0,1,0,0,0,,,0,0,8.0,0.0,,0,,,0,0,1,1,1,0,0,0,0,1,0,1,1,1,1,0,0,0,0,,0,,
C_T_11111626_Ala_391_Ala,391.0,0,0,1,0,0,0,1,-4.780939667551139,0.01,1,0,8.0,0.0,,0,0.654999971389771,0.143999993801117,1,1,1,0,1,0,0,0,0,0,0,1,1,1,0,0,0,0,0,0.984885944,1,0.088637773,0.686585241
T_A_11111627_Cys_392_Ser,392.0,1,1,0,0,0,0,0,,0.01,1,0,8.0,0.0,0.967,1,7.83500003814697,1.0,1,1,1,0,1,0,0,0,0,1,0,1,1,1,0,0,0,0,0,1.013198997,1,0.112137155,0.388454499
T_C_11111627_Cys_392_Arg,392.0,1,1,0,0,0,0,1,-6.046047116768077,0.0,1,0,8.0,0.0,0.969,1,7.83500003814697,1.0,1,1,1,0,1,0,0,0,0,1,0,1,1,1,0,0,0,0,0,1.027018966,1,0.067787914,0.358699927
T_T_11111627_Val_395_fs,395.0,1,0,0,1,0,0,0,,,0,0,8.0,0.0,,0,,,0,0,1,1,1,0,0,0,0,0,0,1,1,1,5,0,0,0,0,,0,,
G_A_11111628_Cys_392_Tyr,392.0,1,1,0,0,0,0,0,,0.02,1,0,8.0,0.0,0.966,1,9.77000045776367,1.0,1,1,1,0,1,0,0,0,0,1,0,1,1,1,0,0,0,0,0,1.00611524,1,0.086977873,0.52186724
C_A_11111629_Cys_392_Ter,392.0,1,0,0,0,0,0,1,-4.935916564036404,0.05,1,0,8.0,0.0,,0,4.01999998092651,1.0,1,1,1,1,1,0,1,0,0,1,0,1,1,1,0,0,0,0,0,0.072197345,1,0.086761333,0.300550073
C_C_11111629_Lys_393_fs,393.0,1,0,0,1,0,0,0,,,0,0,8.0,0.0,,0,9.10900020599365,1.0,1,1,1,1,1,0,0,0,0,0,0,1,1,1,-1,0,0,0,0,,0,,
A_C_11111630_Lys_393_Gln,393.0,1,1,0,0,0,0,0,,0.02,1,0,8.0,0.0,0.863,1,9.10900020599365,1.0,1,1,1,0,1,0,0,0,0,0,0,1,1,1,0,0,0,0,0,1.014628136,1,0.080120106,0.277544189
A_G_11111630_Lys_393_Glu,393.0,1,1,0,0,0,0,0,,0.02,1,0,8.0,0.0,0.856,1,9.10900020599365,1.0,1,1,1,0,1,0,0,0,0,0,0,1,1,1,0,0,0,0,0,0.917953611,1,0.140053811,0.626339685
G_A_11111632_Lys_393_Lys,393.0,0,0,1,0,0,0,0,,0.21,1,0,8.0,0.0,,0,-0.0309999994933605,0.787999987602234,1,1,1,0,1,0,0,0,0,0,0,1,1,1,0,0,0,0,0,-0.064289888,1,0.098241317,0.196482634
C_C_11111634_Val_395_fs,395.0,1,0,0,1,0,0,0,,,0,0,8.0,0.0,,0,-0.890999972820282,0.0,1,1,1,1,1,0,0,0,0,0,0,1,1,1,-1,0,0,0,0,,0,,
C_C_11111634_Val_395_fs,395.0,1,0,0,1,0,0,0,,,0,0,8.0,0.0,,0,,,0,0,1,1,1,0,0,0,0,0,1,1,1,1,-2,0,0,0,0,,0,,
C_T_11111634_Ala_394_fs,394.0,1,0,0,1,0,0,0,,,0,0,8.0,0.0,,0,,,0,0,1,1,1,0,0,0,0,0,1,1,1,1,2,0,0,0,0,,0,,
T_C_11111635_Ala_394_Ala,394.0,0,0,1,0,0,0,0,,0.03,1,0,8.0,0.0,,0,-0.890999972820282,0.0,1,1,1,0,1,0,0,0,0,0,0,1,1,1,0,0,0,0,0,1.106863952,1,0.157760575,0.446214289
T_T_11111637_<NA>_<NA>_<NA>,,1,0,0,0,0,0,0,,,0,0,,,,0,8.94400024414062,1.0,1,1,,1,,,0,0,0,0,1,0,0,0,-1,0,0,0,0,,0,,
G_C_11111638_Val_395_Val,395.0,0,0,1,0,0,0,0,,0.04,1,0,8.0,0.0,,0,-1.317999958992,0.0,1,1,1,0,1,0,0,0,0,0,1,1,1,1,0,0,0,0,0,0.975686776,1,0.043976452,0.362639109
G_A_11111639_Gly_396_Ser,396.0,1,1,0,0,0,0,0,,0.95,1,0,8.0,0.0,0.774,1,4.98099994659424,1.0,1,1,1,0,1,0,0,0,0,0,1,1,1,1,0,0,0,0,0,0.777351875,1,0.127956814,0.767740886
G_A_11111640_<NA>_<NA>_<NA>,,1,0,0,0,0,0,0,,0.99,1,0,,,,0,8.94400024414062,1.0,1,1,,1,,,0,0,0,0,1,0,0,0,0,0,0,0,0,,0,,
G_T_11111640_<NA>_<NA>_<NA>,,1,0,0,0,0,0,1,-6.04599883231843,0.99,1,0,,,,0,8.94400024414062,1.0,1,1,,1,,,0,0,0,0,1,0,0,0,0,0,0,0,0,,0,,
T_G_11111641_<NA>_<NA>_<NA>,,1,0,0,0,0,0,0,,1.0,1,0,,,,0,7.19099998474121,1.0,1,1,,1,,,0,0,0,0,1,0,0,0,0,0,0,0,0,,0,,
G_A_11111642_<NA>_<NA>_<NA>,,0,0,0,0,1,0,1,-4.524619406856639,0.03,1,0,,,,0,1.03299999237061,1.0,1,1,,0,,,0,0,0,0,0,0,0,0,0,0,0,0,0,,0,,
G_A_11111644_<NA>_<NA>_<NA>,,1,0,0,0,1,0,0,,0.93,1,0,,,,0,5.27600002288818,1.0,1,1,,0,,,0,0,0,0,0,0,0,0,0,0,0,0,0,,0,,
G_T_11111644_<NA>_<NA>_<NA>,,0,0,0,0,1,0,0,,0.93,1,0,,,,0,5.27600002288818,1.0,1,1,,0,,,0,0,0,0,0,0,0,0,0,0,0,0,0,,0,,
C_T_11111645_<NA>_<NA>_<NA>,,0,0,0,0,1,0,1,-5.443818153347089,0.05,1,0,,,,0,-1.35000002384186,0.0,1,1,,0,,,0,0,0,0,0,0,0,0,0,0,0,0,0,,0,,
C_G_11111647_<NA>_<NA>_<NA>,,0,0,0,0,1,0,0,,0.04,1,0,,,,0,-1.33899998664856,0.0,1,1,,0,,,0,0,0,0,1,0,0,0,0,0,0,0,0,,0,,
C_T_11111647_<NA>_<NA>_<NA>,,0,0,0,0,1,0,1,-5.091675860723821,0.01,1,0,,,,0,-1.33899998664856,0.0,1,1,,0,,,0,0,0,0,1,0,0,0,0,0,0,0,0,,0,,
G_A_11111648_<NA>_<NA>_<NA>,,0,0,0,0,1,0,1,-3.582196277360119,0.03,1,0,,,,0,-2.1010000705719,0.0,1,1,,0,,,0,0,0,0,0,0,0,0,0,0,0,0,0,,0,,
G_A_11111649_<NA>_<NA>_<NA>,,0,0,0,0,1,0,0,,0.01,1,0,,,,0,0.600000023841858,0.0010000000474974,1,1,,0,,,0,0,0,0,0,0,0,0,0,0,0,0,0,,0,,
G_C_11111649_<NA>_<NA>_<NA>,,0,0,0,0,1,0,1,-4.443818153347089,0.0,1,0,,,,0,0.600000023841858,0.0010000000474974,1,1,,0,,,0,0,0,0,0,0,0,0,0,0,0,0,0,,0,,
G_A_11111650_<NA>_<NA>_<NA>,,0,0,0,0,1,0,1,-3.758702612890007,0.0,1,0,,,,0,0.625,0.0010000000474974,1,1,,0,,,0,0,0,0,0,0,0,0,0,0,0,0,0,,0,,
G_T_11111654_<NA>_<NA>_<NA>,,0,0,0,0,1,0,0,,0.02,1,0,,,,0,2.22099995613098,0.0240000002086163,1,1,,0,,,0,0,0,0,0,0,0,0,0,0,0,0,0,,0,,
C_T_11111655_<NA>_<NA>_<NA>,,0,0,0,0,1,0,1,-4.184023999028015,0.0,1,0,,,,0,-3.79900002479553,0.0,1,1,,0,,,0,0,0,0,0,0,0,0,0,0,0,0,0,,0,,
G_A_11111656_<NA>_<NA>_<NA>,,0,0,0,0,1,0,1,-4.479254528480518,0.01,1,0,,,,0,-0.324000000953674,0.0,1,1,,0,,,0,0,0,0,0,0,0,0,0,0,0,0,0,,0,,
G_T_11111657_<NA>_<NA>_<NA>,,0,0,0,0,1,0,0,,0.01,1,0,,,,0,-0.0590000003576279,0.0,1,1,,0,,,0,0,0,0,0,0,0,0,0,0,0,0,0,,0,,
C_A_11111658_<NA>_<NA>_<NA>,,0,0,0,0,1,0,0,,0.0,1,0,,,,0,0.783999979496002,0.0010000000474974,1,1,,0,,,0,0,0,0,0,0,0,0,0,0,0,0,0,,0,,
C_T_11111658_<NA>_<NA>_<NA>,,0,0,0,0,1,0,1,-4.348721986001856,0.01,1,0,,,,0,0.783999979496002,0.0010000000474974,1,1,,0,,,0,0,0,0,0,0,0,0,0,0,0,0,0,,0,,
G_A_11111659_<NA>_<NA>_<NA>,,0,0,0,0,1,0,1,-3.4496493276983844,0.04,1,0,,,,0,-0.572000026702881,0.0,1,1,,0,,,0,0,0,0,0,0,0,0,0,0,0,0,0,,0,,
C_A_11111668_<NA>_<NA>_<NA>,,0,0,0,0,1,0,1,-3.0360705779734416,0.0,1,0,,,,0,-4.59600019454956,0.0,1,1,,0,,,0,0,0,0,0,0,0,0,0,0,0,0,0,,0,,
T_A_11111680_<NA>_<NA>_<NA>,,0,0,0,0,1,0,1,-2.3350761065619183,0.0,1,0,,,,0,0.428999990224838,0.003000000026077,1,1,,0,,,0,0,0,0,0,0,0,0,0,0,0,0,0,,0,,
C_C_11112983_<NA>_<NA>_<NA>,,1,0,0,0,1,0,0,,,0,1,9.0,0.0,,0,,,0,0,0,0,1,0,0,0,0,0,1,0,0,1,-5215,0,0,0,0,,0,,
T_G_11113006_<NA>_<NA>_<NA>,,0,0,0,0,1,0,1,-3.3091839420190845,0.0,1,0,,,,0,0.976999998092651,0.0439999997615814,1,1,,0,,,0,0,0,0,0,0,0,0,0,0,0,0,0,,0,,
T_G_11113008_<NA>_<NA>_<NA>,,0,0,0,0,1,0,1,-2.813608784304507,0.0,1,0,,,,0,0.0240000002086163,0.0080000003799796,1,1,,0,,,0,0,0,0,0,0,0,0,0,0,0,0,0,,0,,
G_T_11113010_<NA>_<NA>_<NA>,,0,0,0,0,1,0,1,-0.8979094744881633,0.0,1,0,,,,0,0.216999992728233,0.006000000052154,1,1,,0,,,0,0,0,0,0,0,0,0,0,0,0,0,0,,0,,
C_T_11113253_<NA>_<NA>_<NA>,,0,0,0,0,1,0,1,-1.5707323335668315,0.0,1,0,,,,0,1.48300004005432,0.0020000000949949,1,1,,0,,,0,0,0,0,0,0,0,0,0,0,0,0,0,,0,,
C_T_11113260_<NA>_<NA>_<NA>,,0,0,0,0,1,0,1,-4.617082864912469,0.0,1,0,,,,0,-1.3400000333786,0.0,1,1,,0,,,0,0,0,0,0,0,0,0,0,0,0,0,0,,0,,
G_A_11113261_<NA>_<NA>_<NA>,,0,0,0,0,1,0,1,-4.458295976715712,0.0,1,0,,,,0,-0.31700000166893,0.0,1,1,,0,,,0,0,0,0,0,0,0,0,0,0,0,0,0,,0,,
C_C_11113262_<NA>_<NA>_<NA>,,1,0,0,0,1,0,0,,,0,0,,,,0,,,0,0,,0,,,0,0,0,0,0,0,0,0,96,0,0,0,0,,0,,
C_T_11113264_<NA>_<NA>_<NA>,,0,0,0,0,1,0,1,-6.04599883231843,0.0,1,0,,,,0,-1.48800003528595,0.0,1,1,,0,,,0,0,0,0,0,0,0,0,0,0,0,0,0,,0,,
C_T_11113267_<NA>_<NA>_<NA>,,0,0,0,0,1,0,1,-4.025488307262672,0.01,1,0,,,,0,-1.12699997425079,0.0,1,1,,0,,,0,0,0,0,0,0,0,0,0,0,0,0,0,,0,,
G_A_11113268_<NA>_<NA>_<NA>,,1,0,0,0,1,0,1,-4.025304128090317,1.0,1,0,,,,0,-0.370999991893768,0.0,1,1,,0,,,0,0,0,0,0,0,0,0,0,0,0,0,0,,0,,
G_T_11113268_<NA>_<NA>_<NA>,,0,0,0,0,1,0,0,,0.01,1,0,,,,0,-0.370999991893768,0.0,1,1,,0,,,0,0,0,0,0,0,0,0,0,0,0,0,0,,0,,
G_A_11113269_<NA>_<NA>_<NA>,,0,0,0,0,1,0,0,,0.01,1,0,,,,0,-1.40299999713898,0.0,1,1,,0,,,0,0,0,0,0,0,0,0,0,0,0,0,0,,0,,
A_A_11113270_<NA>_<NA>_<NA>,,0,0,0,0,1,0,0,,,0,0,,,,0,,,0,0,,0,,,0,0,0,0,1,0,0,0,1,0,0,0,0,,0,,
A_G_11113270_<NA>_<NA>_<NA>,,0,0,0,0,1,0,0,,0.01,1,0,,,,0,-3.06500005722046,0.0,1,1,,0,,,0,0,0,0,1,0,0,0,0,0,0,0,0,,0,,
C_T_11113271_<NA>_<NA>_<NA>,,0,0,0,0,1,0,1,-6.04599883231843,0.01,1,0,,,,0,-1.18400001525879,0.0,1,1,,0,,,0,0,0,0,1,0,0,0,0,0,0,0,0,,0,,
C_T_11113272_<NA>_<NA>_<NA>,,0,0,0,0,1,0,1,-6.046047116768077,0.01,1,0,,,,0,-0.842000007629395,0.0,1,1,,0,,,0,0,0,0,1,0,0,0,0,0,0,0,0,,0,,
C_T_11113274_<NA>_<NA>_<NA>,,0,0,0,0,1,0,0,,0.01,1,0,,,,0,0.206000000238419,0.0160000007599592,1,1,,0,,,0,0,0,0,1,0,0,0,0,0,0,0,0,,0,,
A_G_11113276_<NA>_<NA>_<NA>,,1,0,0,0,0,0,0,,1.0,1,0,,,,0,6.62900018692017,1.0,1,1,,1,,,0,0,0,0,1,0,0,0,0,0,0,0,0,,0,,
A_T_11113276_<NA>_<NA>_<NA>,,1,0,0,0,0,0,0,,1.0,1,0,,,,0,6.62900018692017,1.0,1,1,,1,,,0,0,0,0,1,0,0,0,0,0,0,0,0,,0,,
A_A_11113276_<NA>_<NA>_<NA>,,1,0,0,1,0,0,0,,,0,0,9.0,0.0,,0,2.88100004196167,0.999000012874603,1,1,0,1,1,0,0,0,0,0,1,1,0,1,-1,0,0,0,0,,0,,
G_A_11113277_<NA>_<NA>_<NA>,,1,0,0,0,0,0,0,,1.0,1,0,,,,0,9.14000034332275,1.0,1,1,,1,,,0,0,0,0,1,0,0,0,0,0,0,0,0,,0,,
G_T_11113277_<NA>_<NA>_<NA>,,1,0,0,0,0,0,0,,1.0,1,0,,,,0,9.14000034332275,1.0,1,1,,1,,,0,0,0,0,1,0,0,0,0,0,0,0,0,,0,,
G_T_11113277_<NA>_<NA>_<NA>,,1,0,0,0,0,0,0,,,0,0,9.0,0.0,,0,,,0,0,0,1,1,0,0,0,0,0,1,1,0,1,0,0,0,0,0,,0,,
C_T_11113279_Gly_396_Gly,396.0,0,0,1,0,0,0,1,-4.458295976715712,0.02,1,0,9.0,0.0,,0,-0.675999999046326,0.0020000000949949,1,1,0,0,1,0,0,0,0,0,1,1,1,1,0,0,0,0,0,0.928662594,1,0.055938466,0.403378016
C_A_11113282_Ser_397_Ser,397.0,0,0,1,0,0,0,0,,0.07,1,0,9.0,0.0,,0,-0.495999991893768,0.0,1,1,0,0,1,0,0,0,0,0,0,1,1,1,0,0,0,0,0,0.815030554,1,0.068607614,0.494736538
C_T_11113282_Ser_397_Ser,397.0,0,0,1,0,0,0,0,,0.04,1,0,9.0,0.0,,0,-0.495999991893768,0.0,1,1,0,0,1,0,0,0,0,0,0,1,1,1,0,0,0,0,0,0.815030554,1,0.068607614,0.494736538
C_A_11113285_Ile_398_Ile,398.0,0,0,1,0,0,0,0,,0.02,1,0,9.0,0.0,,0,-1.0809999704361,0.0010000000474974,1,1,0,0,1,0,0,0,0,0,0,1,1,1,0,0,0,0,0,1.001825282,1,0.054210311,0.24243588
C_T_11113285_Ile_398_Ile,398.0,0,0,1,0,0,0,1,-1.7599502278873524,0.03,1,0,9.0,0.0,,0,-1.0809999704361,0.0010000000474974,1,1,0,0,1,0,0,0,0,0,0,1,1,1,0,0,0,0,0,1.001825282,1,0.054210311,0.24243588
G_A_11113286_Ala_399_Thr,399.0,1,1,0,0,0,0,1,-4.349498205121633,0.06,1,0,9.0,0.0,0.755,1,2.49300003051758,0.995000004768372,1,1,0,0,1,0,0,0,0,0,0,1,1,1,0,0,0,0,0,0.854048285,1,0.142142105,0.568568419
G_T_11113286_Ala_399_Ser,399.0,1,1,0,0,0,0,0,,0.05,1,0,9.0,0.0,0.688,1,2.49300003051758,0.995000004768372,1,1,0,0,1,0,0,0,0,0,0,1,1,1,0,0,0,0,0,0.585886961,1,0.327883168,1.466338106
G_G_11113286_Ala_399_Ter,399.0,1,0,0,1,1,0,0,,,0,1,9.0,0.0,,0,,,0,0,0,0,1,0,0,0,0,0,1,0,1,1,-9951,0,0,0,1,,0,,
C_A_11113287_Ala_399_Asp,399.0,1,1,0,0,0,0,1,-5.444059562181489,0.0,1,0,9.0,0.0,0.82,1,5.89099979400635,0.998000025749207,1,1,0,0,1,0,0,0,0,0,0,1,1,1,0,0,0,0,0,-0.060297266,1,0.128202177,0.51280871
C_C_11113287_Tyr_400_Phe,400.0,1,0,0,0,0,0,0,,,0,0,9.0,0.0,,0,,,0,0,0,0,1,0,0,0,0,0,0,1,1,1,-9,0,1,1,0,,0,,
C_T_11113288_Ala_399_Ala,399.0,0,0,1,0,0,0,1,-4.140201452519435,0.08,1,0,9.0,0.0,,0,-0.694999992847443,0.0399999991059303,1,1,0,0,1,0,0,0,0,0,0,1,1,1,0,0,0,0,0,1.09169863,1,0.104340297,0.466623994
C_A_11113291_Tyr_400_Ter,400.0,1,0,0,0,0,0,0,,0.15,1,0,9.0,0.0,,0,0.248999997973442,0.986000001430511,1,1,0,1,1,0,1,0,0,0,0,1,1,1,0,0,0,0,0,,0,,
C_T_11113291_Tyr_400_Tyr,400.0,0,0,1,0,0,0,0,,0.04,1,0,9.0,0.0,,0,0.248999997973442,0.986000001430511,1,1,0,0,1,0,0,0,0,0,0,1,1,1,0,0,0,0,0,0.994021538,1,0.044583075,0.356664602
C_G_11113292_Leu_401_Val,401.0,1,1,0,0,0,0,1,-3.6629402736794754,0.02,1,0,9.0,0.0,0.841,1,7.80999994277954,1.0,1,1,0,0,1,0,0,0,0,0,0,1,1,1,0,0,0,0,0,0.945124551,1,0.114097667,0.322716936
C_T_11113292_Leu_401_Phe,401.0,1,1,0,0,0,0,1,-4.780415473785745,0.0,1,0,9.0,0.0,0.902,1,7.80999994277954,1.0,1,1,0,0,1,0,0,0,0,0,0,1,1,1,0,0,0,0,0,0.960675694,1,0.147305357,0.833284935
C_A_11113294_Leu_401_Leu,401.0,0,0,1,0,0,0,0,,0.01,1,0,9.0,0.0,,0,-1.52199995517731,0.0,1,1,0,0,1,0,0,0,0,0,0,1,1,1,0,0,0,0,0,0.869305547,1,0.128517606,0.9617377
C_C_11113294_Phe_403_fs,403.0,1,0,0,1,0,0,0,,,0,0,9.0,0.0,,0,,,0,0,0,1,1,0,0,0,0,0,0,1,1,1,1,0,0,0,0,,0,,
C_C_11113294_Phe_402_fs,402.0,1,0,0,1,0,0,0,,,0,0,9.0,0.0,,0,,,0,0,0,1,1,0,0,0,0,0,0,1,1,1,-2,0,0,0,0,,0,,
T_T_11113295_Phe_403_fs,403.0,1,0,0,1,0,0,1,-5.444059562181489,,0,0,9.0,0.0,,0,,,0,0,0,1,1,0,0,0,0,0,0,1,1,1,-2,0,0,0,0,,0,,
T_C_11113296_Phe_402_Ser,402.0,1,1,0,0,0,0,0,,0.01,1,0,9.0,0.0,0.631,1,4.91200017929077,0.879000008106232,1,1,0,0,1,0,0,0,0,0,0,1,1,1,0,0,0,0,0,0.642211255,1,0.1041909,0.551326419
T_T_11113296_Phe_403_fs,403.0,1,0,0,1,0,0,0,,,0,0,9.0,0.0,,0,-0.136000007390976,0.508000016212463,1,1,0,1,1,0,0,0,0,0,0,1,1,1,-1,0,0,0,0,,0,,
C_C_11113297_Phe_403_fs,403.0,1,0,0,1,0,0,0,,,0,0,9.0,0.0,,0,6.18300008773804,1.0,1,1,0,1,1,0,0,0,0,0,0,1,1,1,-1,0,0,0,0,,0,,
T_C_11113299_Phe_403_Ser,403.0,1,1,0,0,0,0,0,,0.0,1,0,9.0,0.0,0.936,1,6.18300008773804,1.0,1,1,0,0,1,0,0,0,0,0,0,1,1,1,0,0,0,0,0,0.228076793,1,0.15149597,0.856990624
T_T_11113299_Phe_403_fs,403.0,1,0,0,1,0,0,0,,,0,0,9.0,0.0,,0,3.32299995422363,1.0,1,1,0,1,1,0,0,0,0,0,0,1,1,1,-1,0,0,0,0,,0,,
C_A_11113300_Phe_403_Leu,403.0,1,1,0,0,0,0,0,,0.02,1,0,9.0,0.0,0.824,1,3.32299995422363,1.0,1,1,0,0,1,0,0,0,0,0,0,1,1,1,0,0,0,0,0,0.970275411,1,0.051427787,0.370851045
C_T_11113300_Phe_403_Phe,403.0,0,0,1,0,0,0,1,-3.684029654543082,0.04,1,0,9.0,0.0,,0,3.32299995422363,1.0,1,1,0,0,1,0,0,0,0,0,0,1,1,1,0,0,0,0,0,1.019319379,1,0.062211756,0.527884253
C_T_11113302_Thr_404_Ile,404.0,1,1,0,0,0,0,0,,0.01,1,0,9.0,0.0,0.928,1,7.80999994277954,1.0,1,1,0,0,1,0,0,0,0,0,0,1,1,1,0,0,0,0,0,0.197080316,1,0.144539113,0.958764014
A_A_11113304_His_407_fs,407.0,1,0,0,1,0,0,0,,,0,0,9.0,0.0,,0,,,0,0,0,1,1,0,0,0,0,0,0,1,1,1,4,0,0,0,0,,0,,
C_A_11113306_Asn_405_Lys,405.0,1,1,0,0,0,0,0,,0.01,1,0,9.0,0.0,0.743,1,0.646000027656555,0.998000025749207,1,1,0,0,1,0,0,0,0,0,0,1,1,1,0,0,0,0,0,0.847985922,1,0.04911299,0.170132388
C_G_11113306_Asn_405_Lys,405.0,1,1,0,0,0,0,0,,0.15,1,0,9.0,0.0,0.743,1,0.646000027656555,0.998000025749207,1,1,0,0,1,0,0,0,0,0,0,1,1,1,0,0,0,0,0,0.847985922,1,0.04911299,0.170132388
C_T_11113306_Asn_405_Asn,405.0,0,0,1,0,0,0,0,,0.0,1,0,9.0,0.0,,0,0.646000027656555,0.998000025749207,1,1,0,0,1,0,0,0,0,0,0,1,1,1,0,0,0,0,0,0.86384469,1,0.272360139,1.218031571
C_A_11113307_Arg_406_Arg,406.0,1,0,1,0,0,0,1,-4.598771832501887,1.0,1,0,9.0,0.0,,0,4.79500007629395,1.0,1,1,0,0,1,0,0,0,0,0,0,1,1,1,0,0,0,0,0,0.985901873,1,0.075567876,0.5235496
C_T_11113307_Arg_406_Trp,406.0,1,1,0,0,0,0,1,-4.1216505777822245,0.01,1,0,9.0,0.0,0.883,1,4.79500007629395,1.0,1,1,0,0,1,0,0,0,0,0,0,1,1,1,0,0,0,0,0,1.097567492,1,0.070588042,0.345809368
G_A_11113308_Arg_406_Gln,406.0,1,1,0,0,0,0,1,-4.297741836837906,0.83,1,0,9.0,0.0,0.809,1,4.31500005722046,1.0,1,1,0,0,1,0,0,0,0,0,0,1,1,1,0,0,0,0,0,0.966181561,1,0.115641802,0.51716586
G_C_11113308_Arg_406_Pro,406.0,1,1,0,0,0,0,1,-4.935542010773082,0.1,1,0,9.0,0.0,0.887,1,4.31500005722046,1.0,1,1,0,0,1,0,0,0,0,0,0,1,1,1,0,0,0,0,0,0.137014608,1,0.116388023,0.403179938
G_A_11113313_Glu_408_Lys,408.0,1,1,0,0,0,0,1,-5.444059562181489,0.19,1,0,9.0,0.0,0.879,1,9.81599998474121,1.0,1,1,0,0,1,0,0,0,0,0,0,1,1,1,0,0,0,0,0,1.078681241,1,0.145510574,0.411566055
G_T_11113313_Glu_408_Ter,408.0,1,0,0,0,0,0,0,,0.75,1,0,9.0,0.0,,0,9.81599998474121,1.0,1,1,0,1,1,0,1,0,0,0,0,1,1,1,0,0,0,0,0,0.178137542,1,0.148248544,0.662987645
A_T_11113314_Glu_408_Val,408.0,1,1,0,0,0,0,0,,0.15,1,0,9.0,0.0,0.908,1,9.125,1.0,1,1,0,0,1,0,0,0,0,0,0,1,1,1,0,0,0,0,0,0.588892488,1,0.476686006,2.860116038
G_A_11113315_Glu_408_Glu,408.0,0,0,1,0,0,0,1,-6.046095406586541,0.03,1,0,9.0,0.0,,0,-0.351000010967255,0.404000014066696,1,1,0,0,1,0,0,0,0,0,0,1,1,1,0,0,0,0,0,,0,,
C_T_11113318_Val_409_Val,409.0,0,0,1,0,0,0,1,-4.650528200785614,0.01,1,0,9.0,0.0,,0,-0.223000004887581,0.0010000000474974,1,1,0,0,1,0,0,0,0,0,0,1,1,1,0,0,0,0,0,1.022115731,1,0.059874866,0.463788721
A_G_11113319_Arg_410_Gly,410.0,1,1,0,0,0,0,1,-4.935916564036404,0.03,1,0,9.0,0.0,0.699,1,-0.167999997735023,0.0,1,1,0,0,1,0,0,0,0,0,0,1,1,1,0,0,0,0,0,1.072095819,1,0.055011941,0.440095525
G_A_11113321_Arg_410_Arg,410.0,0,0,1,0,0,0,0,,0.01,1,0,9.0,0.0,,0,0.368999987840652,0.996999979019165,1,1,0,0,1,0,0,0,0,0,0,1,1,1,0,0,0,0,0,1.122240521,1,0.056914567,0.301163581
G_T_11113321_Arg_410_Ser,410.0,1,1,0,0,0,0,0,,0.02,1,0,9.0,0.0,0.736,1,0.368999987840652,0.996999979019165,1,1,0,0,1,0,0,0,0,0,0,1,1,1,0,0,0,0,0,0.967559657,1,0.056873581,0.377256659
A_G_11113322_Lys_411_Glu,411.0,1,1,0,0,0,0,1,-5.744968836654449,0.01,1,0,9.0,0.0,0.818,1,5.89099979400635,1.0,1,1,0,0,1,0,0,0,0,0,0,1,1,1,0,0,0,0,0,1.253738425,1,0.133413732,0.533654929
A_A_11113323_Lys_411_Ter,411.0,1,0,0,1,0,0,0,,,0,0,9.0,0.0,,0,4.74599981307983,1.0,1,1,0,1,1,0,0,0,0,0,0,1,1,1,-1,0,0,0,1,-0.060882968,1,0.057944661,0.283869706
T_C_11113326_Met_412_Thr,412.0,1,1,0,0,0,0,0,,0.01,1,0,9.0,0.0,0.897,1,6.14099979400635,1.0,1,1,0,0,1,0,0,0,0,0,0,1,1,1,0,0,0,0,0,0.638393553,1,0.33752164,1.909310724
G_A_11113327_Met_412_Ile,412.0,0,1,0,0,0,0,1,-5.267928059000133,0.01,1,0,9.0,0.0,0.506,1,2.30100011825562,1.0,1,1,0,0,1,0,0,0,0,0,0,1,1,1,0,0,0,0,0,0.962510205,1,0.096611818,0.885461936
C_G_11113329_Thr_413_Arg,413.0,1,1,0,0,0,0,0,,0.01,1,0,9.0,0.0,0.569,1,1.70500004291534,0.865000009536743,1,1,0,0,1,0,0,0,0,0,0,1,1,1,0,0,0,0,0,1.039076384,1,0.064291014,0.340196069
C_T_11113329_Thr_413_Met,413.0,1,1,0,0,0,0,1,-4.002744710179897,0.0,1,0,9.0,0.0,0.692,1,1.70500004291534,0.865000009536743,1,1,0,0,1,0,0,0,0,0,0,1,1,1,0,0,0,0,0,1.133565608,1,0.077537396,0.379854111
G_A_11113330_Thr_413_Thr,413.0,0,0,1,0,0,0,1,-3.753747687700678,0.01,1,0,9.0,0.0,,0,-4.86199998855591,0.0,1,1,0,0,1,0,0,0,0,0,0,1,1,1,0,0,0,0,0,0.8363012,1,0.331738696,1.483580551
G_C_11113330_Thr_413_Thr,413.0,0,0,1,0,0,0,0,,0.01,1,0,9.0,0.0,,0,-4.86199998855591,0.0,1,1,0,0,1,0,0,0,0,0,0,1,1,1,0,0,0,0,0,0.8363012,1,0.331738696,1.483580551
T_A_11113332_Leu_414_Gln,414.0,1,1,0,0,0,0,0,,0.0,1,0,9.0,0.0,0.802,1,5.06699991226196,1.0,1,1,0,0,1,0,0,0,0,0,0,1,1,1,0,0,0,0,0,0.700822914,1,0.195682991,0.55347508
T_T_11113332_Ser_417_fs,417.0,1,0,0,1,0,0,0,,,0,0,9.0,0.0,,0,,,0,0,0,1,1,0,0,0,0,0,0,1,1,1,5,0,0,0,0,,0,,
G_C_11113333_Leu_414_Leu,414.0,0,0,1,0,0,0,0,,0.0,1,0,9.0,0.0,,0,2.37100005149841,1.0,1,1,0,0,1,0,0,0,0,0,0,1,1,1,0,0,0,0,0,0.972277665,1,0.04820208,0.40900821
G_C_11113334_Asp_415_His,415.0,1,1,0,0,0,0,1,-6.046095406586541,0.0,1,0,9.0,0.0,0.805,1,7.88399982452393,1.0,1,1,0,0,1,0,0,0,0,0,0,1,1,1,0,0,0,0,0,1.035114247,1,0.148760865,0.29752173
G_G_11113334_Asp_415_fs,415.0,1,0,0,1,0,0,0,,,0,0,9.0,0.0,,0,,,0,0,0,1,1,0,0,0,0,0,0,1,1,1,-2,0,0,0,0,,0,,
A_G_11113335_Asp_415_Gly,415.0,1,1,0,0,0,0,0,,0.01,1,0,9.0,0.0,0.74,1,3.08100008964539,0.998000025749207,1,1,0,0,1,0,0,0,0,0,0,1,1,1,0,0,0,0,0,1.057920544,1,0.065509231,0.37057617
C_A_11113337_Arg_416_Arg,416.0,0,0,1,0,0,0,0,,0.01,1,0,9.0,0.0,,0,0.809000015258789,0.739000022411346,1,1,0,0,1,0,0,0,0,0,0,1,1,1,0,0,0,0,0,0.377909652,1,0.212309586,0.849238342
C_T_11113337_Arg_416_Trp,416.0,1,1,0,0,0,0,1,-3.882066164960359,0.0,1,0,9.0,0.0,0.835,1,0.809000015258789,0.739000022411346,1,1,0,0,1,0,0,0,0,0,0,1,1,1,0,0,0,0,0,0.935498741,1,0.042784457,0.121012718
G_A_11113338_Arg_416_Gln,416.0,1,1,0,0,0,0,1,-4.230548820597963,0.0,1,0,9.0,0.0,0.786,1,1.83399999141693,0.731000006198883,1,1,0,0,1,0,0,0,0,0,0,1,1,1,0,0,0,0,0,1.154275271,1,0.066885914,0.299122903
G_C_11113338_Arg_416_Pro,416.0,1,1,0,0,0,0,0,,0.0,1,0,9.0,0.0,0.839,1,1.83399999141693,0.731000006198883,1,1,0,0,1,0,0,0,0,0,0,1,1,1,0,0,0,0,0,0.54984991,1,0.190107884,0.537706295
G_T_11113338_Arg_416_Leu,416.0,1,1,0,0,0,0,0,,0.0,1,0,9.0,0.0,0.709,1,1.83399999141693,0.731000006198883,1,1,0,0,1,0,0,0,0,0,0,1,1,1,0,0,0,0,0,0.814439194,1,0.084609006,0.676872048
G_G_11113338_Glu_418_fs,418.0,1,0,0,1,0,0,0,,,0,0,9.0,0.0,,0,,,0,0,0,1,1,0,0,0,0,0,0,1,1,1,-4,0,0,0,0,,0,,
G_A_11113343_Glu_418_Lys,418.0,1,1,0,0,0,0,1,-4.598771832501887,0.0,1,0,9.0,0.0,0.854,1,5.82800006866455,1.0,1,1,0,0,1,0,0,0,0,0,0,1,1,1,0,0,0,0,0,1.051804093,1,0.246358279,0.985433116
G_T_11113343_Glu_418_Ter,418.0,1,0,0,0,0,0,0,,0.01,1,0,9.0,0.0,,0,5.82800006866455,1.0,1,1,0,1,1,0,1,0,0,0,0,1,1,1,0,0,0,0,0,-0.231569658,1,0.071588586,0.404966198
G_A_11113345_Glu_418_Glu,418.0,0,0,1,0,0,0,1,-3.714892970433188,0.0,1,0,9.0,0.0,,0,-0.123999997973442,0.804000020027161,1,1,0,0,1,0,0,0,0,0,0,1,1,1,0,0,0,0,0,,0,,
G_G_11113345_Tyr_419_fs,419.0,1,0,0,1,0,0,0,,,0,0,9.0,0.0,,0,,,0,0,0,1,1,0,0,0,0,0,0,1,1,1,1,0,0,0,0,,0,,
T_G_11113346_Tyr_419_Asp,419.0,1,1,0,0,0,0,0,,0.0,1,0,9.0,0.0,0.827,1,6.17999982833862,1.0,1,1,0,0,1,0,0,0,0,0,0,1,1,1,0,0,0,0,0,1.051656189,1,0.063026495,0.378158967
A_G_11113347_Tyr_419_Cys,419.0,1,1,0,0,0,0,0,,0.0,1,0,9.0,0.0,0.882,1,7.38600015640259,1.0,1,1,0,0,1,0,0,0,0,0,0,1,1,1,0,0,0,0,0,1.100471625,1,0.060235054,0.361410321
C_A_11113348_Tyr_419_Ter,419.0,1,0,0,0,0,0,1,-6.046095406586541,0.01,1,0,9.0,0.0,,0,1.73300004005432,0.851000010967255,1,1,0,1,1,0,1,0,0,0,0,1,1,1,0,0,0,0,0,-0.024267861,1,0.084229868,0.607390217
C_G_11113348_Tyr_419_Ter,419.0,1,0,0,0,0,0,1,-4.935916564036404,0.0,1,0,9.0,0.0,,0,1.73300004005432,0.851000010967255,1,1,0,1,1,0,1,0,0,0,0,1,1,1,0,0,0,0,0,-0.024267861,1,0.084229868,0.607390217
C_T_11113348_Tyr_419_Tyr,419.0,0,0,1,0,0,0,1,-4.935916564036404,0.0,1,0,9.0,0.0,,0,1.73300004005432,0.851000010967255,1,1,0,0,1,0,0,0,0,0,0,1,1,1,0,0,0,0,0,1.059377611,1,0.060907983,0.544777564
C_T_11113354_Ser_421_Ser,421.0,0,0,1,0,0,0,1,-4.650528200785614,0.0,1,0,9.0,0.0,,0,-1.12399995326996,0.0010000000474974,1,1,0,0,1,0,0,0,0,0,0,1,1,1,0,0,0,0,0,0.87946743,1,0.08164252,0.399965031
T_C_11113356_Leu_422_Pro,422.0,1,1,0,0,0,0,0,,0.0,1,0,9.0,0.0,0.891,1,6.18699979782104,0.962999999523163,1,1,0,0,1,0,0,0,0,0,0,1,1,1,0,0,0,0,0,0.886776413,1,0.074846946,0.299387783
C_T_11113357_Leu_422_Leu,422.0,0,0,1,0,0,0,1,-3.715118285344547,0.0,1,0,9.0,0.0,,0,-0.801999986171722,0.0010000000474974,1,1,0,0,1,0,0,0,0,0,0,1,1,1,0,0,0,0,0,0.920334302,1,0.0497791,0.298674602
T_C_11113359_Ile_423_Thr,423.0,1,1,0,0,0,0,1,-4.726304412069908,0.0,1,0,9.0,0.0,0.895,1,6.18699979782104,0.944000005722046,1,1,0,0,1,0,0,0,0,0,0,1,1,1,0,0,0,0,0,0.079474503,1,0.111016352,0.543866831
T_T_11113359_Asn_425_fs,425.0,1,0,0,1,0,0,0,,,0,0,9.0,0.0,,0,,,0,0,0,1,1,0,0,0,0,0,0,1,1,1,1,0,0,0,0,,0,,
T_T_11113359_Asn_425_fs,425.0,1,0,0,1,0,0,0,,,0,0,9.0,0.0,,0,-0.503000020980835,0.0,1,1,0,1,1,0,0,0,0,0,0,1,1,1,-1,0,0,0,0,,0,,
C_G_11113363_Pro_424_Pro,424.0,0,0,1,0,0,0,1,-4.780939667551139,0.0,1,0,9.0,0.0,,0,-0.503000020980835,0.0,1,1,0,0,1,0,0,0,0,0,0,1,1,1,0,0,0,0,0,0.97501692,1,0.149073078,0.421642338
C_T_11113363_Pro_424_Pro,424.0,0,0,1,0,0,0,0,,0.0,1,0,9.0,0.0,,0,-0.503000020980835,0.0,1,1,0,0,1,0,0,0,0,0,0,1,1,1,0,0,0,0,0,0.97501692,1,0.149073078,0.421642338
C_C_11113363_Asn_425_fs,425.0,1,0,0,1,0,0,1,-4.524764777395872,,0,0,9.0,0.0,,0,2.11500000953674,0.0149999996647239,1,1,0,1,1,0,0,0,0,0,0,1,1,1,-1,0,0,0,0,,0,,
C_T_11113366_Asn_425_Asn,425.0,0,0,1,0,0,0,0,,0.0,1,0,9.0,0.0,,0,-0.735000014305115,0.0,1,1,0,0,1,0,0,0,0,0,0,1,1,1,0,0,0,0,0,1.000574364,1,0.101289753,0.405159012
T_C_11113368_Leu_426_Pro,426.0,1,1,0,0,0,0,1,-4.598771832501887,0.0,1,0,9.0,0.0,0.883,1,6.17999982833862,0.990000009536743,1,1,0,0,1,0,0,0,0,0,0,1,1,1,0,0,0,0,0,0.21699155,1,0.147317144,0.589268574
T_G_11113368_Leu_426_Arg,426.0,1,1,0,0,0,0,0,,0.0,1,0,9.0,0.0,0.907,1,6.17999982833862,0.990000009536743,1,1,0,0,1,0,0,0,0,0,0,1,1,1,0,0,0,0,0,0.929833502,1,0.058684523,0.35210714
A_C_11113370_Arg_427_Arg,427.0,0,0,1,0,0,0,1,-4.087087448823903,0.0,1,0,9.0,0.0,,0,5.99200010299683,1.0,1,1,0,0,1,0,0,0,0,0,0,1,1,1,0,0,0,0,0,0.846545374,1,0.113319466,0.392550146
G_A_11113372_Arg_427_Arg,427.0,0,0,1,0,0,0,1,-4.650528200785614,0.0,1,0,9.0,0.0,,0,1.07500004768372,1.0,1,1,0,0,1,0,0,0,0,0,0,1,1,1,0,0,0,0,0,0.846545374,1,0.113319466,0.392550146
A_A_11113374_Asn_428_fs,428.0,1,0,0,1,0,0,0,,,0,0,9.0,0.0,,0,-0.913999974727631,0.0010000000474974,1,1,0,1,1,0,0,0,0,0,0,1,1,1,-1,0,0,0,0,,0,,
C_A_11113375_Asn_428_Lys,428.0,1,1,0,0,0,0,0,,0.0,1,0,9.0,0.0,0.718,1,-0.913999974727631,0.0010000000474974,1,1,0,0,1,0,0,0,0,0,0,1,1,1,0,0,0,0,0,1.084540917,1,0.13017577,0.582163741
C_C_11113375_Ala_431_fs,431.0,1,0,0,1,0,0,0,,,0,0,9.0,0.0,,0,,,0,0,0,1,1,0,0,0,0,0,0,1,1,1,5,0,0,0,0,,0,,
C_T_11113375_Asn_428_Asn,428.0,0,0,1,0,0,0,1,-3.598771832501887,0.0,1,0,9.0,0.0,,0,-0.913999974727631,0.0010000000474974,1,1,0,0,1,0,0,0,0,0,0,1,1,1,0,0,0,0,0,0.772119984,1,0.102406366,0.709492118
G_C_11113376_Val_429_Leu,429.0,1,1,0,0,0,0,0,,0.0,1,0,9.0,0.0,0.764,1,2.71799993515015,0.146999999880791,1,1,0,0,1,0,0,0,0,0,0,1,1,1,0,0,0,0,0,0.934776376,1,0.046698973,0.438075197
G_T_11113376_Val_429_Leu,429.0,1,1,0,0,0,0,0,,0.0,1,0,9.0,0.0,0.764,1,2.71799993515015,0.146999999880791,1,1,0,0,1,0,0,0,0,0,0,1,1,1,0,0,0,0,0,0.934776376,1,0.046698973,0.438075197
G_G_11113376_Val_430_Ter,430.0,1,0,0,1,0,0,0,,,0,0,9.0,0.0,,0,,,0,0,0,1,1,0,0,0,0,0,0,1,1,1,-41,0,0,0,1,-0.09275871,1,0.04295769,0.148809804
G_A_11113378_Val_429_Val,429.0,0,0,1,0,0,0,0,,0.0,1,0,9.0,0.0,,0,-1.26600003242493,0.0,1,1,0,0,1,0,0,0,0,0,0,1,1,1,0,0,0,0,0,1.031405225,1,0.066085412,0.417960843
G_C_11113378_Val_429_Val,429.0,0,0,1,0,0,0,0,,0.0,1,0,9.0,0.0,,0,-1.26600003242493,0.0,1,1,0,0,1,0,0,0,0,0,0,1,1,1,0,0,0,0,0,1.031405225,1,0.066085412,0.417960843
G_T_11113378_Val_429_Val,429.0,0,0,1,0,0,0,1,-5.201004265556119,0.0,1,0,9.0,0.0,,0,-1.26600003242493,0.0,1,1,0,0,1,0,0,0,0,0,0,1,1,1,0,0,0,0,0,1.031405225,1,0.066085412,0.417960843
C_T_11113381_Val_430_Val,430.0,0,0,1,0,0,0,1,-5.091836799944452,0.0,1,0,9.0,0.0,,0,-2.34899997711182,0.0,1,1,0,0,1,0,0,0,0,0,0,1,1,1,0,0,0,0,0,1.158635748,1,0.086569607,0.244855824
G_A_11113382_Ala_431_Thr,431.0,1,1,0,0,0,0,1,-2.468393368067278,0.0,1,0,9.0,0.0,0.914,1,8.01099967956543,1.0,1,1,0,0,1,0,0,0,0,0,0,1,1,1,0,0,0,0,0,0.797013394,1,0.144130672,0.706093203
G_C_11113382_Ala_431_Pro,431.0,1,1,0,0,0,0,0,,0.0,1,0,9.0,0.0,0.939,1,8.01099967956543,1.0,1,1,0,0,1,0,0,0,0,0,0,1,1,1,0,0,0,0,0,0.069856343,1,0.207847822,0.831391289
C_G_11113383_Ala_431_Gly,431.0,1,1,0,0,0,0,0,,0.0,1,0,9.0,0.0,0.858,1,7.80999994277954,1.0,1,1,0,0,1,0,0,0,0,0,0,1,1,1,0,0,0,0,0,0.683040112,1,0.093757276,0.649569461
C_A_11113385_Leu_432_Met,432.0,1,1,0,0,0,0,0,,0.0,1,0,9.0,0.0,0.683,1,1.50800001621246,0.800000011920929,1,1,0,0,1,0,0,0,0,0,0,1,1,1,0,0,0,0,0,0.946183878,1,0.073053694,0.253065419
C_T_11113385_Leu_432_Leu,432.0,0,0,1,0,0,0,1,-4.650528200785614,0.0,1,0,9.0,0.0,,0,1.50800001621246,0.800000011920929,1,1,0,0,1,0,0,0,0,0,0,1,1,1,0,0,0,0,0,0.989996118,1,0.097966874,0.587801241
T_C_11113386_Leu_432_Pro,432.0,1,1,0,0,0,0,0,,0.0,1,0,9.0,0.0,0.955,1,7.92000007629395,1.0,1,1,0,0,1,0,0,0,0,0,0,1,1,1,0,0,0,0,0,-0.075432563,1,0.103215371,0.412861485
T_T_11113386_Asp_433_Asp,433.0,1,0,0,0,0,0,0,,,0,0,9.0,0.0,,0,,,0,0,0,0,1,0,0,0,0,0,0,1,1,1,-3,0,1,1,0,-0.002214587,1,0.062953501,0.17805939
T_T_11113386_Asp_433_Thr,433.0,1,0,0,0,0,0,0,,,0,0,9.0,0.0,,0,,,0,0,0,0,1,0,0,0,0,0,0,1,1,1,-6,0,1,1,0,,0,,
G_C_11113388_Asp_433_His,433.0,1,1,0,0,0,0,0,,0.0,1,0,9.0,0.0,0.931,1,9.87899971008301,1.0,1,1,0,0,1,0,0,0,0,0,0,1,1,1,0,0,0,0,0,0.859722965,1,0.06030043,0.341110743
G_T_11113388_Asp_433_Tyr,433.0,1,1,0,0,0,0,0,,0.0,1,0,9.0,0.0,0.927,1,9.87899971008301,1.0,1,1,0,0,1,0,0,0,0,0,0,1,1,1,0,0,0,0,0,0.270842631,1,0.121076986,0.541472742
A_C_11113389_Asp_433_Ala,433.0,1,1,0,0,0,0,0,,0.0,1,0,9.0,0.0,0.823,1,5.96600008010864,1.0,1,1,0,0,1,0,0,0,0,0,0,1,1,1,0,0,0,0,0,1.087123814,1,0.123919597,0.429270077
C_A_11113392_Thr_434_Lys,434.0,1,1,0,0,0,0,1,-6.046095406586541,0.0,1,0,9.0,0.0,0.616,1,1.05099999904633,0.0329999998211861,1,1,0,0,1,0,0,0,0,0,0,1,1,1,0,0,0,0,0,0.723288893,1,0.161836469,0.856358099
C_G_11113392_Thr_434_Arg,434.0,1,1,0,0,0,0,1,-5.744968836654449,0.0,1,0,9.0,0.0,0.652,1,1.05099999904633,0.0329999998211861,1,1,0,0,1,0,0,0,0,0,0,1,1,1,0,0,0,0,0,0.895104204,1,0.144904798,0.961189692
C_C_11113392_Glu_435_fs,435.0,1,0,0,1,0,0,0,,,0,0,9.0,0.0,,0,4.60300016403198,1.0,1,1,0,1,1,0,0,0,0,0,0,1,1,1,-1,0,0,0,0,,0,,
G_A_11113393_Thr_434_Thr,434.0,0,0,1,0,0,0,1,-3.183825009571198,0.0,1,0,9.0,0.0,,0,-2.37800002098083,0.0,1,1,0,0,1,0,0,0,0,0,0,1,1,1,0,0,0,0,0,0.162642052,1,0.136426838,0.610119368
G_G_11113394_Ala_437_Ter,437.0,1,0,0,0,0,0,0,,,0,0,9.0,0.0,,0,,,0,0,0,1,1,0,1,0,0,0,0,1,1,1,21,0,1,0,1,,0,,
G_T_11113394_Glu_435_Ter,435.0,0,0,0,0,0,0,0,,0.36,1,0,9.0,0.0,,0,4.60300016403198,1.0,1,1,0,1,1,0,1,0,0,0,0,1,1,1,0,0,0,0,0,,0,,
A_A_11113395_Val_436_fs,436.0,1,0,0,1,0,0,1,-6.046095406586541,,0,0,9.0,0.0,,0,2.08899998664856,0.980000019073486,1,1,0,1,1,0,0,0,0,0,0,1,1,1,-1,0,0,0,0,,0,,
A_T_11113395_Glu_435_Ala,435.0,1,1,0,0,0,0,0,,,0,0,9.0,0.0,,0,,,0,0,0,0,1,0,0,0,0,0,0,1,1,1,0,0,1,0,1,,0,,
G_A_11113396_Glu_435_Glu,435.0,0,0,1,0,0,0,0,,0.0,1,0,9.0,0.0,,0,-0.316000014543533,0.423000007867813,1,1,0,0,1,0,0,0,0,0,0,1,1,1,0,0,0,0,0,,0,,
T_A_11113398_Val_436_Glu,436.0,1,1,0,0,0,0,0,,0.0,1,0,9.0,0.0,0.805,1,6.06099987030029,1.0,1,1,0,0,1,0,0,0,0,0,0,1,1,1,0,0,0,0,0,0.96579896,1,0.060762997,0.384298935
T_C_11113398_Val_436_Ala,436.0,1,1,0,0,0,0,1,-4.531652669587843,0.0,1,0,9.0,0.0,0.746,1,6.06099987030029,1.0,1,1,0,0,1,0,0,0,0,0,0,1,1,1,0,0,0,0,0,0.926144892,1,0.127951934,0.36190272
T_T_11113398_Ala_437_fs,437.0,1,0,0,1,0,0,0,,,0,0,9.0,0.0,,0,,,0,0,0,1,1,0,0,0,0,0,0,1,1,1,1,0,0,0,0,,0,,
C_T_11113405_Ser_438_Ser,438.0,0,0,1,0,0,0,1,-4.617442678091214,0.0,1,0,9.0,0.0,,0,0.828000009059906,0.0010000000474974,1,1,0,0,1,0,0,0,0,0,0,1,1,1,0,0,0,0,0,1.057788733,1,0.061682318,0.565327783
C_C_11113405_Ser_438_Ter,438.0,1,0,0,1,0,0,0,,,0,0,9.0,0.0,,0,,,0,0,0,1,1,0,0,0,0,0,0,1,1,1,-2,0,0,0,1,0.061503327,1,0.151535364,0.857213469
A_T_11113406_Asn_439_Tyr,439.0,1,1,0,0,0,0,0,,0.0,1,0,9.0,0.0,0.834,1,1.03400003910065,0.006000000052154,1,1,0,0,1,0,0,0,0,0,0,1,1,1,0,0,0,0,0,0.876573361,1,0.058075219,0.492784574
T_C_11113408_Asn_439_Asn,439.0,0,0,1,0,0,0,0,,0.0,1,0,9.0,0.0,,0,-0.0370000004768372,0.0,1,1,0,0,1,0,0,0,0,0,0,1,1,1,0,0,0,0,0,,0,,
G_T_11113410_Arg_440_Ile,440.0,1,1,0,0,0,0,0,,0.0,1,0,9.0,0.0,0.584,1,0.584999978542328,0.0,1,1,0,0,1,0,0,0,0,0,0,1,1,1,0,0,0,0,0,0.735071547,1,0.169300264,1.220841567
T_C_11113413_Ile_441_Thr,441.0,1,1,0,0,0,0,0,,0.0,1,0,9.0,0.0,0.907,1,7.92000007629395,1.0,1,1,0,0,1,0,0,0,0,0,0,1,1,1,0,0,0,0,0,0.859884443,1,0.181559953,1.089359718
T_G_11113413_Ile_441_Ser,441.0,1,1,0,0,0,0,0,,0.0,1,0,9.0,0.0,0.916,1,7.92000007629395,1.0,1,1,0,0,1,0,0,0,0,0,0,1,1,1,0,0,0,0,0,-0.006000459,1,0.081504276,0.489025656
C_A_11113414_Ile_441_Ile,441.0,0,0,1,0,0,0,0,,0.01,1,0,9.0,0.0,,0,0.300999999046326,0.982999980449677,1,1,0,0,1,0,0,0,0,0,0,1,1,1,0,0,0,0,0,0.914400066,1,0.04907121,0.325501585
C_T_11113414_Ile_441_Ile,441.0,0,0,1,0,0,0,1,-2.255237762934422,0.01,1,0,9.0,0.0,,0,0.300999999046326,0.982999980449677,1,1,0,0,1,0,0,0,0,0,0,1,1,1,0,0,0,0,0,0.914400066,1,0.04907121,0.325501585
T_A_11113415_Tyr_442_Asn,442.0,1,1,0,0,0,0,0,,0.0,1,0,9.0,0.0,0.951,1,7.92000007629395,1.0,1,1,0,0,1,0,0,0,0,0,0,1,1,1,0,0,0,0,0,-0.082771006,1,0.072027708,0.381134807
A_G_11113416_Tyr_442_Cys,442.0,1,1,0,0,0,0,0,,0.0,1,0,9.0,0.0,0.973,1,4.04500007629395,1.0,1,1,0,0,1,0,0,0,0,0,0,1,1,1,0,0,0,0,0,-0.053154076,1,0.082513734,0.40423309
C_G_11113417_Tyr_442_Ter,442.0,1,0,0,0,0,0,0,,0.01,1,0,9.0,0.0,,0,1.02499997615814,1.0,1,1,0,1,1,0,1,0,0,0,0,1,1,1,0,0,0,0,0,0.116027474,1,0.080590677,0.509700192
C_T_11113417_Tyr_442_Tyr,442.0,0,0,1,0,0,0,0,,0.01,1,0,9.0,0.0,,0,1.02499997615814,1.0,1,1,0,0,1,0,0,0,0,0,0,1,1,1,0,0,0,0,0,1.054493838,1,0.044211462,0.395439336
T_C_11113418_Trp_443_Arg,443.0,1,1,0,0,0,0,0,,0.0,1,0,9.0,0.0,0.951,1,7.92000007629395,1.0,1,1,0,0,1,0,0,0,0,0,0,1,1,1,0,0,0,0,0,-0.002871094,1,0.052415551,0.502752305
G_A_11113419_Trp_443_Ter,443.0,1,0,0,0,0,0,1,-4.650528200785614,0.0,1,0,9.0,0.0,,0,9.87899971008301,1.0,1,1,0,1,1,0,1,0,0,0,0,1,1,1,0,0,0,0,0,-0.133167462,1,0.049164969,0.471573817
G_C_11113419_Trp_443_Ser,443.0,1,1,0,0,0,0,1,-6.046095406586541,0.0,1,0,9.0,0.0,0.934,1,9.87899971008301,1.0,1,1,0,0,1,0,0,0,0,0,0,1,1,1,0,0,0,0,0,0.809519204,1,0.04710245,0.461507877
G_A_11113420_Trp_443_Ter,443.0,1,0,0,0,0,0,1,-6.046095406586541,0.0,1,0,9.0,0.0,,0,9.87899971008301,1.0,1,1,0,1,1,0,1,0,0,0,0,1,1,1,0,0,0,0,0,-0.133167462,1,0.049164969,0.471573817
G_C_11113420_Trp_443_Cys,443.0,1,1,0,0,0,0,1,-4.832682665251824,0.0,1,0,9.0,0.0,0.961,1,9.87899971008301,1.0,1,1,0,0,1,0,0,0,0,0,0,1,1,1,0,0,0,0,0,0.891485492,1,0.064209632,0.642096319
G_T_11113420_Trp_443_Cys,443.0,1,1,0,0,0,0,1,-6.046095406586541,0.0,1,0,9.0,0.0,0.961,1,9.87899971008301,1.0,1,1,0,0,1,0,0,0,0,0,0,1,1,1,0,0,0,0,0,0.891485492,1,0.064209632,0.642096319
G_G_11113420_Ser_444_fs,444.0,1,0,0,1,0,0,0,,,0,0,9.0,0.0,,0,2.90400004386902,1.0,1,1,0,1,1,0,0,0,0,0,0,1,1,1,-1,0,0,0,0,,0,,
T_C_11113421_Ser_444_Pro,444.0,1,1,0,0,0,0,1,-6.046095406586541,0.0,1,0,9.0,0.0,0.941,1,2.90400004386902,1.0,1,1,0,0,1,0,0,0,0,0,0,1,1,1,0,0,0,0,0,-0.176090922,1,0.032917709,0.114030289
C_T_11113422_Ser_444_Phe,444.0,1,1,0,0,0,0,0,,0.0,1,0,9.0,0.0,0.95,1,2.74000000953674,0.985000014305115,1,1,0,0,1,0,0,0,0,0,0,1,1,1,0,0,0,0,0,1.216370542,1,0.157882284,0.706071037
A_A_11113425_Leu_446_fs,446.0,1,0,0,1,0,0,0,,,0,0,9.0,0.0,,0,-0.446999996900558,0.0010000000474974,1,1,0,1,1,0,0,0,0,0,0,1,1,1,-1,0,0,0,0,,0,,
C_T_11113426_Asp_445_Asp,445.0,0,0,1,0,0,0,1,-4.458670422333307,0.0,1,0,9.0,0.0,,0,0.229000002145767,0.0089999996125698,1,1,0,0,1,0,0,0,0,0,0,1,1,1,0,0,0,0,0,0.914669387,1,0.159075922,0.899869303
C_C_11113427_Ser_447_fs,447.0,1,0,0,1,0,0,0,,,0,0,9.0,0.0,,0,,,0,0,0,1,1,0,0,0,0,0,0,1,1,1,1,0,0,0,0,,0,,
C_T_11113427_Leu_446_Leu,446.0,0,0,1,0,0,0,1,-4.0126913262688175,0.0,1,0,9.0,0.0,,0,-0.446999996900558,0.0010000000474974,1,1,0,0,1,0,0,0,0,0,0,1,1,1,0,0,0,0,0,0.878442319,1,0.076222657,0.628548132
G_C_11113429_Leu_446_Leu,446.0,0,0,1,0,0,0,0,,0.0,1,0,9.0,0.0,,0,-0.971000015735626,0.0,1,1,0,0,1,0,0,0,0,0,0,1,1,1,0,0,0,0,0,0.878442319,1,0.076222657,0.628548132
T_C_11113430_Ser_447_Pro,447.0,1,1,0,0,0,0,1,-6.046095406586541,0.0,1,0,9.0,0.0,0.807,1,0.982999980449677,0.0010000000474974,1,1,0,0,1,0,0,0,0,0,0,1,1,1,0,0,0,0,0,0.84769622,1,0.136810926,0.547243704
C_T_11113433_Gln_448_Ter,448.0,1,0,0,0,0,0,1,-4.183626111247638,0.01,1,0,9.0,0.0,,0,2.16300010681152,0.850000023841858,1,1,0,1,1,0,1,0,0,0,0,1,1,1,0,0,0,0,0,-0.109160756,1,0.130856328,0.906599232
C_C_11113433_Gln_448_fs,448.0,1,0,0,1,0,0,0,,,0,0,9.0,0.0,,0,4.73999977111816,0.898000001907349,1,1,0,1,1,0,0,0,0,0,0,1,1,1,-1,0,0,0,0,,0,,
A_C_11113434_Gln_448_Pro,448.0,1,1,0,0,0,0,0,,0.0,1,0,9.0,0.0,0.861,1,4.73999977111816,0.898000001907349,1,1,0,0,1,0,0,0,0,0,0,1,1,1,0,0,0,0,0,1.047388151,1,0.074658868,0.365752262
G_A_11113435_Gln_448_Gln,448.0,0,0,1,0,0,0,0,,0.0,1,0,9.0,0.0,,0,-1.12800002098083,0.006000000052154,1,1,0,0,1,0,0,0,0,0,0,1,1,1,0,0,0,0,0,0.860322355,1,0.142145448,0.284290895
A_T_11113442_Ile_451_Phe,451.0,1,1,0,0,0,0,0,,0.0,1,0,9.0,0.0,0.963,1,7.45900011062622,1.0,1,1,0,0,1,0,0,0,0,0,0,1,1,1,0,0,0,0,0,0.751426141,1,0.102355918,0.409423672
T_C_11113443_Ile_451_Thr,451.0,1,1,0,0,0,0,0,,0.0,1,0,9.0,0.0,0.97,1,7.92000007629395,1.0,1,1,0,0,1,0,0,0,0,0,0,1,1,1,0,0,0,0,0,0.814032731,1,0.119158425,0.412776892
T_T_11113445_<NA>_<NA>_<NA>,,1,0,0,0,1,0,0,,,0,0,9.0,0.0,,0,,,0,0,0,0,1,0,0,0,0,0,1,1,0,1,-51,0,0,0,0,,0,,
C_A_11113447_Cys_452_Ter,452.0,1,0,0,0,0,0,0,,0.01,1,0,9.0,0.0,,0,2.71099996566772,1.0,1,1,0,1,1,0,1,0,0,0,1,1,1,1,0,0,0,0,0,0.000681785,1,0.093600337,0.700440781
C_T_11113447_Cys_452_Cys,452.0,0,0,1,0,0,0,1,-4.832682665251824,0.55,1,0,9.0,0.0,,0,2.71099996566772,1.0,1,1,0,0,1,0,0,0,0,0,1,1,1,1,0,0,0,0,0,1.018263822,1,0.059490901,0.376253493
C_C_11113447_Ser_453_fs,453.0,1,0,0,1,0,0,0,,,0,0,9.0,0.0,,0,9.21100044250488,1.0,1,1,0,1,1,0,0,0,0,0,1,1,1,1,-1,0,0,0,0,,0,,
G_G_11113449_<NA>_<NA>_<NA>,,1,0,0,0,1,0,0,,,0,0,,,,0,,,0,0,,0,,,0,0,0,0,0,0,0,0,-6,0,0,0,0,,0,,
G_A_11113450_<NA>_<NA>_<NA>,,1,0,0,0,0,0,1,-4.935916564036404,1.0,1,0,,,,0,9.87899971008301,1.0,1,1,,1,,,0,0,0,0,1,0,0,0,0,0,0,0,0,,0,,
G_C_11113450_<NA>_<NA>_<NA>,,1,0,0,0,0,0,0,,1.0,1,0,,,,0,9.87899971008301,1.0,1,1,,1,,,0,0,0,0,1,0,0,0,0,0,0,0,0,,0,,
G_T_11113450_<NA>_<NA>_<NA>,,1,0,0,0,0,0,0,,1.0,1,0,,,,0,9.87899971008301,1.0,1,1,,1,,,0,0,0,0,1,0,0,0,0,0,0,0,0,,0,,
T_A_11113451_<NA>_<NA>_<NA>,,1,0,0,0,0,0,1,-5.347173697438995,1.0,1,0,,,,0,7.83699989318848,1.0,1,1,,1,,,0,0,0,0,1,0,0,0,0,0,0,0,0,,0,,
T_C_11113451_<NA>_<NA>_<NA>,,1,0,0,0,0,0,1,-6.046095406586541,0.89,1,0,,,,0,7.83699989318848,1.0,1,1,,1,,,0,0,0,0,1,0,0,0,0,0,0,0,0,,0,,
G_G_11113452_<NA>_<NA>_<NA>,,0,0,0,0,1,0,0,,,0,0,,,,0,,,0,0,,0,,,0,0,0,0,1,0,0,0,-18,0,0,0,0,,0,,
G_T_11113454_<NA>_<NA>_<NA>,,1,0,0,0,1,0,0,,0.45,1,0,,,,0,1.35599994659424,0.958999991416931,1,1,,0,,,0,0,0,0,0,0,0,0,0,0,0,0,0,,0,,
G_C_11113456_<NA>_<NA>_<NA>,,0,0,0,0,1,0,0,,0.01,1,0,,,,0,-1.7849999666214,0.0,1,1,,0,,,0,0,0,0,1,0,0,0,0,0,0,0,0,,0,,
C_T_11113458_<NA>_<NA>_<NA>,,0,0,0,0,1,0,1,-3.821886747685368,0.01,1,0,,,,0,-0.386999994516373,0.0,1,1,,0,,,0,0,0,0,0,0,0,0,0,0,0,0,0,,0,,
G_T_11113459_<NA>_<NA>_<NA>,,0,0,0,0,1,0,1,-4.598771832501887,0.01,1,0,,,,0,-1.66799998283386,0.0,1,1,,0,,,0,0,0,0,0,0,0,0,0,0,0,0,0,,0,,
C_T_11113463_<NA>_<NA>_<NA>,,0,0,0,0,1,0,1,-3.6569855028492326,0.0,1,0,,,,0,0.028999999165535,0.0,1,1,,0,,,0,0,0,0,0,0,0,0,0,0,0,0,0,,0,,
T_G_11113468_<NA>_<NA>_<NA>,,0,0,0,0,1,0,0,,0.0,1,0,,,,0,-5.97300004959106,0.0,1,1,,0,,,0,0,0,0,0,0,0,0,0,0,0,0,0,,0,,
T_T_11113468_<NA>_<NA>_<NA>,,0,0,0,0,1,0,0,,,0,0,,,,0,,,0,0,,0,,,0,0,0,0,0,0,0,0,1,0,0,0,0,,0,,
G_A_11113469_<NA>_<NA>_<NA>,,0,0,0,0,1,0,0,,0.0,1,0,,,,0,-0.547999978065491,0.0,1,1,,0,,,0,0,0,0,0,0,0,0,0,0,0,0,0,,0,,
C_T_11113481_<NA>_<NA>_<NA>,,0,0,0,0,1,0,1,-0.8276890314780458,0.0,1,0,,,,0,-0.421000003814697,0.0,1,1,,0,,,0,0,0,0,0,0,0,0,0,0,0,0,0,,0,,
G_A_11113504_<NA>_<NA>_<NA>,,0,0,0,0,1,0,1,-3.621420423884225,0.0,1,0,,,,0,-0.245000004768372,0.0,1,1,,0,,,0,0,0,0,0,0,0,0,0,0,0,0,0,,0,,
G_C_11113504_<NA>_<NA>_<NA>,,0,0,0,0,1,0,0,,0.0,1,0,,,,0,-0.245000004768372,0.0,1,1,,0,,,0,0,0,0,0,0,0,0,0,0,0,0,0,,0,,
C_T_11113505_<NA>_<NA>_<NA>,,0,0,0,0,1,0,1,-0.295592072613159,0.0,1,0,,,,0,-0.637000024318695,0.0,1,1,,0,,,0,0,0,0,0,0,0,0,0,0,0,0,0,,0,,
C_T_11113505_<NA>_<NA>_<NA>,,0,0,0,0,1,0,0,,,0,0,,,,0,,,0,0,,0,,,0,0,0,0,0,0,0,0,0,0,0,0,0,,0,,
G_A_11113506_<NA>_<NA>_<NA>,,0,0,0,0,1,0,1,-4.183294816333484,0.0,1,0,,,,0,-0.598999977111816,0.0,1,1,,0,,,0,0,0,0,0,0,0,0,0,0,0,0,0,,0,,
G_C_11113506_<NA>_<NA>_<NA>,,0,0,0,0,1,0,0,,0.0,1,0,,,,0,-0.598999977111816,0.0,1,1,,0,,,0,0,0,0,0,0,0,0,0,0,0,0,0,,0,,
C_A_11113507_<NA>_<NA>_<NA>,,0,0,0,0,1,0,0,,0.01,1,0,,,,0,0.848999977111816,0.0010000000474974,1,1,,0,,,0,0,0,0,0,0,0,0,0,0,0,0,0,,0,,
G_A_11113509_<NA>_<NA>_<NA>,,0,0,0,0,1,0,1,-4.780939667551139,0.0,1,0,,,,0,0.486999988555908,0.0010000000474974,1,1,,0,,,0,0,0,0,0,0,0,0,0,0,0,0,0,,0,,
A_G_11113510_<NA>_<NA>_<NA>,,1,0,0,0,1,0,0,,0.21,1,0,,,,0,-0.0489999987185001,0.0,1,1,,0,,,0,0,0,0,0,0,0,0,0,0,0,0,0,,0,,
G_A_11113512_<NA>_<NA>_<NA>,,0,0,0,0,1,0,1,-4.183559832043861,0.0,1,0,,,,0,-3.13299989700317,0.0,1,1,,0,,,0,0,0,0,0,0,0,0,0,0,0,0,0,,0,,
C_T_11113515_<NA>_<NA>_<NA>,,0,0,0,0,1,0,0,,0.0,1,0,,,,0,-1.71899998188019,0.0,1,1,,0,,,0,0,0,0,0,0,0,0,0,0,0,0,0,,0,,
C_T_11113518_<NA>_<NA>_<NA>,,0,0,0,0,1,0,0,,0.0,1,0,,,,0,0.145999997854233,0.0,1,1,,0,,,0,0,0,0,0,0,0,0,0,0,0,0,0,,0,,
T_G_11113521_<NA>_<NA>_<NA>,,0,0,0,0,1,0,1,-5.744968836654449,0.02,1,0,,,,0,-1.85099995136261,0.0,1,1,,0,,,0,0,0,0,0,0,0,0,0,0,0,0,0,,0,,
C_A_11113522_<NA>_<NA>_<NA>,,0,0,0,0,1,0,0,,0.01,1,0,,,,0,-2.06699991226196,0.0,1,1,,0,,,0,0,0,0,0,0,0,0,0,0,0,0,0,,0,,
C_T_11113522_<NA>_<NA>_<NA>,,0,0,0,0,1,0,1,-3.3201180578871377,0.0,1,0,,,,0,-2.06699991226196,0.0,1,1,,0,,,0,0,0,0,0,0,0,0,0,0,0,0,0,,0,,
C_T_11113525_<NA>_<NA>_<NA>,,0,0,0,0,1,0,1,-4.531652669587843,0.0,1,0,,,,0,-0.428999990224838,0.0,1,1,,0,,,0,0,0,0,0,0,0,0,0,0,0,0,0,,0,,
C_A_11113529_<NA>_<NA>_<NA>,,0,0,0,0,1,0,1,-4.780939667551139,0.06,1,0,,,,0,-0.33500000834465,0.0,1,1,,0,,,0,0,0,0,1,0,0,0,0,0,0,0,0,,0,,
C_T_11113529_<NA>_<NA>_<NA>,,0,0,0,0,1,0,1,-4.047595060422975,0.01,1,0,,,,0,-0.33500000834465,0.0,1,1,,0,,,0,0,0,0,1,0,0,0,0,0,0,0,0,,0,,
C_G_11113530_<NA>_<NA>_<NA>,,1,0,0,0,1,0,1,-2.468393368067278,0.03,1,0,,,,0,-0.788999974727631,0.0,1,1,,0,,,0,0,0,0,1,0,0,0,0,0,0,0,0,,0,,
C_T_11113530_<NA>_<NA>_<NA>,,0,0,0,0,1,0,0,,0.0,1,0,,,,0,-0.788999974727631,0.0,1,1,,0,,,0,0,0,0,1,0,0,0,0,0,0,0,0,,0,,
T_C_11113531_<NA>_<NA>_<NA>,,0,0,0,0,1,0,0,,0.01,1,0,,,,0,-2.26600003242493,0.0,1,1,,0,,,0,0,0,0,1,0,0,0,0,0,0,0,0,,0,,
G_A_11113534_<NA>_<NA>_<NA>,,1,0,0,0,0,0,1,-4.531652669587843,1.0,1,0,,,,0,6.42899990081787,1.0,1,1,,1,,,0,0,0,0,1,0,0,0,0,0,0,0,0,,0,,
G_C_11113534_<NA>_<NA>_<NA>,,1,0,0,0,0,0,0,,0.99,1,0,,,,0,6.42899990081787,1.0,1,1,,1,,,0,0,0,0,1,0,0,0,0,0,0,0,0,,0,,
G_G_11113534_Thr_454_fs,454.0,1,0,0,1,0,0,0,,,0,0,10.0,0.0,,0,,,0,0,1,1,1,0,0,0,0,0,1,1,1,1,-4,0,0,0,0,,0,,
A_A_11113536_Gln_455_fs,455.0,1,0,0,1,0,0,0,,,0,0,10.0,0.0,,0,1.5349999666214,0.0439999997615814,1,1,1,1,1,0,0,0,0,0,0,1,1,1,-1,0,0,0,0,,0,,
C_A_11113537_Thr_454_Asn,454.0,1,1,0,0,0,0,0,,0.02,1,0,10.0,0.0,0.473,1,7.52500009536743,0.819999992847443,1,1,1,0,1,0,0,0,0,0,1,1,1,1,0,0,0,0,0,1.039423611,1,0.097135799,0.513994336
C_T_11113538_Thr_454_Thr,454.0,0,0,1,0,0,0,0,,0.03,1,0,10.0,0.0,,0,-0.0780000016093254,0.0359999984502792,1,1,1,0,1,0,0,0,0,0,0,1,1,1,0,0,0,0,0,1.017433491,1,0.068998451,0.478035293
C_T_11113539_Gln_455_Ter,455.0,1,0,0,0,0,0,1,-6.046095406586541,0.03,1,0,10.0,0.0,,0,1.5349999666214,0.0439999997615814,1,1,1,1,1,0,1,0,0,0,0,1,1,1,0,0,0,0,0,-0.043019555,1,0.10231953,0.765689248
C_C_11113539_Leu_456_fs,456.0,1,0,0,1,0,0,0,,,0,0,10.0,0.0,,0,,,0,0,1,1,1,0,0,0,0,0,0,1,1,1,-10,0,0,0,0,,0,,
A_A_11113540_Gln_455_fs,455.0,1,0,0,1,0,0,0,,,0,0,10.0,0.0,,0,-0.0439999997615814,0.0160000007599592,1,1,1,1,1,0,0,0,0,0,0,1,1,1,-1,0,0,0,0,,0,,
T_A_11113544_Leu_456_Leu,456.0,0,0,1,0,0,0,0,,0.01,1,0,10.0,0.0,,0,-1.14800000190735,0.0209999997168779,1,1,1,0,1,0,0,0,0,0,0,1,1,1,0,0,0,0,0,0.916783944,1,0.065054345,0.596232919
T_T_11113544_Ala_459_fs,459.0,1,0,0,1,0,0,0,,,0,0,10.0,0.0,,0,,,0,0,1,1,1,0,0,0,0,0,0,1,1,1,4,0,0,0,0,,0,,
C_T_11113547_Asp_457_Asp,457.0,0,0,1,0,0,0,1,-5.201004265556119,0.01,1,0,10.0,0.0,,0,0.321000009775162,0.0130000002682209,1,1,1,0,1,0,0,0,0,0,0,1,1,1,0,0,0,0,0,1.117169446,1,0.07117399,0.427043943
C_C_11113547_Arg_458_fs,458.0,1,0,0,1,0,0,0,,,0,0,10.0,0.0,,0,,,0,0,1,1,1,0,0,0,0,0,0,1,1,1,-2,0,0,0,0,,0,,
G_G_11113551_His_460_fs,460.0,1,0,0,1,0,0,0,,,0,0,10.0,0.0,,0,,,0,0,1,1,1,0,0,0,0,0,0,1,1,1,-4,0,0,0,0,,0,,
C_G_11113552_Ala_459_Gly,459.0,0,1,0,0,0,0,1,-6.046095406586541,0.01,1,0,10.0,0.0,0.757,1,3.95900011062622,0.998000025749207,1,1,1,0,1,0,0,0,0,0,0,1,1,1,0,0,0,0,0,0.782248203,1,0.080620073,0.603305381
C_G_11113553_Ala_459_Ala,459.0,0,0,1,0,0,0,0,,0.01,1,0,10.0,0.0,,0,-0.694999992847443,0.0,1,1,1,0,1,0,0,0,0,0,0,1,1,1,0,0,0,0,0,1.153120349,1,0.077684471,0.411067582
C_T_11113553_Ala_459_Ala,459.0,0,0,1,0,0,0,0,,0.12,1,0,10.0,0.0,,0,-0.694999992847443,0.0,1,1,1,0,1,0,0,0,0,0,0,1,1,1,0,0,0,0,0,1.153120349,1,0.077684471,0.411067582
A_C_11113555_His_460_Ter,460.0,1,0,0,1,0,0,0,,,0,0,10.0,0.0,,0,,,0,0,1,1,1,0,1,1,0,0,0,1,1,1,-11,0,1,0,1,,0,,
A_C_11113555_His_460_Ter,460.0,1,0,0,1,0,0,0,,,0,0,10.0,0.0,,0,,,0,0,1,1,1,0,1,1,0,0,0,1,1,1,-11,0,1,0,1,,0,,
C_T_11113556_His_460_His,460.0,0,0,1,0,0,0,1,-4.015382686763251,0.02,1,0,10.0,0.0,,0,-1.22599995136261,0.0,1,1,1,0,1,0,0,0,0,0,0,1,1,1,0,0,0,0,0,0.742855534,1,0.203030448,1.148513654
C_C_11113556_Gly_461_fs,461.0,1,0,0,1,0,0,1,-4.935916564036404,,0,0,10.0,0.0,,0,2.375,0.977999985218048,1,1,1,1,1,0,0,0,0,0,0,1,1,1,-1,0,0,0,0,,0,,
G_T_11113557_Gly_461_Cys,461.0,1,1,0,0,0,0,1,-4.780939667551139,0.09,1,0,10.0,0.0,0.574,1,-0.66100001335144,0.0,1,1,1,0,1,0,0,0,0,0,0,1,1,1,0,0,0,0,0,-0.104017929,1,0.146957314,0.587829257
C_T_11113559_Gly_461_Gly,461.0,0,0,1,0,0,0,1,-4.0483225626567,0.06,1,0,10.0,0.0,,0,4.79400014877319,0.992999970912933,1,1,1,0,1,0,0,0,0,0,0,1,1,1,0,0,0,0,0,0.027180042,1,0.087629051,0.303555938
T_T_11113566_Tyr_465_fs,465.0,1,0,0,1,0,0,1,-4.183162369097965,,0,0,10.0,0.0,,0,-0.310999989509583,0.112999998033047,1,1,1,1,1,0,0,0,0,0,0,1,1,1,-1,0,0,0,0,,0,,
C_T_11113568_Ser_464_Ser,464.0,0,0,1,0,0,0,1,-6.046095406586541,0.03,1,0,10.0,0.0,,0,-0.310999989509583,0.112999998033047,1,1,1,0,1,0,0,0,0,0,0,1,1,1,0,0,0,0,0,0.852182059,1,0.067404275,0.426302069
C_T_11113574_Asp_466_Asp,466.0,0,0,1,0,0,0,0,,0.02,1,0,10.0,0.0,,0,0.64300000667572,0.0230000000447035,1,1,1,0,1,0,0,0,0,0,0,1,1,1,0,0,0,0,0,1.045800826,1,0.114125027,0.603892879
C_C_11113576_Val_468_Ile,468.0,1,0,0,0,0,0,0,,,0,0,10.0,0.0,,0,,,0,0,1,0,1,0,0,0,0,0,0,1,1,1,-6,0,1,1,0,,0,,
C_C_11113577_Val_468_fs,468.0,1,0,0,1,0,0,0,,,0,0,10.0,0.0,,0,,,0,0,1,1,1,0,0,0,0,0,0,1,1,1,8,0,0,0,0,,0,,
C_T_11113577_Thr_467_Thr,467.0,0,0,1,0,0,0,1,-3.951558196449596,0.1,1,0,10.0,0.0,,0,-4.09000015258789,0.0,1,1,1,0,1,0,0,0,0,0,0,1,1,1,0,0,0,0,0,0.960041075,1,0.137250274,0.549001094
C_T_11113583_Ile_469_Ile,469.0,0,0,1,0,0,0,0,,0.04,1,0,10.0,0.0,,0,-0.601000010967255,0.0,1,1,1,0,1,0,0,0,0,0,0,1,1,1,0,0,0,0,0,1.023949556,1,0.045399758,0.287133282
C_C_11113586_Arg_471_fs,471.0,1,0,0,1,0,0,0,,,0,0,10.0,0.0,,0,0.907999992370605,0.0,1,1,1,1,1,0,0,0,0,0,0,1,1,1,-1,0,0,0,0,,0,,
A_G_11113587_Arg_471_Gly,471.0,0,1,0,0,0,0,0,,0.02,1,0,10.0,0.0,0.564,1,0.907999992370605,0.0,1,1,1,0,1,0,0,0,0,0,0,1,1,1,0,0,0,0,0,0.6369451,1,0.155220866,0.878061813
A_G_11113589_Arg_471_Arg,471.0,0,0,1,0,0,0,1,-0.1203880929341491,0.06,1,0,10.0,0.0,,0,-0.476000010967255,0.0,1,1,1,0,1,0,0,0,0,0,0,1,1,1,0,0,0,0,0,1.021932702,1,0.061537082,0.408190824
A_G_11113589_Gln_474_fs,474.0,1,0,0,1,0,0,0,,,0,0,10.0,0.0,,0,,,0,0,1,1,1,0,0,0,0,0,0,1,1,1,4,0,0,0,0,,0,,
A_A_11113589_Ile_473_Asp,473.0,1,0,0,0,0,0,0,,,0,0,10.0,0.0,,0,,,0,0,1,0,1,0,0,0,0,0,0,1,1,1,-15,0,1,1,0,,0,,
G_G_11113590_Gln_474_fs,474.0,1,0,0,1,0,0,0,,,0,0,10.0,0.0,,0,,,0,0,1,1,1,0,0,0,0,0,0,1,1,1,4,0,0,0,0,,0,,
G_T_11113590_Asp_472_Tyr,472.0,1,1,0,0,0,0,1,-3.683191247946978,0.06,1,0,10.0,0.0,0.649,1,2.57599997520447,0.104999996721745,1,1,1,0,1,0,0,0,0,0,0,1,1,1,0,0,0,0,0,0.832995153,1,0.158521777,0.448367294
C_T_11113592_Asp_472_Asp,472.0,0,0,1,0,0,0,1,-3.3201180578871377,0.01,1,0,10.0,0.0,,0,-0.122000001370907,0.003000000026077,1,1,1,0,1,0,0,0,0,0,0,1,1,1,0,0,0,0,0,0.933305716,1,0.067918463,0.560069997
A_A_11113593_Ile_473_Arg,473.0,1,0,0,0,0,0,0,,,0,0,10.0,0.0,,0,,,0,0,1,0,1,0,0,0,0,0,0,1,1,1,-15,0,1,1,1,,0,,
C_T_11113596_Gln_474_Ter,474.0,1,0,0,0,0,0,0,,0.01,1,0,10.0,0.0,,0,2.57999992370605,0.949000000953674,1,1,1,1,1,0,1,0,0,0,0,1,1,1,0,0,0,0,0,-0.138761126,1,0.029049364,0.116197456
G_G_11113599_Asp_477_fs,477.0,1,0,0,1,0,0,0,,,0,0,10.0,0.0,,0,,,0,0,1,1,1,0,0,0,0,0,0,1,1,1,1,0,0,0,0,,0,,
G_A_11113599_Ala_475_fs,475.0,1,0,0,1,0,0,0,,,0,0,10.0,0.0,,0,,,0,0,1,1,1,0,0,0,0,0,0,1,1,1,-1,0,0,0,0,,0,,
C_G_11113601_Ala_475_Ala,475.0,0,0,1,0,0,0,1,-6.046095406586541,0.0,1,0,10.0,0.0,,0,-0.611999988555908,0.0450000017881393,1,1,1,0,1,0,0,0,0,0,0,1,1,1,0,0,0,0,0,1.021741696,1,0.05128607,0.340193304
C_T_11113602_Pro_476_Ser,476.0,1,1,0,0,0,0,0,,0.0,1,0,10.0,0.0,0.921,1,7.80999994277954,1.0,1,1,1,0,1,0,0,0,0,0,0,1,1,1,0,0,0,0,0,1.023332744,1,0.056644659,0.339867955
C_T_11113603_Pro_476_Leu,476.0,1,1,0,0,0,0,0,,0.0,1,0,10.0,0.0,0.929,1,7.80999994277954,1.0,1,1,1,0,1,0,0,0,0,0,0,1,1,1,0,0,0,0,0,0.9188947,1,0.04974929,0.298495741
C_G_11113604_Pro_476_Pro,476.0,0,0,1,0,0,0,1,-4.935916564036404,0.0,1,0,10.0,0.0,,0,-4.2189998626709,0.0,1,1,1,0,1,0,0,0,0,0,0,1,1,1,0,0,0,0,0,1.056729059,1,0.201796003,0.570765289
C_T_11113604_Pro_476_Pro,476.0,0,0,1,0,0,0,1,-3.419987887470576,0.0,1,0,10.0,0.0,,0,-4.2189998626709,0.0,1,1,1,0,1,0,0,0,0,0,0,1,1,1,0,0,0,0,0,1.056729059,1,0.201796003,0.570765289
C_T_11113607_Asp_477_Asp,477.0,0,0,1,0,0,0,1,-3.382894769497622,0.0,1,0,10.0,0.0,,0,-3.23900008201599,0.0,1,1,1,0,1,0,0,0,0,0,0,1,1,1,0,0,0,0,0,1.075329389,1,0.178706183,0.799198346
C_C_11113607_Leu_479_fs,479.0,1,0,0,1,0,0,0,,,0,0,10.0,0.0,,0,-0.0230000000447035,0.749000012874603,1,1,1,1,1,0,0,0,0,0,0,1,1,1,-1,0,0,0,0,,0,,
G_A_11113608_Gly_478_Arg,478.0,1,1,0,0,0,0,1,-4.140381421227819,0.01,1,0,10.0,0.0,0.985,1,8.02600002288818,1.0,1,1,1,0,1,0,0,0,0,0,0,1,1,1,0,0,0,0,0,1.070652794,1,0.05164567,0.273283196
G_A_11113609_Gly_478_Glu,478.0,1,1,0,0,0,0,0,,0.01,1,0,10.0,0.0,0.984,1,8.01599979400635,1.0,1,1,1,0,1,0,0,0,0,0,0,1,1,1,0,0,0,0,0,1.035521477,1,0.115652095,0.327113522
G_T_11113609_Gly_478_Val,478.0,1,1,0,0,0,0,0,,0.0,1,0,10.0,0.0,0.99,1,8.01599979400635,1.0,1,1,1,0,1,0,0,0,0,0,0,1,1,1,0,0,0,0,0,0.048556743,1,0.068315827,0.511228836
G_C_11113610_Gly_478_Gly,478.0,0,0,1,0,0,0,0,,0.0,1,0,10.0,0.0,,0,-0.0230000000447035,0.749000012874603,1,1,1,0,1,0,0,0,0,0,0,1,1,1,0,0,0,0,0,0.982909911,1,0.070447615,0.281790461
G_G_11113610_Ala_480_fs,480.0,1,0,0,1,0,0,0,,,0,0,10.0,0.0,,0,,,0,0,1,1,1,0,0,0,0,0,0,1,1,1,-11,0,0,0,0,,0,,
C_T_11113611_Leu_479_Leu,479.0,0,0,1,0,0,0,0,,0.01,1,0,10.0,0.0,,0,1.43099999427795,0.921999990940094,1,1,1,0,1,0,0,0,0,0,0,1,1,1,0,0,0,0,0,0.935523224,1,0.13144863,1.145942589
T_A_11113612_Leu_479_Gln,479.0,1,1,0,0,0,0,0,,0.0,1,0,10.0,0.0,0.938,1,7.92000007629395,1.0,1,1,1,0,1,0,0,0,0,0,0,1,1,1,0,0,0,0,0,0.587235266,1,0.158661775,0.549620513
G_A_11113613_Leu_479_Leu,479.0,0,0,1,0,0,0,1,-4.316322701181308,0.0,1,0,10.0,0.0,,0,0.136000007390976,0.986000001430511,1,1,1,0,1,0,0,0,0,0,0,1,1,1,0,0,0,0,0,0.935523224,1,0.13144863,1.145942589
G_A_11113614_Ala_480_Thr,480.0,1,1,0,0,0,0,1,-6.046095406586541,0.01,1,0,10.0,0.0,0.966,1,8.02600002288818,1.0,1,1,1,0,1,0,0,0,0,0,0,1,1,1,0,0,0,0,0,1.110753507,1,0.062881805,0.355713207
G_C_11113614_Ala_480_Pro,480.0,1,1,0,0,0,0,0,,0.0,1,0,10.0,0.0,0.984,1,8.02600002288818,1.0,1,1,1,0,1,0,0,0,0,0,0,1,1,1,0,0,0,0,0,-0.18759721,1,0.038300175,0.153200702
G_T_11113614_Ala_480_Ser,480.0,1,1,0,0,0,0,0,,0.0,1,0,10.0,0.0,0.952,1,8.02600002288818,1.0,1,1,1,0,1,0,0,0,0,0,0,1,1,1,0,0,0,0,0,0.822818462,1,0.099568522,0.597411133
G_G_11113614_Ala_480_fs,480.0,1,0,0,1,0,0,0,,,0,0,10.0,0.0,,0,7.80999994277954,1.0,1,1,1,1,1,0,0,0,0,0,0,1,1,1,-1,0,0,0,0,,0,,
C_T_11113615_Ala_480_Val,480.0,1,1,0,0,0,0,0,,0.0,1,0,10.0,0.0,0.964,1,7.80999994277954,1.0,1,1,1,0,1,0,0,0,0,0,0,1,1,1,0,0,0,0,0,0.884530176,1,0.070912876,0.680172412
T_G_11113616_Ala_480_Ala,480.0,0,0,1,0,0,0,1,-4.417141537775501,0.0,1,0,10.0,0.0,,0,-7.04400014877319,0.0,1,1,1,0,1,0,0,0,0,0,0,1,1,1,0,0,0,0,0,0.64851319,1,0.498801639,2.230708743
G_A_11113620_Asp_482_Asn,482.0,1,1,0,0,0,0,1,-4.00467199092259,0.0,1,0,10.0,0.0,0.945,1,8.0319995880127,1.0,1,1,1,0,1,0,0,0,0,0,0,1,1,1,0,0,0,0,0,-0.122928703,1,0.048654247,0.194616989
G_C_11113620_Asp_482_His,482.0,1,1,0,0,0,0,1,-6.046095406586541,0.01,1,0,10.0,0.0,0.993,1,8.0319995880127,1.0,1,1,1,0,1,0,0,0,0,0,0,1,1,1,0,0,0,0,0,,0,,
A_G_11113621_Asp_482_Gly,482.0,1,1,0,0,0,0,0,,0.01,1,0,10.0,0.0,0.987,1,7.38600015640259,1.0,1,1,1,0,1,0,0,0,0,0,0,1,1,1,0,0,0,0,0,0.468936237,1,0.191222452,0.764889809
C_C_11113622_Trp_483_fs,483.0,1,0,0,1,0,0,0,,,0,0,10.0,0.0,,0,6.18699979782104,1.0,1,1,1,1,1,0,0,0,0,0,0,1,1,1,-1,0,0,0,0,,0,,
G_A_11113624_Trp_483_Ter,483.0,1,0,0,0,0,0,1,-4.598771832501887,0.01,1,0,10.0,0.0,,0,9.87899971008301,1.0,1,1,1,1,1,0,1,0,0,0,0,1,1,1,0,0,0,0,0,-0.26128241,1,0.095676645,0.331433622
G_A_11113625_Trp_483_Ter,483.0,1,0,0,0,0,0,0,,0.01,1,0,10.0,0.0,,0,9.87899971008301,1.0,1,1,1,1,1,0,1,0,0,0,0,1,1,1,0,0,0,0,0,-0.26128241,1,0.095676645,0.331433622
G_T_11113625_Trp_483_Phe,483.0,1,1,0,0,0,0,0,,,0,0,10.0,0.0,,0,,,0,0,1,0,1,0,0,0,0,0,0,1,1,1,0,0,1,0,1,,0,,
A_G_11113630_His_485_Arg,485.0,1,1,0,0,0,0,1,-6.046095406586541,0.0,1,0,10.0,0.0,0.919,1,7.38600015640259,1.0,1,1,1,0,1,0,0,0,0,0,0,1,1,1,0,0,0,0,0,1.093460905,1,0.107445436,0.644672616
C_T_11113631_His_485_His,485.0,0,0,1,0,0,0,0,,0.01,1,0,10.0,0.0,,0,-0.231000006198883,0.0240000002086163,1,1,1,0,1,0,0,0,0,0,0,1,1,1,0,0,0,0,0,0.834114935,1,0.201412967,0.805651867
C_C_11113631_Ser_486_fs,486.0,1,0,0,1,0,0,0,,,0,0,10.0,0.0,,0,0.230000004172325,0.0469999983906746,1,1,1,1,1,0,0,0,0,0,0,1,1,1,-1,0,0,0,0,,0,,
G_G_11113633_Asp_492_fs,492.0,1,0,0,1,0,0,0,,,0,0,10.0,0.0,,0,,,0,0,1,1,1,0,0,0,0,0,0,1,1,1,14,0,0,0,0,,0,,
A_A_11113636_Ile_488_fs,488.0,1,0,0,1,0,0,0,,,0,0,10.0,0.0,,0,,,0,0,1,1,1,0,0,0,0,0,0,1,1,1,1,0,0,0,0,,0,,
C_T_11113637_Asn_487_Asn,487.0,0,0,1,0,0,0,0,,0.01,1,0,10.0,0.0,,0,2.71600008010864,1.0,1,1,1,0,1,0,0,0,0,0,0,1,1,1,0,0,0,0,0,0.856511966,1,0.098761853,0.483832294
A_A_11113638_Ile_488_fs,488.0,1,0,0,1,0,0,0,,,0,0,10.0,0.0,,0,,,0,0,1,1,1,0,0,0,0,0,0,1,1,1,1,0,0,0,0,,0,,
A_A_11113638_Tyr_489_fs,489.0,1,0,0,1,0,0,0,,,0,0,10.0,0.0,,0,,,0,0,1,1,1,0,0,0,0,0,0,1,1,1,-2,0,0,0,0,,0,,
T_A_11113639_Ile_488_Asn,488.0,1,1,0,0,0,0,1,-6.046047116768077,0.0,1,0,10.0,0.0,0.84,1,6.18699979782104,1.0,1,1,1,0,1,0,0,0,0,0,0,1,1,1,0,0,0,0,0,0.025152437,1,0.086119803,0.385139469
T_C_11113639_Ile_488_Thr,488.0,1,1,0,0,0,0,1,-3.713992877920525,0.0,1,0,10.0,0.0,0.888,1,6.18699979782104,1.0,1,1,1,0,1,0,0,0,0,0,0,1,1,1,0,0,0,0,0,1.112721785,1,0.075239873,0.212810499
C_G_11113643_Tyr_489_Ter,489.0,1,0,0,0,0,0,1,-6.046047116768077,0.0,1,0,10.0,0.0,,0,2.6800000667572,1.0,1,1,1,1,1,0,1,0,0,0,0,1,1,1,0,0,0,0,0,-0.012096297,1,0.079703734,0.450872405
C_T_11113643_Tyr_489_Tyr,489.0,0,0,1,0,0,0,0,,0.0,1,0,10.0,0.0,,0,2.6800000667572,1.0,1,1,1,0,1,0,0,0,0,0,0,1,1,1,0,0,0,0,0,0.965970619,1,0.108246321,0.432985285
T_C_11113644_Trp_490_Arg,490.0,1,1,0,0,0,0,0,,0.0,1,0,10.0,0.0,0.925,1,6.18300008773804,1.0,1,1,1,0,1,0,0,0,0,0,0,1,1,1,0,0,0,0,0,-0.250009741,1,0.101528652,0.497386783
T_G_11113644_Trp_490_Gly,490.0,1,1,0,0,0,0,0,,0.0,1,0,10.0,0.0,0.951,1,6.18300008773804,1.0,1,1,1,0,1,0,0,0,0,0,0,1,1,1,0,0,0,0,0,0.754385075,1,0.07637028,0.571502846
G_A_11113645_Trp_490_Ter,490.0,1,0,0,0,0,0,0,,0.0,1,0,10.0,0.0,,0,9.87899971008301,1.0,1,1,1,1,1,0,1,0,0,0,0,1,1,1,0,0,0,0,0,-0.198938215,1,0.064658208,0.223982603
G_A_11113646_Trp_490_Ter,490.0,1,0,0,0,0,0,0,,0.0,1,0,10.0,0.0,,0,8.0319995880127,1.0,1,1,1,1,1,0,1,0,0,0,0,1,1,1,0,0,0,0,0,-0.198938215,1,0.064658208,0.223982603
G_C_11113646_Trp_490_Cys,490.0,1,1,0,0,0,0,0,,0.0,1,0,10.0,0.0,0.949,1,8.0319995880127,1.0,1,1,1,0,1,0,0,0,0,0,0,1,1,1,0,0,0,0,0,0.721271367,1,0.121796217,0.644485004
G_G_11113646_Thr_491_fs,491.0,1,0,0,1,0,0,0,,,0,0,10.0,0.0,,0,,,0,0,1,1,1,0,0,0,0,0,0,1,1,1,1,0,0,0,0,,0,,
G_T_11113646_Trp_490_Cys,490.0,1,1,0,0,0,0,0,,0.0,1,0,10.0,0.0,0.948,1,8.0319995880127,1.0,1,1,1,0,1,0,0,0,0,0,0,1,1,1,0,0,0,0,0,0.721271367,1,0.121796217,0.644485004
C_G_11113649_Thr_491_Thr,491.0,0,0,1,0,0,0,1,-5.568958054664114,0.0,1,0,10.0,0.0,,0,-8.8149995803833,0.0,1,1,1,0,1,0,0,0,0,0,0,1,1,1,0,0,0,0,0,0.750071048,1,0.177032965,0.791715488
C_T_11113649_Thr_491_Thr,491.0,0,0,1,0,0,0,1,-4.317584138322641,0.01,1,0,10.0,0.0,,0,-8.8149995803833,0.0,1,1,1,0,1,0,0,0,0,0,0,1,1,1,0,0,0,0,0,0.750071048,1,0.177032965,0.791715488
C_C_11113649_Asp_492_fs,492.0,1,0,0,1,0,0,0,,,0,0,10.0,0.0,,0,9.87899971008301,1.0,1,1,1,1,1,0,0,0,0,0,0,1,1,1,-1,0,0,0,0,,0,,
G_A_11113650_Asp_492_Asn,492.0,1,1,0,0,0,0,1,-3.760950906859808,0.0,1,0,10.0,0.0,0.918,1,9.87899971008301,1.0,1,1,1,0,1,0,0,0,0,0,0,1,1,1,0,0,0,0,0,0.96223354,1,0.05065161,0.226520885
A_G_11113651_Asp_492_Gly,492.0,1,1,0,0,0,0,0,,0.0,1,0,10.0,0.0,0.994,1,9.21100044250488,1.0,1,1,1,0,1,0,0,0,0,0,0,1,1,1,0,0,0,0,0,0.973220076,1,0.127932559,0.990961341
A_A_11113651_Ser_493_fs,493.0,1,0,0,1,0,0,0,,,0,0,10.0,0.0,,0,,,0,0,1,1,1,0,0,0,0,0,0,1,1,1,-2,0,0,0,0,,0,,
T_T_11113653_Ser_493_fs,493.0,1,0,0,1,0,0,0,,,0,0,10.0,0.0,,0,6.37400007247925,1.0,1,1,1,1,1,0,0,0,0,0,0,1,1,1,-1,0,0,0,0,,0,,
T_A_11113653_Ser_493_fs,493.0,1,0,0,1,0,0,0,,,0,0,10.0,0.0,,0,,,0,0,1,1,1,0,0,0,0,0,0,1,1,1,4,0,0,0,0,,0,,
C_T_11113659_Leu_495_Leu,495.0,0,0,1,0,0,0,0,,0.0,1,0,10.0,0.0,,0,-0.0240000002086163,0.0,1,1,1,0,1,0,0,0,0,0,0,1,1,1,0,0,0,0,0,1.008829123,1,0.029613713,0.307754737
T_T_11113660_Gly_496_fs,496.0,1,0,0,1,0,0,0,,,0,0,10.0,0.0,,0,3.26799988746643,1.0,1,1,1,1,1,0,0,0,0,0,0,1,1,1,-1,0,0,0,0,,0,,
T_T_11113660_Gly_496_fs,496.0,1,0,0,1,0,0,0,,,0,0,10.0,0.0,,0,,,0,0,1,1,1,0,0,0,0,0,0,1,1,1,-2,0,0,0,0,,0,,
G_A_11113661_Leu_495_Leu,495.0,0,0,1,0,0,0,0,,0.13,1,0,10.0,0.0,,0,-1.26400005817413,0.0,1,1,1,0,1,0,0,0,0,0,0,1,1,1,0,0,0,0,0,1.008829123,1,0.029613713,0.307754737
G_T_11113663_Gly_496_Val,496.0,1,1,0,0,0,0,0,,0.0,1,0,10.0,0.0,0.746,1,3.26799988746643,1.0,1,1,1,0,1,0,0,0,0,0,0,1,1,1,0,0,0,0,0,0.943142541,1,0.053174182,0.475604341
A_C_11113665_Thr_497_Pro,497.0,1,1,0,0,0,0,1,-6.046095406586541,0.0,1,0,10.0,0.0,0.868,1,4.28800010681152,0.996999979019165,1,1,1,0,1,0,0,0,0,0,0,1,1,1,0,0,0,0,0,-0.013257976,1,0.114044,0.322565142
A_A_11113665_Thr_497_fs,497.0,1,0,0,1,0,0,0,,,0,0,10.0,0.0,,0,1.69400000572205,0.851000010967255,1,1,1,1,1,0,0,0,0,0,0,1,1,1,-1,0,0,0,0,,0,,
C_C_11113666_Val_498_fs,498.0,1,0,0,1,0,0,0,,,0,0,10.0,0.0,,0,,,0,0,1,1,1,0,0,0,0,0,0,1,1,1,-2,0,0,0,0,,0,,
T_C_11113667_Thr_497_Thr,497.0,0,0,1,0,0,0,1,-3.2966226314876503,0.0,1,0,10.0,0.0,,0,-1.28199994564056,0.0010000000474974,1,1,1,0,1,0,0,0,0,0,0,1,1,1,0,0,0,0,0,0.922643913,1,0.069815777,0.418894664
G_T_11113668_Val_498_Phe,498.0,0,1,0,0,0,0,0,,0.0,1,0,10.0,0.0,0.711,1,2.62100005149841,0.990000009536743,1,1,1,0,1,0,0,0,0,0,0,1,1,1,0,0,0,0,0,0.907326919,1,0.055659373,0.485227163
G_G_11113668_Ser_499_fs,499.0,1,0,0,1,0,0,0,,,0,0,10.0,0.0,,0,,,0,0,1,1,1,0,0,0,0,0,0,1,1,1,-2,0,0,0,0,,0,,
C_G_11113670_Val_498_Val,498.0,0,0,1,0,0,0,0,,0.0,1,0,10.0,0.0,,0,-0.0049999998882412,0.832000017166138,1,1,1,0,1,0,0,0,0,0,0,1,1,1,0,0,0,0,0,0.91071807,1,0.049965204,0.574056489
C_T_11113670_Val_498_Val,498.0,0,0,1,0,0,0,1,-4.524764777395872,0.0,1,0,10.0,0.0,,0,-0.0049999998882412,0.832000017166138,1,1,1,0,1,0,0,0,0,0,0,1,1,1,0,0,0,0,0,0.91071807,1,0.049965204,0.574056489
T_C_11113671_Ser_499_Pro,499.0,1,1,0,0,0,0,0,,0.0,1,0,10.0,0.0,0.758,1,6.07499980926514,1.0,1,1,1,0,1,0,0,0,0,0,0,1,1,1,0,0,0,0,0,-0.193247334,1,0.034193116,0.167511376
C_C_11113672_Val_500_fs,500.0,1,0,0,1,0,0,0,,,0,0,10.0,0.0,,0,,,0,0,1,1,1,0,0,0,0,0,0,1,1,1,-2,0,0,0,0,,0,,
T_C_11113673_Ser_499_Ser,499.0,0,0,1,0,0,0,1,-4.598771832501887,0.0,1,0,10.0,0.0,,0,-3.01600003242493,0.0,1,1,1,0,1,0,0,0,0,0,0,1,1,1,0,0,0,0,0,0.914405044,1,0.068958381,0.703240265
T_T_11113676_Ala_501_fs,501.0,1,0,0,1,0,0,0,,,0,0,10.0,0.0,,0,,,0,0,1,1,1,0,0,0,0,0,0,1,1,1,1,0,0,0,0,,0,,
G_A_11113677_Ala_501_Thr,501.0,1,1,0,0,0,0,0,,0.0,1,0,10.0,0.0,0.762,1,9.87899971008301,1.0,1,1,1,0,1,0,0,0,0,0,0,1,1,1,0,0,0,0,0,0.958440912,1,0.078245671,0.442624355
G_G_11113677_Asp_502_fs,502.0,1,0,0,1,0,0,0,,,0,0,10.0,0.0,,0,,,0,0,1,1,1,0,0,0,0,0,0,1,1,1,1,0,0,0,0,,0,,
C_A_11113678_Ala_501_Glu,501.0,1,1,0,0,0,0,1,-4.417255034308723,0.0,1,0,10.0,0.0,0.826,1,4.01700019836426,0.999000012874603,1,1,1,0,1,0,0,0,0,0,0,1,1,1,0,0,0,0,0,0.722917452,1,0.100349668,0.531000533
C_C_11113678_Asp_502_fs,502.0,1,0,0,1,0,0,0,,,0,0,10.0,0.0,,0,,,0,0,1,1,1,0,0,0,0,0,0,1,1,1,2,0,0,0,0,,0,,
C_T_11113678_Ala_501_Val,501.0,1,1,0,0,0,0,1,-3.760950906859808,0.0,1,0,10.0,0.0,0.806,1,4.01700019836426,0.999000012874603,1,1,1,0,1,0,0,0,0,0,0,1,1,1,0,0,0,0,0,0.799806965,1,0.073617114,0.750750204
G_C_11113679_Ala_501_Ala,501.0,0,0,1,0,0,0,0,,0.0,1,0,10.0,0.0,,0,-2.4210000038147,0.0,1,1,1,0,1,0,0,0,0,0,0,1,1,1,0,0,0,0,0,0.750594557,1,0.118219562,0.709317371
T_C_11113682_Asp_502_Asp,502.0,0,0,1,0,0,0,0,,0.0,1,0,10.0,0.0,,0,-0.116999998688698,0.0010000000474974,1,1,1,0,1,0,0,0,0,0,0,1,1,1,0,0,0,0,0,,0,,
A_A_11113683_Val_506_fs,506.0,1,0,0,1,0,0,0,,,0,0,10.0,0.0,,0,,,0,0,1,1,1,0,0,0,0,0,0,1,1,1,-47,0,0,0,0,,0,,
C_A_11113685_Thr_503_Thr,503.0,0,0,1,0,0,0,1,-4.297741836837906,0.0,1,0,10.0,0.0,,0,-0.395999997854233,0.0020000000949949,1,1,1,0,1,0,0,0,0,0,0,1,1,1,0,0,0,0,0,1.026014378,1,0.066701867,0.352953105
A_T_11113686_Lys_504_Ter,504.0,1,0,0,0,0,0,0,,0.02,1,0,10.0,0.0,,0,2.01699995994568,0.945999979972839,1,1,1,1,1,0,1,0,0,0,0,1,1,1,0,0,0,0,0,0.201593618,1,0.094779085,0.628693326
G_G_11113690_<NA>_<NA>_<NA>,,1,0,0,0,1,0,0,,,0,0,10.0,0.0,,0,,,0,0,1,0,1,0,0,0,0,0,1,0,0,1,-409,0,0,0,0,,0,,
C_C_11113691_Val_506_fs,506.0,1,0,0,1,0,0,0,,,0,0,10.0,0.0,,0,,,0,0,1,1,1,0,0,0,0,0,0,1,1,1,1,0,0,0,0,,0,,
C_T_11113691_Gly_505_Gly,505.0,0,0,1,0,0,0,1,-3.760950906859808,0.01,1,0,10.0,0.0,,0,-4.69199991226196,0.0,1,1,1,0,1,0,0,0,0,0,0,1,1,1,0,0,0,0,0,0.847602895,1,0.060949878,0.487599025
G_A_11113694_Val_506_Val,506.0,0,0,1,0,0,0,0,,0.0,1,0,10.0,0.0,,0,0.171000003814697,0.006000000052154,1,1,1,0,1,0,0,0,0,0,0,1,1,1,0,0,0,0,0,0.94310726,1,0.074985784,0.59988627
A_C_11113696_Lys_507_Thr,507.0,1,1,0,0,0,0,1,-6.046095406586541,0.0,1,0,10.0,0.0,0.754,1,1.50499999523163,0.985000014305115,1,1,1,0,1,0,0,0,0,0,0,1,1,1,0,0,0,0,0,1.050146968,1,0.075792362,0.401055482
A_C_11113698_Arg_508_fs,508.0,1,0,0,1,0,0,0,,,0,0,10.0,0.0,,0,3.81500005722046,1.0,1,1,1,1,1,0,0,0,0,0,0,1,1,1,5,0,0,0,0,,0,,
G_A_11113700_Arg_508_Arg,508.0,0,0,1,0,0,0,0,,0.0,1,0,10.0,0.0,,0,0.354000002145767,0.995999991893768,1,1,1,0,1,0,0,0,0,0,0,1,1,1,0,0,0,0,0,0.941263848,1,0.047457681,0.251122445
A_G_11113701_Lys_509_Glu,509.0,1,1,0,0,0,0,0,,0.0,1,0,10.0,0.0,0.867,1,7.18200016021729,1.0,1,1,1,0,1,0,0,0,0,0,0,1,1,1,0,0,0,0,0,0.581627213,1,0.29178135,1.429430846
A_G_11113703_Lys_509_Lys,509.0,0,0,1,0,0,0,1,-5.568958054664114,0.0,1,0,10.0,0.0,,0,-0.0329999998211861,0.705999970436096,1,1,1,0,1,0,0,0,0,0,0,1,1,1,0,0,0,0,0,0.897681092,1,0.119465338,0.675798005
A_A_11113704_Thr_510_fs,510.0,1,0,0,1,0,0,0,,,0,0,10.0,0.0,,0,4.07399988174438,0.999000012874603,1,1,1,1,1,0,0,0,0,0,0,1,1,1,-1,0,0,0,0,,0,,
C_C_11113705_Leu_511_fs,511.0,1,0,0,1,0,0,0,,,0,0,10.0,0.0,,0,-4.61800003051758,0.0,1,1,1,1,1,0,0,0,0,0,0,1,1,1,-1,0,0,0,0,,0,,
G_A_11113706_Thr_510_Thr,510.0,0,0,1,0,0,0,1,-3.2943073034622965,0.0,1,0,10.0,0.0,,0,-4.61800003051758,0.0,1,1,1,0,1,0,0,0,0,0,0,1,1,1,0,0,0,0,0,1.088628975,1,0.116405752,0.520582349
G_G_11113706_Leu_511_fs,511.0,1,0,0,1,0,0,0,,,0,0,10.0,0.0,,0,,,0,0,1,1,1,0,0,0,0,0,0,1,1,1,2,0,0,0,0,,0,,
T_C_11113708_Leu_511_Ser,511.0,1,1,0,0,0,0,0,,0.0,1,0,10.0,0.0,0.866,1,7.83699989318848,0.996999979019165,1,1,1,0,1,0,0,0,0,0,0,1,1,1,0,0,0,0,0,0.097008478,1,0.076236699,0.590526934
T_G_11113708_Leu_511_Ter,511.0,1,0,0,0,0,0,0,,0.0,1,0,10.0,0.0,,0,7.83699989318848,0.996999979019165,1,1,1,1,1,0,1,0,0,0,0,1,1,1,0,0,0,0,0,0.184163231,1,0.385245946,1.089640082
T_T_11113708_Phe_512_fs,512.0,1,0,0,1,0,0,0,,,0,0,10.0,0.0,,0,,,0,0,1,1,1,0,0,0,0,0,0,1,1,1,1,0,0,0,0,,0,,
A_G_11113709_Leu_511_Leu,511.0,0,0,1,0,0,0,0,,0.0,1,0,10.0,0.0,,0,-1.94000005722046,0.0,1,1,1,0,1,0,0,0,0,0,0,1,1,1,0,0,0,0,0,0.990129348,1,0.050781676,0.287264539
G_T_11113716_Glu_514_Ter,514.0,1,0,0,0,0,0,0,,0.91,1,0,10.0,0.0,,0,0.123999997973442,0.0219999998807907,1,1,1,1,1,0,1,0,0,0,0,1,1,1,0,0,0,0,0,-0.043665592,1,0.055488706,0.221954824
C_T_11113721_Asn_515_Asn,515.0,0,0,1,0,0,0,1,-1.6852903070448264,0.0,1,0,10.0,0.0,,0,0.112999998033047,0.925000011920929,1,1,1,0,1,0,0,0,0,0,0,1,1,1,0,0,0,0,0,1.095441237,1,0.05929743,0.355784578
G_G_11113722_Ser_517_fs,517.0,1,0,0,1,0,0,0,,,0,0,10.0,0.0,,0,,,0,0,1,1,1,0,0,0,0,0,0,1,1,1,-7,0,0,0,0,,0,,
C_T_11113724_Gly_516_Gly,516.0,0,0,1,0,0,0,0,,0.0,1,0,10.0,0.0,,0,-0.488999992609024,0.0010000000474974,1,1,1,0,1,0,0,0,0,0,0,1,1,1,0,0,0,0,0,0.973485179,1,0.046734913,0.373879308
C_A_11113727_Ser_517_Ser,517.0,0,0,1,0,0,0,0,,0.0,1,0,10.0,0.0,,0,-1.5,0.0,1,1,1,0,1,0,0,0,0,0,0,1,1,1,0,0,0,0,0,1.024549664,1,0.097335475,0.515050923
C_T_11113727_Ser_517_Ser,517.0,0,0,1,0,0,0,1,-6.046095406586541,0.0,1,0,10.0,0.0,,0,-1.5,0.0,1,1,1,0,1,0,0,0,0,0,0,1,1,1,0,0,0,0,0,1.024549664,1,0.097335475,0.515050923
G_A_11113730_Lys_518_Lys,518.0,0,0,1,0,0,0,0,,0.0,1,0,10.0,0.0,,0,1.19000005722046,1.0,1,1,1,0,1,0,0,0,0,0,0,1,1,1,0,0,0,0,0,1.019839936,1,0.100965297,0.285572986
A_G_11113734_Arg_520_Gly,520.0,1,1,0,0,0,0,0,,0.0,1,0,10.0,0.0,0.772,1,0.819000005722046,0.163000002503395,1,1,1,0,1,0,0,0,0,0,0,1,1,1,0,0,0,0,0,0.790166017,1,0.069414797,0.57240908
G_T_11113737_Ala_521_Ser,521.0,1,1,0,0,0,0,0,,0.03,1,0,10.0,0.0,0.618,1,5.58799982070923,1.0,1,1,1,0,1,0,0,0,0,0,0,1,1,1,0,0,0,0,0,0.926852063,1,0.051501256,0.525211814
C_T_11113738_Ala_521_Val,521.0,1,1,0,0,0,0,1,-4.935916564036404,0.0,1,0,10.0,0.0,0.872,1,2.54399991035461,1.0,1,1,1,0,1,0,0,0,0,0,0,1,1,1,0,0,0,0,0,0.619062685,1,0.0620577,0.691045296
T_T_11113741_Ile_522_fs,522.0,1,0,0,1,0,0,0,,,0,0,10.0,0.0,,0,-0.537999987602234,0.108000002801418,1,1,1,1,1,0,0,0,0,0,0,1,1,1,-1,0,0,0,0,,0,,
C_T_11113742_Ile_522_Ile,522.0,0,0,1,0,0,0,1,-3.3825802532628235,0.0,1,0,10.0,0.0,,0,-0.537999987602234,0.108000002801418,1,1,1,0,1,0,0,0,0,0,0,1,1,1,0,0,0,0,0,1.065623033,1,0.052834304,0.422674428
C_C_11113742_Val_523_Asp,523.0,1,0,0,0,0,0,0,,,0,0,10.0,0.0,,0,,,0,0,1,0,1,0,0,0,0,0,0,1,1,1,-9,0,1,1,0,,0,,
G_A_11113743_Val_523_Met,523.0,1,1,0,0,0,0,1,-4.634699251362012,0.0,1,0,10.0,0.0,0.917,1,8.01799964904785,1.0,1,1,1,0,1,0,0,0,0,0,0,1,1,1,0,0,0,0,0,1.09872777,1,0.129996808,0.687878449
G_C_11113743_Val_523_Leu,523.0,1,1,0,0,0,0,1,-3.7155692661554807,0.0,1,0,10.0,0.0,0.904,1,8.01799964904785,1.0,1,1,1,0,1,0,0,0,0,0,0,1,1,1,0,0,0,0,0,1.004979136,1,0.033838564,0.370682894
G_G_11113743_Val_524_fs,524.0,1,0,0,1,0,0,0,,,0,0,10.0,0.0,,0,,,0,0,1,1,1,0,0,0,0,0,0,1,1,1,1,0,0,0,0,,0,,
G_T_11113743_Val_523_Leu,523.0,1,1,0,0,0,0,0,,0.0,1,0,10.0,0.0,0.904,1,8.01799964904785,1.0,1,1,1,0,1,0,0,0,0,0,0,1,1,1,0,0,0,0,0,1.004979136,1,0.033838564,0.370682894
G_G_11113745_Val_524_fs,524.0,1,0,0,1,0,0,0,,,0,0,10.0,0.0,,0,,,0,0,1,1,1,0,0,0,0,0,0,1,1,1,-2,0,0,0,0,,0,,
T_G_11113747_Val_524_Gly,524.0,1,1,0,0,0,0,0,,0.0,1,0,10.0,0.0,0.992,1,7.92000007629395,1.0,1,1,1,0,1,0,0,0,0,0,0,1,1,1,0,0,0,0,0,0.987443043,1,0.094086843,0.841538307
T_T_11113747_<NA>_<NA>_<NA>,,1,0,0,0,1,0,0,,,0,0,10.0,0.0,,0,,,0,0,1,0,1,0,0,0,0,0,1,1,0,1,-19,0,0,0,0,,0,,
A_T_11113750_Asp_525_Val,525.0,1,1,0,0,0,0,1,-6.045805748184137,0.0,1,0,10.0,0.0,0.963,1,9.21100044250488,1.0,1,1,1,0,1,0,0,0,0,0,0,1,1,1,0,0,0,0,0,0.914434684,1,0.063205402,1.179081489
T_C_11113751_Asp_525_Asp,525.0,0,0,1,0,0,0,0,,0.0,1,0,10.0,0.0,,0,-0.428999990224838,0.226999998092651,1,1,1,0,1,0,0,0,0,0,0,1,1,1,0,0,0,0,0,,0,,
T_C_11113760_His_528_His,528.0,0,0,1,0,0,0,0,,0.0,1,0,10.0,0.0,,0,-2.64100003242493,0.0,1,1,1,0,1,0,0,0,0,0,1,1,1,1,0,0,0,0,0,,0,,
G_A_11113763_<NA>_<NA>_<NA>,,1,0,0,0,0,0,1,-6.044456557540257,1.0,1,0,,,,0,9.64299964904785,1.0,1,1,,1,,,0,0,0,0,1,0,0,0,0,0,0,0,0,,0,,
G_C_11113763_<NA>_<NA>_<NA>,,1,0,0,0,0,0,1,-4.779630367548606,1.0,1,0,,,,0,9.64299964904785,1.0,1,1,,1,,,0,0,0,0,1,0,0,0,0,0,0,0,0,,0,,
G_T_11113763_<NA>_<NA>_<NA>,,1,0,0,0,0,0,0,,1.0,1,0,,,,0,9.64299964904785,1.0,1,1,,1,,,0,0,0,0,1,0,0,0,0,0,0,0,0,,0,,
T_A_11113764_<NA>_<NA>_<NA>,,1,0,0,0,0,0,0,,0.99,1,0,,,,0,5.97200012207031,1.0,1,1,,1,,,0,0,0,0,1,0,0,0,0,0,0,0,0,,0,,
T_C_11113764_<NA>_<NA>_<NA>,,1,0,0,0,0,0,0,,0.66,1,0,,,,0,5.97200012207031,1.0,1,1,,1,,,0,0,0,0,1,0,0,0,0,0,0,0,0,,0,,
C_G_11113771_<NA>_<NA>_<NA>,,0,0,0,0,1,0,0,,0.0,1,0,,,,0,-1.46399998664856,0.0,1,1,,0,,,0,0,0,0,0,0,0,0,0,0,0,0,0,,0,,
G_A_11113775_<NA>_<NA>_<NA>,,0,0,0,0,1,0,1,-4.133771752620353,0.0,1,0,,,,0,-0.230000004172325,0.0,1,1,,0,,,0,0,0,0,0,0,0,0,0,0,0,0,0,,0,,
G_A_11113778_<NA>_<NA>_<NA>,,0,0,0,0,1,0,1,-1.6258017420709172,0.01,1,0,,,,0,0.18299999833107,0.0,1,1,,0,,,0,0,0,0,0,0,0,0,0,0,0,0,0,,0,,
G_T_11113778_<NA>_<NA>_<NA>,,0,0,0,0,1,0,1,-4.412738150307466,0.01,1,0,,,,0,0.18299999833107,0.0,1,1,,0,,,0,0,0,0,0,0,0,0,0,0,0,0,0,,0,,
C_T_11113779_<NA>_<NA>_<NA>,,0,0,0,0,1,0,1,-3.870632404277015,0.01,1,0,,,,0,-1.22200000286102,0.0,1,1,,0,,,0,0,0,0,0,0,0,0,0,0,0,0,0,,0,,
G_A_11113781_<NA>_<NA>_<NA>,,0,0,0,0,1,0,1,-4.928854709548917,0.01,1,0,,,,0,-1.25399994850159,0.0,1,1,,0,,,0,0,0,0,0,0,0,0,0,0,0,0,0,,0,,
A_A_11113782_<NA>_<NA>_<NA>,,0,0,0,0,1,0,0,,,0,0,,,,0,,,0,0,,0,,,0,0,0,0,0,0,0,0,1,0,0,0,0,,0,,
A_G_11113815_<NA>_<NA>_<NA>,,0,0,0,0,1,0,1,-0.2848326421515421,0.02,1,0,,,,0,-1.05599999427795,0.0,1,1,,0,,,0,0,0,0,0,0,0,0,0,0,0,0,0,,0,,
A_G_11113916_<NA>_<NA>_<NA>,,0,0,0,0,1,0,1,-1.1104181978503762,0.0,1,0,,,,0,-0.578000009059906,0.0010000000474974,1,1,,0,,,0,0,0,0,0,0,0,0,0,0,0,0,0,,0,,
G_T_11116043_<NA>_<NA>_<NA>,,0,0,0,0,1,0,1,-5.069305612335465,0.01,1,0,,,,0,0.293999999761581,0.0,1,1,,0,,,0,0,0,0,0,0,0,0,0,0,0,0,0,,0,,
A_G_11116074_<NA>_<NA>_<NA>,,0,0,0,0,1,0,1,-4.648783654660658,0.0,1,0,,,,0,-2.95099997520447,0.0,1,1,,0,,,0,0,0,0,0,0,0,0,0,0,0,0,0,,0,,
C_A_11116077_<NA>_<NA>_<NA>,,0,0,0,0,1,0,1,-4.649170726417032,0.0,1,0,,,,0,0.758000016212463,0.0,1,1,,0,,,0,0,0,0,0,0,0,0,0,0,0,0,0,,0,,
C_T_11116083_<NA>_<NA>_<NA>,,0,0,0,0,1,0,1,-3.715794932298206,0.0,1,0,,,,0,-0.0410000011324883,0.0,1,1,,0,,,0,0,0,0,0,0,0,0,0,0,0,0,0,,0,,
C_T_11116084_<NA>_<NA>_<NA>,,0,0,0,0,1,0,1,-4.292941059372404,0.0,1,0,,,,0,-1.71800005435944,0.0,1,1,,0,,,0,0,0,0,0,0,0,0,0,0,0,0,0,,0,,
C_T_11116087_<NA>_<NA>_<NA>,,0,0,0,0,1,0,0,,0.0,1,0,,,,0,0.222000002861023,0.0,1,1,,0,,,0,0,0,0,1,0,0,0,0,0,0,0,0,,0,,
C_C_11116088_<NA>_<NA>_<NA>,,1,0,0,0,1,0,0,,,0,0,11.0,0.0,,0,,,0,0,0,0,1,0,0,0,0,0,1,1,0,1,-37,0,0,0,0,,0,,
C_T_11116090_<NA>_<NA>_<NA>,,0,0,0,0,1,0,1,-3.7155692661554807,0.0,1,0,,,,0,0.0040000001899898,0.0189999993890524,1,1,,0,,,0,0,0,0,1,0,0,0,0,0,0,0,0,,0,,
A_G_11116092_<NA>_<NA>_<NA>,,1,0,0,0,0,0,0,,1.0,1,0,,,,0,9.07400035858154,1.0,1,1,,1,,,0,0,0,0,1,0,0,0,0,0,0,0,0,,0,,
A_T_11116092_<NA>_<NA>_<NA>,,1,0,0,0,0,0,0,,1.0,1,0,,,,0,9.07400035858154,1.0,1,1,,1,,,0,0,0,0,1,0,0,0,0,0,0,0,0,,0,,
G_A_11116093_<NA>_<NA>_<NA>,,1,0,0,0,0,0,0,,1.0,1,0,,,,0,9.87399959564209,1.0,1,1,,1,,,0,0,0,0,1,0,0,0,0,0,0,0,0,,0,,
G_C_11116093_<NA>_<NA>_<NA>,,1,0,0,0,0,0,0,,1.0,1,0,,,,0,9.87399959564209,1.0,1,1,,1,,,0,0,0,0,1,0,0,0,0,0,0,0,0,,0,,
G_G_11116093_Phe_530_fs,530.0,1,0,0,1,0,0,0,,,0,0,11.0,0.0,,0,,,0,0,0,1,1,0,0,0,0,0,1,1,1,1,-5,0,0,0,0,,0,,
T_T_11116095_Met_531_Ile,531.0,1,0,0,0,0,0,0,,,0,0,11.0,0.0,,0,,,0,0,0,0,1,0,0,0,0,0,0,1,1,1,-36,0,1,1,0,,0,,
T_A_11116099_Met_531_Lys,531.0,1,1,0,0,0,0,1,-4.119987161633229,0.0,1,0,11.0,0.0,0.969,1,7.91699981689453,1.0,1,1,0,0,1,0,0,0,0,0,0,1,1,1,0,0,0,0,0,0.949843395,1,0.148936095,0.42125489
T_T_11116099_Met_531_fs,531.0,1,0,0,1,0,0,0,,,0,0,11.0,0.0,,0,4.52600002288818,1.0,1,1,0,1,1,0,0,0,0,0,0,1,1,1,-1,0,0,0,0,,0,,
T_T_11116101_Trp_533_fs,533.0,1,0,0,1,0,0,0,,,0,0,11.0,0.0,,0,,,0,0,0,1,1,0,0,0,0,0,0,1,1,1,2,0,0,0,0,,0,,
C_G_11116103_Tyr_532_Ter,532.0,1,0,0,0,0,0,0,,0.02,1,0,11.0,0.0,,0,3.28800010681152,1.0,1,1,0,1,1,0,1,0,0,0,0,1,1,1,0,0,0,0,0,0.032965147,1,0.037424538,0.224547228
T_A_11116104_Trp_533_Arg,533.0,1,1,0,0,0,0,0,,0.02,1,0,11.0,0.0,0.95,1,7.91699981689453,1.0,1,1,0,0,1,0,0,0,0,0,0,1,1,1,0,0,0,0,0,0.048666999,1,0.058902023,0.513495933
T_C_11116104_Trp_533_Arg,533.0,1,1,0,0,0,0,0,,0.0,1,0,11.0,0.0,0.95,1,7.91699981689453,1.0,1,1,0,0,1,0,0,0,0,0,0,1,1,1,0,0,0,0,0,0.048666999,1,0.058902023,0.513495933
G_A_11116105_Trp_533_Ter,533.0,1,0,0,0,0,0,0,,0.0,1,0,11.0,0.0,,0,9.87399959564209,1.0,1,1,0,1,1,0,1,0,0,0,0,1,1,1,0,0,0,0,0,0.118289873,1,0.279791374,1.769556024
G_A_11116106_Trp_533_Ter,533.0,1,0,0,0,0,0,1,-5.743522793758324,0.0,1,0,11.0,0.0,,0,9.87399959564209,1.0,1,1,0,1,1,0,1,0,0,0,0,1,1,1,0,0,0,0,0,0.118289873,1,0.279791374,1.769556024
G_T_11116106_Trp_533_Cys,533.0,1,1,0,0,0,0,0,,0.0,1,0,11.0,0.0,0.933,1,9.87399959564209,1.0,1,1,0,0,1,0,0,0,0,0,0,1,1,1,0,0,0,0,0,0.921661871,1,0.069473958,0.367621633
G_T_11116110_Asp_535_Tyr,535.0,1,1,0,0,0,0,1,-4.935542010773082,0.0,1,0,11.0,0.0,0.965,1,8.03400039672852,1.0,1,1,0,0,1,0,0,0,0,0,0,1,1,1,0,0,0,0,0,0.988006554,1,0.072509169,0.458588248
T_G_11116113_Trp_536_Gly,536.0,1,1,0,0,0,0,0,,0.0,1,0,11.0,0.0,0.888,1,7.91699981689453,1.0,1,1,0,0,1,0,0,0,0,0,0,1,1,1,0,0,0,0,0,1.065991052,1,0.052756851,0.459923561
T_T_11116113_Gly_537_fs,537.0,1,0,0,1,0,0,0,,,0,0,11.0,0.0,,0,9.87399959564209,1.0,1,1,0,1,1,0,0,0,0,0,0,1,1,1,-1,0,0,0,0,,0,,
G_A_11116114_Trp_536_Ter,536.0,1,0,0,0,0,0,1,-4.5241835869686815,0.01,1,0,11.0,0.0,,0,9.87399959564209,1.0,1,1,0,1,1,0,1,0,0,0,0,1,1,1,0,0,0,0,0,-0.011814789,1,0.04249458,0.350419287
G_T_11116116_Gly_537_Ter,537.0,1,0,0,0,0,0,0,,0.0,1,0,11.0,0.0,,0,9.87399959564209,1.0,1,1,0,1,1,0,1,0,0,0,0,1,1,1,0,0,0,0,0,-0.11619005,1,0.052629079,0.332855523
G_G_11116117_Thr_538_fs,538.0,1,0,0,1,0,0,0,,,0,0,11.0,0.0,,0,,,0,0,0,1,1,0,0,0,0,0,0,1,1,1,-10,0,0,0,0,,0,,
A_T_11116119_Thr_538_Ser,538.0,0,1,0,0,0,0,1,-6.045709238298873,0.0,1,0,11.0,0.0,0.537,1,1.02999997138977,0.0,1,1,0,0,1,0,0,0,0,0,0,1,1,1,0,0,0,0,0,1.026988401,1,0.038850333,0.439541345
T_T_11116121_Ala_540_fs,540.0,1,0,0,1,0,0,0,,,0,0,11.0,0.0,,0,-3.34899997711182,0.0,1,1,0,1,1,0,0,0,0,0,0,1,1,1,-1,0,0,0,0,,0,,
C_T_11116124_Pro_539_Pro,539.0,0,0,1,0,0,0,1,-0.5257837359237448,0.0,1,0,11.0,0.0,,0,-3.34899997711182,0.0,1,1,0,0,1,0,0,0,0,0,0,1,1,1,0,0,0,0,0,1.073626038,1,0.097221771,0.673572186
G_A_11116125_Ala_540_Thr,540.0,1,1,0,0,0,0,1,-4.458670422333307,0.0,1,0,11.0,0.0,0.888,1,7.9689998626709,1.0,1,1,0,0,1,0,0,0,0,0,0,1,1,1,0,0,0,0,0,0.958206696,1,0.054470751,0.326824505
G_T_11116125_Ala_540_Ser,540.0,1,1,0,0,0,0,0,,0.0,1,0,11.0,0.0,0.821,1,7.9689998626709,1.0,1,1,0,0,1,0,0,0,0,0,0,1,1,1,0,0,0,0,0,0.906533807,1,0.086943114,0.425932534
G_A_11116130_Lys_541_Lys,541.0,0,0,1,0,0,0,0,,0.0,1,0,11.0,0.0,,0,2.07299995422363,1.0,1,1,0,0,1,0,0,0,0,0,0,1,1,1,0,0,0,0,0,,0,,
T_G_11116132_Ile_542_Ser,542.0,1,1,0,0,0,0,0,,0.0,1,0,11.0,0.0,0.914,1,7.90399980545044,1.0,1,1,0,0,1,0,0,0,0,0,0,1,1,1,0,0,0,0,0,-0.029538962,1,0.073976959,0.553592868
C_A_11116133_Ile_542_Ile,542.0,0,0,1,0,0,0,0,,0.0,1,0,11.0,0.0,,0,0.606000006198883,0.999000012874603,1,1,0,0,1,0,0,0,0,0,0,1,1,1,0,0,0,0,0,1.059749118,1,0.074598398,0.471801693
C_T_11116133_Ile_542_Ile,542.0,0,0,1,0,0,0,0,,0.0,1,0,11.0,0.0,,0,0.606000006198883,0.999000012874603,1,1,0,0,1,0,0,0,0,0,0,1,1,1,0,0,0,0,0,1.059749118,1,0.074598398,0.471801693
C_C_11116133_Lys_543_fs,543.0,1,0,0,1,0,0,0,,,0,0,11.0,0.0,,0,,,0,0,0,1,1,0,0,0,0,0,0,1,1,1,-5,0,0,0,0,,0,,
A_A_11116134_Lys_543_Asn,543.0,1,0,0,0,0,0,0,,,0,0,11.0,0.0,,0,,,0,0,0,0,1,0,0,0,0,0,0,1,1,1,-24,0,1,1,1,,0,,
G_G_11116136_Gly_546_fs,546.0,1,0,0,1,0,0,0,,,0,0,11.0,0.0,,0,1.87399995326996,1.0,1,1,0,1,1,0,0,0,0,0,0,1,1,1,-1,0,0,0,0,,0,,
A_A_11116138_Gly_546_fs,546.0,1,0,0,1,0,0,0,,,0,0,11.0,0.0,,0,,,0,0,0,1,1,0,0,0,0,0,0,1,1,1,-2,0,0,0,0,,0,,
A_G_11116139_Lys_544_Lys,544.0,0,0,1,0,0,0,1,-4.832682665251824,0.0,1,0,11.0,0.0,,0,1.87399995326996,1.0,1,1,0,0,1,0,0,0,0,0,0,1,1,1,0,0,0,0,0,0.941884262,1,0.071058862,0.602954442
A_A_11116139_Gly_546_fs,546.0,1,0,0,1,0,0,0,,,0,0,11.0,0.0,,0,9.85700035095215,1.0,1,1,0,1,1,0,0,0,0,0,0,1,1,1,-1,0,0,0,0,,0,,
G_A_11116140_Gly_545_Arg,545.0,1,1,0,0,0,0,0,,0.0,1,0,11.0,0.0,0.666,1,1.62399995326996,1.0,1,1,0,0,1,0,0,0,0,0,0,1,1,1,0,0,0,0,0,0.335852852,1,0.059491301,0.662467097
G_C_11116140_Gly_545_Arg,545.0,1,1,0,0,0,0,0,,0.0,1,0,11.0,0.0,0.666,1,1.62399995326996,1.0,1,1,0,0,1,0,0,0,0,0,0,1,1,1,0,0,0,0,0,0.335852852,1,0.059491301,0.662467097
G_T_11116140_Gly_545_Trp,545.0,1,1,0,0,0,0,0,,0.0,1,0,11.0,0.0,0.673,1,1.62399995326996,1.0,1,1,0,0,1,0,0,0,0,0,0,1,1,1,0,0,0,0,0,0.968423802,1,0.055422675,0.470276995
G_A_11116141_Gly_545_Glu,545.0,1,1,0,0,0,0,1,-4.157640426669325,0.0,1,0,11.0,0.0,0.737,1,3.94700002670288,1.0,1,1,0,0,1,0,0,0,0,0,0,1,1,1,0,0,0,0,0,0.956281171,1,0.07205169,0.455694902
G_A_11116142_Gly_545_Gly,545.0,0,0,1,0,0,0,1,-3.760450279159527,0.0,1,0,11.0,0.0,,0,1.24600005149841,1.0,1,1,0,0,1,0,0,0,0,0,0,1,1,1,0,0,0,0,0,0.73951654,1,0.097613806,0.828280609
G_C_11116143_Gly_546_Arg,546.0,1,1,0,0,0,0,0,,0.0,1,0,11.0,0.0,0.844,1,9.85700035095215,1.0,1,1,0,0,1,0,0,0,0,0,0,1,1,1,0,0,0,0,0,1.046837452,1,0.038286247,0.306289973
G_A_11116144_Gly_546_Asp,546.0,1,1,0,0,0,0,1,-4.935916564036404,0.0,1,0,11.0,0.0,0.833,1,9.85700035095215,1.0,1,1,0,0,1,0,0,0,0,0,0,1,1,1,0,0,0,0,0,0.943936564,1,0.089532379,0.47376082
G_T_11116144_Gly_546_Val,546.0,1,1,0,0,0,0,1,-6.046047116768077,0.0,1,0,11.0,0.0,0.898,1,9.85700035095215,1.0,1,1,0,0,1,0,0,0,0,0,0,1,1,1,0,0,0,0,0,1.097132525,1,0.038671785,0.30937428
C_A_11116145_Gly_546_Gly,546.0,0,0,1,0,0,0,1,-4.598599459218456,0.0,1,0,11.0,0.0,,0,-0.823000013828278,0.003000000026077,1,1,0,0,1,0,0,0,0,0,0,1,1,1,0,0,0,0,0,1.007170146,1,0.057982327,0.556146943
C_T_11116145_Gly_546_Gly,546.0,0,0,1,0,0,0,1,-4.966978555317089,0.0,1,0,11.0,0.0,,0,-0.823000013828278,0.003000000026077,1,1,0,0,1,0,0,0,0,0,0,1,1,1,0,0,0,0,0,1.007170146,1,0.057982327,0.556146943
T_A_11116147_Leu_547_fs,547.0,1,0,0,1,0,0,0,,,0,0,11.0,0.0,,0,,,0,0,0,1,1,0,0,0,0,0,0,1,1,1,4,0,0,0,0,,0,,
G_T_11116148_Leu_547_Leu,547.0,0,0,1,0,0,0,0,,0.0,1,0,11.0,0.0,,0,1.89199995994568,1.0,1,1,0,0,1,0,0,0,0,0,0,1,1,1,0,0,0,0,0,0.714793807,1,0.070676031,0.74796481
A_G_11116150_Asn_548_Ser,548.0,1,1,0,0,0,0,0,,0.0,1,0,11.0,0.0,0.643,1,9.12600040435791,1.0,1,1,0,0,1,0,0,0,0,0,0,1,1,1,0,0,0,0,0,0.892258162,1,0.03938219,0.431410273
T_A_11116151_Asn_548_Lys,548.0,1,1,0,0,0,0,0,,0.05,1,0,11.0,0.0,0.492,1,-3.19199991226196,0.0,1,1,0,0,1,0,0,0,0,0,0,1,1,1,0,0,0,0,0,-0.07503488,1,0.055092559,0.365442697
T_G_11116151_Asn_548_Lys,548.0,1,1,0,0,0,0,0,,0.0,1,0,11.0,0.0,0.491,1,-3.19199991226196,0.0,1,1,0,0,1,0,0,0,0,0,0,1,1,1,0,0,0,0,0,-0.07503488,1,0.055092559,0.365442697
T_T_11116151_Gly_549_fs,549.0,1,0,0,1,0,0,0,,,0,0,11.0,0.0,,0,,,0,0,0,1,1,0,0,0,0,0,0,1,1,1,1,0,0,0,0,,0,,
G_C_11116152_Gly_549_Arg,549.0,1,1,0,0,0,0,0,,0.0,1,0,11.0,0.0,0.878,1,9.78800010681152,1.0,1,1,0,0,1,0,0,0,0,0,0,1,1,1,0,0,0,0,0,0.050106661,1,0.067943695,0.637368357
G_G_11116152_Gly_549_fs,549.0,1,0,0,1,0,0,0,,,0,0,11.0,0.0,,0,,,0,0,0,1,1,0,0,0,0,0,0,1,1,1,1,0,0,0,0,,0,,
G_A_11116153_Gly_549_Asp,549.0,1,1,0,0,0,0,1,-4.684239509334265,0.0,1,0,11.0,0.0,0.902,1,9.78800010681152,1.0,1,1,0,0,1,0,0,0,0,0,0,1,1,1,0,0,0,0,0,0.122141471,1,0.164041533,1.136513079
G_G_11116153_Val_550_fs,550.0,1,0,0,1,0,0,0,,,0,0,11.0,0.0,,0,,,0,0,0,1,1,0,0,0,0,0,0,1,1,1,1,0,0,0,0,,0,,
G_T_11116153_Gly_549_Val,549.0,1,1,0,0,0,0,0,,0.0,1,0,11.0,0.0,0.892,1,9.78800010681152,1.0,1,1,0,0,1,0,0,0,0,0,0,1,1,1,0,0,0,0,0,0.045884554,1,0.055141422,0.661697068
T_T_11116154_Val_550_fs,550.0,1,0,0,1,0,0,0,,,0,0,11.0,0.0,,0,3.90700006484985,0.978999972343445,1,1,0,1,1,0,0,0,0,0,0,1,1,1,-1,0,0,0,0,,0,,
T_T_11116156_Asp_551_fs,551.0,1,0,0,1,0,0,0,,,0,0,11.0,0.0,,0,8.00100040435791,1.0,1,1,0,1,1,0,0,0,0,0,0,1,1,1,-1,0,0,0,0,,0,,
C_T_11116160_Asp_551_Asp,551.0,0,0,1,0,0,0,1,-3.7142177262206055,0.0,1,0,11.0,0.0,,0,0.501999974250793,0.259999990463257,1,1,0,0,1,0,0,0,0,0,0,1,1,1,0,0,0,0,0,0.80461311,1,0.059212222,0.529610212
A_A_11116161_Ile_552_fs,552.0,1,0,0,1,0,0,0,,,0,0,11.0,0.0,,0,4.24900007247925,0.810999989509583,1,1,0,1,1,0,0,0,0,0,0,1,1,1,-1,0,0,0,0,,0,,
T_T_11116162_Tyr_553_fs,553.0,1,0,0,1,0,0,0,,,0,0,11.0,0.0,,0,-0.651000022888184,0.0,1,1,0,1,1,0,0,0,0,0,0,1,1,1,-1,0,0,0,0,,0,,
C_G_11116166_Tyr_553_Ter,553.0,1,0,0,0,0,0,0,,0.0,1,0,11.0,0.0,,0,-0.0390000008046627,0.0,1,1,0,1,1,0,1,0,0,0,0,1,1,1,0,0,0,0,0,-0.069787686,1,0.06171689,0.578955751
C_T_11116166_Tyr_553_Tyr,553.0,0,0,1,0,0,0,1,-3.6834006979061393,0.0,1,0,11.0,0.0,,0,-0.0390000008046627,0.0,1,1,0,0,1,0,0,0,0,0,0,1,1,1,0,0,0,0,0,0.388636545,1,0.112499881,0.711511721
C_A_11116166_Tyr_553_Ter,553.0,1,0,0,0,0,0,0,,,0,0,11.0,0.0,,0,,,0,0,0,1,1,0,1,0,0,0,0,1,1,1,6,0,1,0,1,,0,,
T_T_11116167_Ser_554_fs,554.0,1,0,0,1,0,0,0,,,0,0,11.0,0.0,,0,2.73200011253357,0.0379999987781048,1,1,0,1,1,0,0,0,0,0,0,1,1,1,-1,0,0,0,0,,0,,
C_A_11116168_Ser_554_Ter,554.0,1,0,0,0,0,0,0,,0.01,1,0,11.0,0.0,,0,2.73200011253357,0.0379999987781048,1,1,0,1,1,0,1,0,0,0,0,1,1,1,0,0,0,0,0,0.364227492,1,0.16631283,0.997876982
C_C_11116168_Thr_557_Ter,557.0,1,0,0,1,0,0,0,,,0,0,11.0,0.0,,0,,,0,0,0,1,1,0,0,0,0,0,0,1,1,1,8,0,1,0,1,,0,,
G_A_11116169_Ser_554_Ser,554.0,0,0,1,0,0,0,1,-4.617082864912469,0.0,1,0,11.0,0.0,,0,-1.05400002002716,0.0,1,1,0,0,1,0,0,0,0,0,0,1,1,1,0,0,0,0,0,1.029409418,1,0.045179389,0.383359829
T_C_11116171_Leu_555_Pro,555.0,1,1,0,0,0,0,0,,0.0,1,0,11.0,0.0,0.949,1,7.86299991607666,1.0,1,1,0,0,1,0,0,0,0,0,0,1,1,1,0,0,0,0,0,0.781247537,1,0.106608979,0.476769849
G_A_11116172_Leu_555_Leu,555.0,0,0,1,0,0,0,0,,0.0,1,0,11.0,0.0,,0,0.773000001907349,1.0,1,1,0,0,1,0,0,0,0,0,0,1,1,1,0,0,0,0,0,1.009513133,1,0.041927977,0.384276254
G_T_11116172_Leu_555_Leu,555.0,0,0,1,0,0,0,1,-4.316412682427233,0.0,1,0,11.0,0.0,,0,0.773000001907349,1.0,1,1,0,0,1,0,0,0,0,0,0,1,1,1,0,0,0,0,0,1.009513133,1,0.041927977,0.384276254
C_C_11116177_Glu_558_fs,558.0,1,0,0,1,0,0,0,,,0,0,11.0,0.0,,0,,,0,0,0,1,1,0,0,0,0,0,0,1,1,1,-2,0,0,0,0,,0,,
T_C_11116178_Thr_557_Thr,557.0,0,0,1,0,0,0,1,-3.839231438138872,0.0,1,0,11.0,0.0,,0,-3.38199996948242,0.0,1,1,0,0,1,0,0,0,0,0,0,1,1,1,0,0,0,0,0,1.121125879,1,0.106773675,0.640642047
T_G_11116178_Thr_557_Thr,557.0,0,0,1,0,0,0,0,,0.0,1,0,11.0,0.0,,0,-3.38199996948242,0.0,1,1,0,0,1,0,0,0,0,0,0,1,1,1,0,0,0,0,0,1.121125879,1,0.106773675,0.640642047
G_T_11116179_Glu_558_Ter,558.0,1,0,0,0,0,0,0,,0.0,1,0,11.0,0.0,,0,4.16699981689453,1.0,1,1,0,1,1,0,1,0,0,0,0,1,1,1,0,0,0,0,0,-0.068571765,1,0.040964293,0.216762666
G_G_11116179_Glu_558_fs,558.0,1,0,0,1,0,0,0,,,0,0,11.0,0.0,,0,,,0,0,0,1,1,0,0,0,0,0,0,1,1,1,-4,0,0,0,0,,0,,
T_T_11116187_Gln_561_fs,561.0,1,0,0,1,0,0,0,,,0,0,11.0,0.0,,0,,,0,0,0,1,1,0,0,0,0,0,0,1,1,1,1,0,0,0,0,,0,,
C_T_11116188_Gln_561_Ter,561.0,1,0,0,0,0,0,1,-4.935542010773082,0.03,1,0,11.0,0.0,,0,1.26699995994568,0.976000010967255,1,1,0,1,1,0,1,0,0,0,0,1,1,1,0,0,0,0,0,-0.152019209,1,0.040561111,0.362789608
A_A_11116189_Gln_561_fs,561.0,1,0,0,1,0,0,0,,,0,0,11.0,0.0,,0,1.25499999523163,1.0,1,1,0,1,1,0,0,0,0,0,0,1,1,1,-1,0,0,0,0,,0,,
G_A_11116190_Gln_561_Gln,561.0,0,0,1,0,0,0,1,-5.744004273277598,0.0,1,0,11.0,0.0,,0,1.25499999523163,1.0,1,1,0,0,1,0,0,0,0,0,0,1,1,1,0,0,0,0,0,,0,,
G_G_11116190_Pro_563_fs,563.0,1,0,0,1,0,0,0,,,0,0,11.0,0.0,,0,,,0,0,0,1,1,0,0,0,0,0,0,1,1,1,-8,0,0,0,0,,0,,
G_A_11116192_Trp_562_Ter,562.0,1,0,0,0,0,0,1,-4.935167780261426,0.01,1,0,11.0,0.0,,0,7.93800020217896,1.0,1,1,0,1,1,0,1,0,0,0,0,1,1,1,0,0,0,0,0,-0.100608908,1,0.153973614,0.754313578
G_A_11116193_Trp_562_Ter,562.0,1,0,0,0,0,0,1,,0.0,1,0,11.0,0.0,,0,9.87399959564209,1.0,1,1,0,1,1,0,1,0,0,0,0,1,1,1,0,0,0,0,0,-0.100608908,1,0.153973614,0.754313578
G_G_11116193_Asn_564_fs,564.0,1,0,0,1,0,0,0,,,0,0,11.0,0.0,,0,,,0,0,0,1,1,0,0,0,0,0,0,1,1,1,1,0,0,0,0,,0,,
G_T_11116193_Trp_562_fs,562.0,1,0,0,1,0,0,0,,,0,0,11.0,0.0,,0,,,0,0,0,1,1,0,0,0,0,0,0,1,1,1,-7,0,0,0,0,,0,,
C_T_11116194_Pro_563_Ser,563.0,1,1,0,0,0,0,0,,0.0,1,0,11.0,0.0,0.973,1,7.80600023269653,1.0,1,1,0,0,1,0,0,0,0,0,0,1,1,1,0,0,0,0,0,-0.138585155,1,0.084929723,0.537142729
C_G_11116196_Pro_563_Pro,563.0,0,0,1,0,0,0,0,,0.0,1,0,11.0,0.0,,0,0.0260000005364418,0.916000008583069,1,1,0,0,1,0,0,0,0,0,0,1,1,1,0,0,0,0,0,0.994877096,1,0.15043639,0.425498365
A_G_11116197_Asn_564_Asp,564.0,1,1,0,0,0,0,1,-6.044216071083088,0.0,1,0,11.0,0.0,0.885,1,9.20600032806396,1.0,1,1,0,0,1,0,0,0,0,0,0,1,1,1,0,0,0,0,0,0.335684179,1,0.241896973,1.185048307
A_C_11116198_Asn_564_Thr,564.0,1,1,0,0,0,0,0,,0.0,1,0,11.0,0.0,0.858,1,9.20600032806396,1.0,1,1,0,0,1,0,0,0,0,0,0,1,1,1,0,0,0,0,0,0.898481607,1,0.164727749,0.465920433
A_G_11116198_Asn_564_Ser,564.0,1,1,0,0,0,0,1,-4.121191067640795,0.0,1,0,11.0,0.0,0.766,1,9.20600032806396,1.0,1,1,0,0,1,0,0,0,0,0,0,1,1,1,0,0,0,0,0,0.904814613,1,0.055754779,0.315396658
T_C_11116199_Asn_564_Asn,564.0,0,0,1,0,0,0,1,-3.6838199011065473,0.0,1,0,11.0,0.0,,0,0.347000002861023,0.996999979019165,1,1,0,0,1,0,0,0,0,0,0,1,1,1,0,0,0,0,0,,0,,
T_T_11116199_Gly_565_fs,565.0,1,0,0,1,0,0,0,,,0,0,11.0,0.0,,0,,,0,0,0,1,1,0,0,0,0,0,0,1,1,1,-4,0,0,0,0,,0,,
G_A_11116200_Gly_565_Ser,565.0,1,1,0,0,0,0,1,-6.0435434165901,0.01,1,0,11.0,0.0,0.897,1,9.87399959564209,1.0,1,1,0,0,1,0,0,0,0,0,0,1,1,1,0,0,0,0,0,0.119362038,1,0.156532243,0.626128971
G_C_11116200_Gly_565_Arg,565.0,1,1,0,0,0,0,0,,0.0,1,0,11.0,0.0,0.975,1,9.87399959564209,1.0,1,1,0,0,1,0,0,0,0,0,0,1,1,1,0,0,0,0,0,0.833795581,1,0.048623533,0.168436858
G_T_11116200_Gly_565_Cys,565.0,1,1,0,0,0,0,0,,0.01,1,0,11.0,0.0,0.967,1,9.87399959564209,1.0,1,1,0,0,1,0,0,0,0,0,0,1,1,1,0,0,0,0,0,0.226509921,1,0.152663246,0.74789411
G_A_11116201_Gly_565_Asp,565.0,1,1,0,0,0,0,1,-6.043399411786823,0.0,1,0,11.0,0.0,0.951,1,9.87399959564209,1.0,1,1,0,0,1,0,0,0,0,0,0,1,1,1,0,0,0,0,0,1.160240395,1,0.072418551,0.204830594
G_C_11116201_Gly_565_Ala,565.0,1,1,0,0,0,0,1,-5.566230166075134,0.0,1,0,11.0,0.0,0.908,1,9.87399959564209,1.0,1,1,0,0,1,0,0,0,0,0,0,1,1,1,0,0,0,0,0,0.136688837,1,0.223974066,1.185159356
G_T_11116201_Gly_565_Val,565.0,1,1,0,0,0,0,0,,0.0,1,0,11.0,0.0,0.971,1,9.87399959564209,1.0,1,1,0,0,1,0,0,0,0,0,0,1,1,1,0,0,0,0,0,-0.037122984,1,0.309934618,1.239738473
C_G_11116205_Ile_566_Asn,566.0,1,1,0,0,0,0,0,,,0,0,11.0,0.0,,0,,,0,0,0,0,1,0,0,0,0,0,1,1,1,1,0,0,1,0,1,,0,,
C_C_11116208_Asp_569_fs,569.0,1,0,0,1,0,0,0,,,0,0,11.0,0.0,,0,,,0,0,0,1,1,0,0,0,0,0,0,1,1,1,4,0,0,0,0,,0,,
C_G_11116209_Leu_568_Val,568.0,1,1,0,0,0,0,1,-3.898940645091885,0.23,1,0,11.0,0.0,0.767,1,3.99900007247925,0.999000012874603,1,1,0,0,1,0,0,0,0,0,0,1,1,1,0,0,0,0,0,1.060917743,1,0.036424408,0.103023783
C_T_11116209_Leu_568_Leu,568.0,0,0,1,0,0,0,1,-4.316502682320189,0.0,1,0,11.0,0.0,,0,3.99900007247925,0.999000012874603,1,1,0,0,1,0,0,0,0,0,0,1,1,1,0,0,0,0,0,1.0058994,1,0.073113687,0.462411558
T_C_11116210_Leu_568_Pro,568.0,1,1,0,0,0,0,0,,0.0,1,0,11.0,0.0,0.907,1,7.91699981689453,1.0,1,1,0,0,1,0,0,0,0,0,1,1,1,1,0,0,0,0,0,0.778848232,1,0.106970546,0.302558393
A_G_11116211_Leu_568_Leu,568.0,0,0,1,0,0,0,1,-4.65033401590337,0.02,1,0,11.0,0.0,,0,-0.180999994277954,0.446000009775162,1,1,0,0,1,0,0,0,0,0,1,1,1,1,0,0,0,0,0,1.0058994,1,0.073113687,0.462411558
A_A_11116211_<NA>_<NA>_<NA>,,1,0,0,0,0,0,0,,,0,0,,,,0,9.87399959564209,1.0,1,1,,1,,,0,0,0,0,1,0,0,0,-1,0,0,0,0,,0,,
G_A_11116212_Asp_569_Asn,569.0,1,1,0,0,0,0,1,-6.040529297924893,0.14,1,0,11.0,0.0,0.869,1,9.87399959564209,1.0,1,1,0,0,1,0,0,0,0,0,1,1,1,1,0,0,0,0,0,1.049191627,1,0.147050796,0.415922459
G_A_11116213_<NA>_<NA>_<NA>,,1,0,0,0,0,0,1,-6.039719535563358,1.0,1,0,,,,0,9.87399959564209,1.0,1,1,,1,,,0,0,0,0,1,0,0,0,0,0,0,0,0,,0,,
G_C_11116213_<NA>_<NA>_<NA>,,1,0,0,0,0,0,0,,1.0,1,0,,,,0,9.87399959564209,1.0,1,1,,1,,,0,0,0,0,1,0,0,0,0,0,0,0,0,,0,,
G_T_11116213_<NA>_<NA>_<NA>,,1,0,0,0,0,0,0,,1.0,1,0,,,,0,9.87399959564209,1.0,1,1,,1,,,0,0,0,0,1,0,0,0,0,0,0,0,0,,0,,
T_C_11116214_<NA>_<NA>_<NA>,,1,0,0,0,0,0,0,,0.89,1,0,,,,0,7.91699981689453,1.0,1,1,,1,,,0,0,0,0,1,0,0,0,0,0,0,0,0,,0,,
T_T_11116214_<NA>_<NA>_<NA>,,1,0,0,0,1,0,0,,,0,0,,,,0,,,0,0,,0,,,0,0,0,0,1,0,0,0,1,0,0,0,0,,0,,
C_T_11116220_<NA>_<NA>_<NA>,,0,0,0,0,1,0,1,-4.355659901173677,0.0,1,0,,,,0,-2.94099998474121,0.0,1,1,,0,,,0,0,0,0,1,0,0,0,0,0,0,0,0,,0,,
G_A_11116221_<NA>_<NA>_<NA>,,0,0,0,0,1,0,1,-3.554863031286696,0.0,1,0,,,,0,-0.347000002861023,0.0,1,1,,0,,,0,0,0,0,0,0,0,0,0,0,0,0,0,,0,,
G_T_11116221_<NA>_<NA>_<NA>,,0,0,0,0,1,0,1,-4.212256228353533,0.0,1,0,,,,0,-0.347000002861023,0.0,1,1,,0,,,0,0,0,0,0,0,0,0,0,0,0,0,0,,0,,
G_T_11116225_<NA>_<NA>_<NA>,,0,0,0,0,1,0,1,-4.04774046340918,0.0,1,0,,,,0,0.335999995470047,0.0080000003799796,1,1,,0,,,0,0,0,0,0,0,0,0,0,0,0,0,0,,0,,
C_A_11116230_<NA>_<NA>_<NA>,,0,0,0,0,1,0,1,-2.413637776692134,0.0,1,0,,,,0,-0.73199999332428,0.0,1,1,,0,,,0,0,0,0,0,0,0,0,0,0,0,0,0,,0,,
C_T_11116231_<NA>_<NA>_<NA>,,0,0,0,0,1,0,1,-4.047546603576967,0.0,1,0,,,,0,-1.62000000476837,0.0,1,1,,0,,,0,0,0,0,0,0,0,0,0,0,0,0,0,,0,,
G_A_11116232_<NA>_<NA>_<NA>,,0,0,0,0,1,0,1,-2.474307475494989,0.0,1,0,,,,0,-0.754999995231628,0.0,1,1,,0,,,0,0,0,0,0,0,0,0,0,0,0,0,0,,0,,
G_C_11116232_<NA>_<NA>_<NA>,,0,0,0,0,1,0,0,,0.0,1,0,,,,0,-0.754999995231628,0.0,1,1,,0,,,0,0,0,0,0,0,0,0,0,0,0,0,0,,0,,
C_T_11116268_<NA>_<NA>_<NA>,,0,0,0,0,1,0,1,-0.3937261468300118,0.0,1,0,,,,0,-2.14499998092651,0.0,1,1,,0,,,0,0,0,0,0,0,0,0,0,0,0,0,0,,0,,
C_G_11116324_<NA>_<NA>_<NA>,,0,0,0,0,1,0,0,,0.0,1,0,,,,0,-0.88400000333786,0.0,1,1,,0,,,0,0,0,0,0,0,0,0,0,0,0,0,0,,0,,
C_T_11116394_<NA>_<NA>_<NA>,,0,0,0,0,1,0,1,-0.1821042428382045,0.0,1,0,,,,0,-2.44799995422363,0.0,1,1,,0,,,0,0,0,0,0,0,0,0,0,0,0,0,0,,0,,
C_T_11116421_<NA>_<NA>_<NA>,,0,0,0,0,1,0,1,-0.4286406072461604,0.0,1,0,,,,0,-0.321999996900558,0.0020000000949949,1,1,,0,,,0,0,0,0,0,0,0,0,0,0,0,0,0,,0,,
A_G_11116434_<NA>_<NA>_<NA>,,0,0,0,0,1,0,0,,0.01,1,0,,,,0,-0.36599999666214,0.0,1,1,,0,,,0,0,0,0,0,0,0,0,0,0,0,0,0,,0,,
A_T_11116559_<NA>_<NA>_<NA>,,0,0,0,0,1,0,0,,0.0,1,0,,,,0,0.177000001072884,0.0010000000474974,1,1,,0,,,0,0,0,0,0,0,0,0,0,0,0,0,0,,0,,
G_T_11116790_<NA>_<NA>_<NA>,,0,0,0,0,1,0,1,-0.3949105381184196,0.0,1,0,,,,0,-1.85399997234344,0.0,1,1,,0,,,0,0,0,0,0,0,0,0,0,0,0,0,0,,0,,
A_C_11116804_<NA>_<NA>_<NA>,,0,0,0,0,1,0,1,-0.1059055726773012,0.0,1,0,,,,0,-0.580999970436096,0.0,1,1,,0,,,0,0,0,0,0,0,0,0,0,0,0,0,0,,0,,
T_C_11116836_<NA>_<NA>_<NA>,,0,0,0,0,1,0,1,-6.046047116768077,0.0,1,0,,,,0,0.0329999998211861,0.0,1,1,,0,,,0,0,0,0,0,0,0,0,0,0,0,0,0,,0,,
C_C_11116837_<NA>_<NA>_<NA>,,0,0,0,0,1,0,1,-3.6345120151091,,0,0,,,,0,,,0,0,,0,,,0,0,0,0,0,0,0,0,-3,0,0,0,0,,0,,
A_G_11116845_<NA>_<NA>_<NA>,,0,0,0,0,1,0,1,-4.83238732727247,0.0,1,0,,,,0,-5.43200016021729,0.0,1,1,,0,,,0,0,0,0,0,0,0,0,0,0,0,0,0,,0,,
T_C_11116847_<NA>_<NA>_<NA>,,0,0,0,0,1,0,0,,0.01,1,0,,,,0,-1.32400000095367,0.0,1,1,,0,,,0,0,0,0,0,0,0,0,0,0,0,0,0,,0,,
G_A_11116849_<NA>_<NA>_<NA>,,0,0,0,0,1,0,1,-1.897566294318664,0.05,1,0,,,,0,-0.239999994635582,0.0,1,1,,0,,,0,0,0,0,0,0,0,0,0,0,0,0,0,,0,,
G_A_11116851_<NA>_<NA>_<NA>,,0,0,0,0,1,0,0,,0.02,1,0,,,,0,-0.254999995231628,0.0,1,1,,0,,,0,0,0,0,1,0,0,0,0,0,0,0,0,,0,,
G_T_11116851_<NA>_<NA>_<NA>,,0,0,0,0,1,0,0,,0.02,1,0,,,,0,-0.254999995231628,0.0,1,1,,0,,,0,0,0,0,1,0,0,0,0,0,0,0,0,,0,,
T_A_11116854_<NA>_<NA>_<NA>,,0,0,0,0,1,0,0,,0.04,1,0,,,,0,0.104000002145767,0.0,1,1,,0,,,0,0,0,0,1,0,0,0,0,0,0,0,0,,0,,
T_C_11116854_<NA>_<NA>_<NA>,,0,0,0,0,1,0,1,-5.444059562181489,0.0,1,0,,,,0,0.104000002145767,0.0,1,1,,0,,,0,0,0,0,1,0,0,0,0,0,0,0,0,,0,,
T_G_11116854_<NA>_<NA>_<NA>,,1,0,0,0,1,0,0,,,0,0,12.0,0.0,,0,,,0,0,0,0,1,0,0,0,0,0,1,1,0,1,-43,0,0,0,0,,0,,
A_C_11116857_<NA>_<NA>_<NA>,,1,0,0,0,0,0,0,,1.0,1,0,,,,0,7.35400009155273,1.0,1,1,,1,,,0,0,0,0,1,0,0,0,0,0,0,0,0,,0,,
A_G_11116857_<NA>_<NA>_<NA>,,1,0,0,0,0,0,0,,1.0,1,0,,,,0,7.35400009155273,1.0,1,1,,1,,,0,0,0,0,1,0,0,0,0,0,0,0,0,,0,,
A_T_11116857_<NA>_<NA>_<NA>,,1,0,0,0,0,0,0,,1.0,1,0,,,,0,7.35400009155273,1.0,1,1,,1,,,0,0,0,0,1,0,0,0,0,0,0,0,0,,0,,
G_A_11116858_<NA>_<NA>_<NA>,,1,0,0,0,0,0,1,-6.046095406586541,1.0,1,0,,,,0,8.0019998550415,1.0,1,1,,1,,,0,0,0,0,1,0,0,0,0,0,0,0,0,,0,,
G_C_11116858_<NA>_<NA>_<NA>,,1,0,0,0,0,0,0,,0.99,1,0,,,,0,8.0019998550415,1.0,1,1,,1,,,0,0,0,0,1,0,0,0,0,0,0,0,0,,0,,
G_T_11116858_<NA>_<NA>_<NA>,,1,0,0,0,0,0,1,-4.598771832501887,1.0,1,0,,,,0,8.0019998550415,1.0,1,1,,1,,,0,0,0,0,1,0,0,0,0,0,0,0,0,,0,,
A_T_11116859_Asp_569_Val,569.0,1,1,0,0,0,0,0,,0.08,1,0,12.0,0.0,0.923,1,9.19099998474121,1.0,1,1,0,0,1,0,0,0,0,0,1,1,1,1,0,0,0,0,0,0.759002095,1,0.05501174,0.364906603
C_T_11116863_Leu_570_Leu,570.0,0,0,1,0,0,0,1,-3.6176226965318863,0.0,1,0,12.0,0.0,,0,-0.096000000834465,0.0040000001899898,1,1,0,0,1,0,0,0,0,0,0,1,1,1,0,0,0,0,0,0.985216539,1,0.061588834,0.369533003
C_C_11116864_Leu_571_fs,571.0,1,0,0,1,0,0,0,,,0,0,12.0,0.0,,0,,,0,0,0,1,1,0,0,0,0,0,0,1,1,1,-5,0,0,0,0,,0,,
C_T_11116866_Leu_571_Leu,571.0,0,0,1,0,0,0,1,-4.0166895142058845,0.05,1,0,12.0,0.0,,0,-1.39800000190735,0.0,1,1,0,0,1,0,0,0,0,0,0,1,1,1,0,0,0,0,0,0.951976842,1,0.054922959,0.39605509
G_A_11116868_Ser_572_Asn,572.0,0,1,0,0,0,0,1,-5.744968836654449,0.02,1,0,12.0,0.0,0.242,1,2.93600010871887,0.948000013828278,1,1,0,0,1,0,0,0,0,0,0,1,1,1,0,0,0,0,0,0.890119511,1,0.251822854,0.71226259
G_A_11116868_Ser_572_fs,572.0,1,0,0,1,0,0,0,,,0,0,12.0,0.0,,0,,,0,0,0,1,1,0,0,0,0,0,0,1,1,1,-4,0,0,0,0,,0,,
T_C_11116869_Ser_572_Ser,572.0,0,0,1,0,0,0,0,,0.03,1,0,12.0,0.0,,0,-2.61500000953674,0.0,1,1,0,0,1,0,0,0,0,0,0,1,1,1,0,0,0,0,0,0.776077125,1,0.392669959,1.756073442
T_T_11116869_Gly_573_fs,573.0,1,0,0,1,0,0,0,,,0,0,12.0,0.0,,0,2.08100008964539,0.91100001335144,1,1,0,1,1,0,0,0,0,0,0,1,1,1,-1,0,0,0,0,,0,,
G_A_11116874_Arg_574_His,574.0,1,1,0,0,0,0,1,-3.951558196449596,0.02,1,0,12.0,0.0,0.971,1,8.00500011444092,1.0,1,1,0,0,1,0,0,0,0,0,0,1,1,1,0,0,0,0,0,0.717577227,1,0.162812485,0.460503248
C_T_11116875_Arg_574_Arg,574.0,0,0,1,0,0,0,1,-4.618704376996174,0.0,1,0,12.0,0.0,,0,-2.02699995040894,0.0,1,1,0,0,1,0,0,0,0,0,0,1,1,1,0,0,0,0,0,0.864127769,1,0.07481234,0.448874038
C_T_11116878_Leu_575_Leu,575.0,0,0,1,0,0,0,1,-0.8215986584662448,0.03,1,0,12.0,0.0,,0,-0.878000020980835,0.0979999974370003,1,1,0,0,1,0,0,0,0,0,0,1,1,1,0,0,0,0,0,0.968604978,1,0.052382066,0.37773245
T_T_11116879_Trp_577_Asp,577.0,1,0,0,0,0,0,0,,,0,0,12.0,0.0,,0,,,0,0,0,0,1,0,0,0,0,0,0,1,1,1,-9,0,1,1,0,,0,,
A_C_11116880_Tyr_576_Ser,576.0,1,1,0,0,0,0,0,,0.01,1,0,12.0,0.0,0.982,1,9.19099998474121,1.0,1,1,0,0,1,0,0,0,0,0,0,1,1,1,0,0,0,0,0,0.274993055,1,0.261138497,1.044553986
A_G_11116880_Tyr_576_Cys,576.0,1,1,0,0,0,0,1,-6.046095406586541,0.0,1,0,12.0,0.0,0.972,1,9.19099998474121,1.0,1,1,0,0,1,0,0,0,0,0,0,1,1,1,0,0,0,0,0,-0.227738073,1,0.145973353,0.412874991
C_G_11116881_Tyr_576_Ter,576.0,1,0,0,0,0,0,0,,0.05,1,0,12.0,0.0,,0,1.34899997711182,1.0,1,1,0,1,1,0,1,0,0,0,0,1,1,1,0,0,0,0,0,-0.045324114,1,0.173781856,0.851353747
T_A_11116882_Trp_577_Arg,577.0,1,1,0,0,0,0,0,,0.09,1,0,12.0,0.0,0.938,1,7.88199996948242,1.0,1,1,0,0,1,0,0,0,0,0,0,1,1,1,0,0,0,0,0,-0.033696224,1,0.199145553,0.689860431
T_C_11116882_Trp_577_Arg,577.0,1,1,0,0,0,0,1,-4.780939667551139,0.02,1,0,12.0,0.0,0.938,1,7.88199996948242,1.0,1,1,0,0,1,0,0,0,0,0,0,1,1,1,0,0,0,0,0,-0.033696224,1,0.199145553,0.689860431
T_G_11116882_Trp_577_Gly,577.0,1,1,0,0,0,0,0,,0.01,1,0,12.0,0.0,0.937,1,7.88199996948242,1.0,1,1,0,0,1,0,0,0,0,0,0,1,1,1,0,0,0,0,0,-0.055563102,1,0.119943045,0.79561215
G_A_11116883_Trp_577_Ter,577.0,1,0,0,0,0,0,1,-6.046095406586541,0.06,1,0,12.0,0.0,,0,9.82800006866455,1.0,1,1,0,1,1,0,1,0,0,0,0,1,1,1,0,0,0,0,0,-0.164469715,1,0.171004504,0.837747556
G_C_11116883_Trp_577_Ser,577.0,1,1,0,0,0,0,1,-5.744968836654449,0.02,1,0,12.0,0.0,0.933,1,9.82800006866455,1.0,1,1,0,0,1,0,0,0,0,0,0,1,1,1,0,0,0,0,0,-0.331561743,1,0.351436357,0.994012126
G_A_11116883_Trp_577_Ter,577.0,1,0,0,0,0,0,0,,,0,0,12.0,0.0,,0,,,0,0,0,1,1,0,1,0,0,0,0,1,1,1,0,0,0,0,0,-0.164469715,1,0.171004504,0.837747556
G_A_11116884_Trp_577_Ter,577.0,1,0,0,0,0,0,1,-3.683191247946978,0.03,1,0,12.0,0.0,,0,9.82800006866455,1.0,1,1,0,1,1,0,1,0,0,0,0,1,1,1,0,0,0,0,0,-0.164469715,1,0.171004504,0.837747556
G_T_11116884_Trp_577_Cys,577.0,1,1,0,0,0,0,0,,0.04,1,0,12.0,0.0,0.939,1,9.82800006866455,1.0,1,1,0,0,1,0,0,0,0,0,0,1,1,1,0,0,0,0,0,-0.1242283,1,0.218823803,0.978609795
G_A_11116888_Asp_579_Asn,579.0,1,1,0,0,0,0,0,,0.17,1,0,12.0,0.0,0.849,1,8.0019998550415,1.0,1,1,0,0,1,0,0,0,0,0,0,1,1,1,0,0,0,0,0,0.244082397,1,0.147028658,0.415859845
G_T_11116888_Asp_579_Tyr,579.0,1,1,0,0,0,0,0,,0.05,1,0,12.0,0.0,0.976,1,8.0019998550415,1.0,1,1,0,0,1,0,0,0,0,0,0,1,1,1,0,0,0,0,0,0.022835363,1,0.16937916,0.47907661
A_C_11116889_Asp_579_Ala,579.0,1,1,0,0,0,0,0,,0.08,1,0,12.0,0.0,0.974,1,7.36499977111816,1.0,1,1,0,0,1,0,0,0,0,0,0,1,1,1,0,0,0,0,0,-0.1052081,1,0.077408183,0.43788681
A_G_11116889_Asp_579_Gly,579.0,1,1,0,0,0,0,0,,0.08,1,0,12.0,0.0,0.97,1,7.36499977111816,1.0,1,1,0,0,1,0,0,0,0,0,0,1,1,1,0,0,0,0,0,0.000634034,1,0.107455403,0.429821612
A_A_11116889_Ser_580_fs,580.0,1,0,0,1,0,0,1,-6.046095406586541,,0,0,12.0,0.0,,0,2.07200002670288,1.0,1,1,0,1,1,0,0,0,0,0,0,1,1,1,-1,0,0,0,0,,0,,
A_T_11116889_Asp_579_fs,579.0,1,0,0,1,0,0,0,,,0,0,12.0,0.0,,0,,,0,0,0,1,1,0,0,0,0,0,0,1,1,1,-1,0,0,0,0,,0,,
C_C_11116890_Asp_579_Leu,579.0,1,0,0,0,0,0,0,,,0,0,12.0,0.0,,0,,,0,0,0,0,1,0,0,0,0,0,0,1,1,1,3,0,0,1,1,,0,,
C_G_11116890_Asp_579_Glu,579.0,1,1,0,0,0,0,0,,0.06,1,0,12.0,0.0,0.875,1,2.07200002670288,1.0,1,1,0,0,1,0,0,0,0,0,0,1,1,1,0,0,0,0,0,0.589729295,1,0.479123323,2.53528232
C_T_11116892_Ser_580_Phe,580.0,1,1,0,0,0,0,1,-6.046095406586541,0.01,1,0,12.0,0.0,0.907,1,7.79400014877319,1.0,1,1,0,0,1,0,0,0,0,0,0,1,1,1,0,0,0,0,0,-0.180980662,1,0.073911291,0.295645166
A_T_11116894_Lys_581_Ter,581.0,1,0,0,0,0,0,0,,0.07,1,0,12.0,0.0,,0,7.3730001449585,1.0,1,1,0,1,1,0,1,0,0,0,0,1,1,1,0,0,0,0,0,,0,,
C_C_11116897_Leu_582_fs,582.0,1,0,0,1,0,0,0,,,0,0,12.0,0.0,,0,,,0,0,0,1,1,0,0,0,0,0,0,1,1,1,1,0,0,0,0,,0,,
C_T_11116897_Leu_582_Phe,582.0,1,1,0,0,0,0,0,,0.11,1,0,12.0,0.0,0.77,1,1.29700005054474,1.0,1,1,0,0,1,0,0,0,0,0,0,1,1,1,0,0,0,0,0,1.005020352,1,0.151636899,0.428893919
C_C_11116897_Leu_582_fs,582.0,1,0,0,1,0,0,0,,,0,0,12.0,0.0,,0,,,0,0,0,1,1,0,0,0,0,0,0,1,1,1,-2,0,0,0,0,,0,,
T_C_11116898_Leu_582_Pro,582.0,1,1,0,0,0,0,1,-5.444059562181489,0.03,1,0,12.0,0.0,0.87,1,4.96099996566772,1.0,1,1,0,0,1,0,0,0,0,0,0,1,1,1,0,0,0,0,0,0.824510939,1,0.126849553,0.507398212
T_T_11116899_Ser_584_fs,584.0,1,0,0,1,0,0,0,,,0,0,12.0,0.0,,0,,,0,0,0,1,1,0,0,0,0,0,0,1,1,1,-5,0,0,0,0,,0,,
C_G_11116900_His_583_Asp,583.0,1,1,0,0,0,0,1,-6.046095406586541,0.04,1,0,12.0,0.0,0.798,1,6.03399991989136,1.0,1,1,0,0,1,0,0,0,0,0,0,1,1,1,0,0,0,0,0,-0.053821246,1,0.125431246,0.354773138
C_T_11116900_His_583_Tyr,583.0,1,1,0,0,0,0,1,-3.113622093241428,0.16,1,0,12.0,0.0,0.884,1,6.03399991989136,1.0,1,1,0,0,1,0,0,0,0,0,0,1,1,1,0,0,0,0,0,1.007424625,1,0.076895918,0.461375508
A_G_11116901_His_583_Arg,583.0,1,1,0,0,0,0,1,-4.935916564036404,0.03,1,0,12.0,0.0,0.819,1,6.21199989318848,1.0,1,1,0,0,1,0,0,0,0,0,0,1,1,1,0,0,0,0,0,1.026091287,1,0.154749029,0.437696352
C_A_11116902_His_583_Gln,583.0,1,1,0,0,0,0,0,,0.03,1,0,12.0,0.0,0.805,1,1.01800000667572,0.999000012874603,1,1,0,0,1,0,0,0,0,0,0,1,1,1,0,0,0,0,0,0.88719231,1,0.117214255,0.331531979
T_C_11116903_Ser_584_Pro,584.0,1,1,0,0,0,0,0,,0.04,1,0,12.0,0.0,0.86,1,2.2260000705719,0.999000012874603,1,1,0,0,1,0,0,0,0,0,0,1,1,1,0,0,0,0,0,,0,,
T_T_11116903_Ile_585_fs,585.0,1,0,0,1,0,0,0,,,0,0,12.0,0.0,,0,-0.691999971866608,0.0520000010728836,1,1,0,1,1,0,0,0,0,0,0,1,1,1,-1,0,0,0,0,,0,,
C_T_11116905_Ser_584_Ser,584.0,0,0,1,0,0,0,1,-5.444059562181489,0.18,1,0,12.0,0.0,,0,-0.691999971866608,0.0520000010728836,1,1,0,0,1,0,0,0,0,0,0,1,1,1,0,0,0,0,0,1.04724564,1,0.065118188,0.368364098
T_A_11116907_Ile_585_Asn,585.0,1,1,0,0,0,0,0,,0.05,1,0,12.0,0.0,0.833,1,6.17199993133545,1.0,1,1,0,0,1,0,0,0,0,0,0,1,1,1,0,0,0,0,0,0.042712012,1,0.197591511,0.55887319
T_C_11116907_Ile_585_Thr,585.0,1,1,0,0,0,0,1,-4.598771832501887,0.02,1,0,12.0,0.0,0.878,1,6.17199993133545,1.0,1,1,0,0,1,0,0,0,0,0,0,1,1,1,0,0,0,0,0,0.201673876,1,0.099450812,0.198901624
C_T_11116908_Ile_585_Ile,585.0,0,0,1,0,0,0,0,,0.19,1,0,12.0,0.0,,0,0.638999998569489,0.999000012874603,1,1,0,0,1,0,0,0,0,0,0,1,1,1,0,0,0,0,0,1.058765016,1,0.128160162,0.443959825
C_C_11116908_Ser_586_fs,586.0,1,0,0,1,0,0,0,,,0,0,12.0,0.0,,0,6.16599988937378,1.0,1,1,0,1,1,0,0,0,0,0,0,1,1,1,-1,0,0,0,0,,0,,
T_C_11116909_Ser_586_Pro,586.0,1,1,0,0,0,0,1,-5.744968836654449,0.04,1,0,12.0,0.0,0.915,1,6.16599988937378,1.0,1,1,0,0,1,0,0,0,0,0,0,1,1,1,0,0,0,0,0,0.4692191,1,0.103935737,0.415742948
C_A_11116910_Ser_586_Ter,586.0,1,0,0,0,0,0,0,,0.0,1,0,12.0,0.0,,0,4.05800008773804,1.0,1,1,0,1,1,0,1,0,0,0,0,1,1,1,0,0,0,0,0,0.117036284,1,0.132592044,0.375026932
C_G_11116910_Ser_586_Ter,586.0,1,0,0,0,0,0,0,,0.05,1,0,12.0,0.0,,0,4.05800008773804,1.0,1,1,0,1,1,0,1,0,0,0,0,1,1,1,0,0,0,0,0,0.117036284,1,0.132592044,0.375026932
C_C_11116910_Ser_587_fs,587.0,1,0,0,1,0,0,0,,,0,0,12.0,0.0,,0,3.54900002479553,1.0,1,1,0,1,1,0,0,0,0,0,0,1,1,1,-1,0,0,0,0,,0,,
A_G_11116911_Ser_586_Ser,586.0,0,0,1,0,0,0,0,,0.08,1,0,12.0,0.0,,0,0.985000014305115,1.0,1,1,0,0,1,0,0,0,0,0,0,1,1,1,0,0,0,0,0,1.00385112,1,0.049521611,0.198086444
C_T_11116914_Ser_587_Ser,587.0,0,0,1,0,0,0,1,-4.303905840004777,0.02,1,0,12.0,0.0,,0,0.277999997138977,0.916999995708466,1,1,0,0,1,0,0,0,0,0,0,1,1,1,0,0,0,0,0,1.045337719,1,0.060992923,0.243971693
C_T_11116917_Ile_588_Ile,588.0,0,0,1,0,0,0,1,-2.975514332300833,0.01,1,0,12.0,0.0,,0,-6.73699998855591,0.0,1,1,0,0,1,0,0,0,0,0,0,1,1,1,0,0,0,0,0,0.94524454,1,0.152983554,0.432702834
C_G_11116917_Ile_588_fs,588.0,1,0,0,1,0,0,0,,,0,0,12.0,0.0,,0,,,0,0,0,1,1,0,0,0,0,0,0,1,1,1,4,0,0,0,0,,0,,
G_G_11116918_Asp_589_fs,589.0,1,0,0,1,0,0,0,,,0,0,12.0,0.0,,0,3.40199995040894,0.982999980449677,1,1,0,1,1,0,0,0,0,0,0,1,1,1,-1,0,0,0,0,,0,,
G_G_11116918_Asp_589_fs,589.0,1,0,0,1,0,0,0,,,0,0,12.0,0.0,,0,,,0,0,0,1,1,0,0,0,0,0,0,1,1,1,-2,0,0,0,0,,0,,
T_C_11116920_Asp_589_Asp,589.0,0,0,1,0,0,0,1,-4.316412682427233,0.0,1,0,12.0,0.0,,0,-1.13999998569489,0.0020000000949949,1,1,0,0,1,0,0,0,0,0,0,1,1,1,0,0,0,0,0,,0,,
C_C_11116923_Asn_591_fs,591.0,1,0,0,1,0,0,0,,,0,0,12.0,0.0,,0,,,0,0,0,1,1,0,0,0,0,0,0,1,1,1,1,0,0,0,0,,0,,
C_C_11116926_Asn_594_fs,594.0,1,0,0,1,0,0,0,,,0,0,12.0,0.0,,0,,,0,0,0,1,1,0,0,0,0,0,0,1,1,1,1,0,0,0,0,,0,,
C_T_11116926_Asn_591_Asn,591.0,0,0,1,0,0,0,1,-0.3069769320763059,0.01,1,0,12.0,0.0,,0,-4.21799993515015,0.0,1,1,0,0,1,0,0,0,0,0,0,1,1,1,0,0,0,0,0,,0,,
C_C_11116926_Gly_593_fs,593.0,1,0,0,1,0,0,0,,,0,0,12.0,0.0,,0,2.31599998474121,0.0509999990463257,1,1,0,1,1,0,0,0,0,0,0,1,1,1,-1,0,0,0,0,,0,,
C_T_11116926_Gly_593_fs,593.0,1,0,0,1,0,0,0,,,0,0,12.0,0.0,,0,,,0,0,0,1,1,0,0,0,0,0,0,1,1,1,-1,0,0,0,0,,0,,
G_A_11116927_Gly_592_Arg,592.0,1,1,0,0,0,0,1,-4.236796699629228,0.06,1,0,12.0,0.0,0.951,1,9.85799980163574,1.0,1,1,0,0,1,0,0,0,0,0,0,1,1,1,0,0,0,0,0,0.890977595,1,0.112323704,0.317699412
G_A_11116928_Gly_592_Glu,592.0,1,1,0,0,0,0,1,-3.0178645051962305,0.0,1,0,12.0,0.0,0.938,1,8.00500011444092,1.0,1,1,0,0,1,0,0,0,0,0,0,1,1,1,0,0,0,0,0,0.985719854,1,0.144781085,0.409502749
G_T_11116928_Gly_592_Val,592.0,1,1,0,0,0,0,0,,0.01,1,0,12.0,0.0,0.94,1,8.00500011444092,1.0,1,1,0,0,1,0,0,0,0,0,0,1,1,1,0,0,0,0,0,1.042987029,1,0.046820448,0.132428226
G_C_11116929_Gly_592_Gly,592.0,0,0,1,0,0,0,0,,0.0,1,0,12.0,0.0,,0,-3.15700006484985,0.0,1,1,0,0,1,0,0,0,0,0,0,1,1,1,0,0,0,0,0,0.959874278,1,0.078957627,0.315830508
G_T_11116929_Gly_592_Gly,592.0,0,0,1,0,0,0,1,-4.832682665251824,0.01,1,0,12.0,0.0,,0,-3.15700006484985,0.0,1,1,0,0,1,0,0,0,0,0,0,1,1,1,0,0,0,0,0,0.959874278,1,0.078957627,0.315830508
G_G_11116931_Asn_594_fs,594.0,1,0,0,1,0,0,1,-4.598771832501887,,0,0,12.0,0.0,,0,-2.14000010490417,0.0,1,1,0,1,1,0,0,0,0,0,0,1,1,1,-1,0,0,0,0,,0,,
C_A_11116932_Gly_593_Gly,593.0,0,0,1,0,0,0,1,-6.046095406586541,0.0,1,0,12.0,0.0,,0,-2.14000010490417,0.0,1,1,0,0,1,0,0,0,0,0,0,1,1,1,0,0,0,0,0,0.950307768,1,0.051500528,0.341615854
C_T_11116935_Asn_594_Asn,594.0,0,0,1,0,0,0,0,,0.01,1,0,12.0,0.0,,0,0.0189999993890524,0.0010000000474974,1,1,0,0,1,0,0,0,0,0,0,1,1,1,0,0,0,0,0,0.571697466,1,0.157734879,0.630939515
C_C_11116935_Arg_595_fs,595.0,1,0,0,1,0,0,1,-5.744968836654449,,0,0,12.0,0.0,,0,,,0,0,0,1,1,0,0,0,0,0,0,1,1,1,-7,0,0,0,0,,0,,
C_A_11116936_Arg_595_Arg,595.0,0,0,1,0,0,0,0,,0.03,1,0,12.0,0.0,,0,0.486999988555908,0.0579999983310699,1,1,0,0,1,0,0,0,0,0,0,1,1,1,0,0,0,0,0,0.940855832,1,0.138819624,0.555278497
C_C_11116936_Lys_596_fs,596.0,1,0,0,1,0,0,0,,,0,0,12.0,0.0,,0,,,0,0,0,1,1,0,0,0,0,0,0,1,1,1,1,0,0,0,0,,0,,
C_T_11116936_Arg_595_Trp,595.0,1,1,0,0,0,0,1,-3.319301970302365,0.01,1,0,12.0,0.0,0.89,1,0.486999988555908,0.0579999983310699,1,1,0,0,1,0,0,0,0,0,0,1,1,1,0,0,0,0,0,0.978793085,1,0.066443346,0.420224616
G_A_11116937_Arg_595_Gln,595.0,1,1,0,0,0,0,1,-3.5485205948751384,0.01,1,0,12.0,0.0,0.956,1,7.97300004959106,1.0,1,1,0,0,1,0,0,0,0,0,0,1,1,1,0,0,0,0,0,0.554815006,1,0.248665073,1.112064014
G_T_11116937_Arg_595_Leu,595.0,1,1,0,0,0,0,0,,0.01,1,0,12.0,0.0,0.959,1,7.97300004959106,1.0,1,1,0,0,1,0,0,0,0,0,0,1,1,1,0,0,0,0,0,0.937184327,1,0.054912962,0.465951931
A_T_11116939_Lys_596_Ter,596.0,1,0,0,0,0,0,0,,0.05,1,0,12.0,0.0,,0,5.60300016403198,1.0,1,1,0,1,1,0,1,0,0,0,0,1,1,1,0,0,0,0,0,-0.00512376,1,0.150666652,0.738112837
G_G_11116941_Thr_597_fs,597.0,1,0,0,1,0,0,0,,,0,0,12.0,0.0,,0,2.93099999427795,0.116999998688698,1,1,0,1,1,0,0,0,0,0,0,1,1,1,-1,0,0,0,0,,0,,
C_T_11116944_Thr_597_Thr,597.0,0,0,1,0,0,0,1,-4.70377371273884,0.02,1,0,12.0,0.0,,0,-5.99200010299683,0.0,1,1,0,0,1,0,0,0,0,0,0,1,1,1,0,0,0,0,0,0.986326595,1,0.050399217,0.349176018
A_A_11116945_Leu_599_fs,599.0,1,0,0,1,0,0,0,,,0,0,12.0,0.0,,0,,,0,0,0,1,1,0,0,0,0,0,0,1,1,1,-2,0,0,0,0,,0,,
T_T_11116946_Ile_598_fs,598.0,1,0,0,1,0,0,0,,,0,0,12.0,0.0,,0,,,0,0,0,1,1,0,0,0,0,0,0,1,1,1,-4,0,0,0,0,,0,,
T_C_11116948_Leu_599_Leu,599.0,0,0,1,0,0,0,0,,0.0,1,0,12.0,0.0,,0,-0.24099999666214,0.0,1,1,0,0,1,0,0,0,0,0,0,1,1,1,0,0,0,0,0,1.020903499,1,0.152042419,0.430040903
T_C_11116949_Leu_599_Ser,599.0,1,1,0,0,0,0,1,-5.444059562181489,0.01,1,0,12.0,0.0,0.779,1,6.07100009918213,0.926999986171722,1,1,0,0,1,0,0,0,0,0,0,1,1,1,0,0,0,0,0,0.95531547,1,0.098266154,0.393064616
G_T_11116951_Glu_600_Ter,600.0,1,0,0,0,0,0,0,,0.07,1,0,12.0,0.0,,0,1.15900003910065,0.0549999997019768,1,1,0,1,1,0,1,0,0,0,0,1,1,1,0,0,0,0,0,-0.192699827,1,0.126243547,0.504974187
G_A_11116953_Glu_600_Glu,600.0,0,0,1,0,0,0,0,,0.02,1,0,12.0,0.0,,0,0.0120000001043081,0.0570000000298023,1,1,0,0,1,0,0,0,0,0,0,1,1,1,0,0,0,0,0,,0,,
G_C_11116954_Asp_601_His,601.0,1,1,0,0,0,0,1,-4.650528200785614,0.01,1,0,12.0,0.0,0.605,1,2.73799991607666,0.99099999666214,1,1,0,0,1,0,0,0,0,0,0,1,1,1,0,0,0,0,0,1.058873524,1,0.163918556,0.463631691
G_G_11116954_Asp_601_fs,601.0,1,0,0,1,0,0,0,,,0,0,12.0,0.0,,0,,,0,0,0,1,1,0,0,0,0,0,0,1,1,1,1,0,0,0,0,,0,,
G_T_11116954_Asp_601_Tyr,601.0,1,1,0,0,0,0,0,,0.47,1,0,12.0,0.0,0.666,1,2.73799991607666,0.99099999666214,1,1,0,0,1,0,0,0,0,0,0,1,1,1,0,0,0,0,0,0.864918525,1,0.133473391,0.37751976
A_T_11116955_Asp_601_Val,601.0,1,1,0,0,0,0,0,,0.25,1,0,12.0,0.0,0.746,1,4.12599992752075,0.99099999666214,1,1,0,0,1,0,0,0,0,0,0,1,1,1,0,0,0,0,0,0.823176728,1,0.05823286,0.285281585
T_C_11116956_Asp_601_Asp,601.0,0,0,1,0,0,0,1,-4.780939667551139,0.01,1,0,12.0,0.0,,0,-1.24899995326996,0.0,1,1,0,0,1,0,0,0,0,0,0,1,1,1,0,0,0,0,0,,0,,
G_G_11116957_Arg_604_fs,604.0,1,0,0,1,0,0,0,,,0,0,12.0,0.0,,0,,,0,0,0,1,1,0,0,0,0,0,0,1,1,1,1,0,0,0,0,,0,,
G_T_11116957_Glu_602_Ter,602.0,1,0,0,0,0,0,0,,0.03,1,0,12.0,0.0,,0,-0.0280000008642673,0.0,1,1,0,1,1,0,1,0,0,0,0,1,1,1,0,0,0,0,0,-0.266068113,1,0.229301454,1.123343119
G_G_11116957_Lys_603_fs,603.0,1,0,0,1,0,0,0,,,0,0,12.0,0.0,,0,,,0,0,0,1,1,0,0,0,0,0,0,1,1,1,-2,0,0,0,0,,0,,
A_T_11116960_Lys_603_Ter,603.0,1,0,0,0,0,0,0,,0.04,1,0,12.0,0.0,,0,0.129999995231628,0.0,1,1,0,1,1,0,1,0,0,0,0,1,1,1,0,0,0,0,0,-0.100438052,1,0.192436613,0.544292935
A_A_11116960_Arg_604_fs,604.0,1,0,0,1,0,0,0,,,0,0,12.0,0.0,,0,,,0,0,0,1,1,0,0,0,0,0,0,1,1,1,-2,0,0,0,0,,0,,
G_A_11116962_Lys_603_Lys,603.0,0,0,1,0,0,0,0,,0.02,1,0,12.0,0.0,,0,-1.64300000667572,0.0,1,1,0,0,1,0,0,0,0,0,0,1,1,1,0,0,0,0,0,,0,,
G_C_11116962_Lys_603_Asn,603.0,0,1,0,0,0,0,0,,0.04,1,0,12.0,0.0,0.283,1,-1.64300000667572,0.0,1,1,0,0,1,0,0,0,0,0,0,1,1,1,0,0,0,0,0,0.994594118,1,0.153909893,0.435322917
G_C_11116964_Arg_604_fs,604.0,1,0,0,1,0,0,0,,,0,0,12.0,0.0,,0,-0.0939999967813492,0.0,1,1,0,1,1,0,0,0,0,0,0,1,1,1,1,0,0,0,0,,0,,
G_A_11116965_Arg_604_Arg,604.0,0,0,1,0,0,0,0,,0.01,1,0,12.0,0.0,,0,-0.142000004649162,0.0270000007003546,1,1,0,0,1,0,0,0,0,0,0,1,1,1,0,0,0,0,0,1.064650637,1,0.153948895,0.435433231
G_G_11116965_Ala_606_fs,606.0,1,0,0,1,0,0,0,,,0,0,12.0,0.0,,0,,,0,0,0,1,1,0,0,0,0,0,0,1,1,1,-11,0,0,0,0,,0,,
C_T_11116966_Leu_605_Leu,605.0,1,0,1,0,0,0,1,-5.568958054664114,0.99,1,0,12.0,0.0,,0,4.01399993896484,0.996999979019165,1,1,0,0,1,0,0,0,0,0,0,1,1,1,0,0,0,0,0,1.062572254,1,0.085680733,0.419748151
T_C_11116967_Leu_605_Pro,605.0,1,1,0,0,0,0,0,,0.01,1,0,12.0,0.0,0.943,1,4.11100006103516,0.999000012874603,1,1,0,0,1,0,0,0,0,0,0,1,1,1,0,0,0,0,0,0.8212156,1,0.080251539,0.453971257
C_G_11116971_Ala_606_Ala,606.0,0,0,1,0,0,0,0,,0.02,1,0,12.0,0.0,,0,-4.94399976730347,0.0,1,1,0,0,1,0,0,0,0,0,0,1,1,1,0,0,0,0,0,0.939448677,1,0.156787881,0.443463095
A_G_11116973_His_607_Arg,607.0,1,1,0,0,0,0,0,,0.01,1,0,12.0,0.0,0.974,1,7.28999996185303,1.0,1,1,0,0,1,0,0,0,0,0,0,1,1,1,0,0,0,0,0,0.908398273,1,0.101900298,0.407601192
A_A_11116973_Phe_609_fs,609.0,1,0,0,1,0,0,0,,,0,0,12.0,0.0,,0,0.0970000028610229,0.944000005722046,1,1,0,1,1,0,0,0,0,0,0,1,1,1,-1,0,0,0,0,,0,,
C_T_11116974_His_607_His,607.0,0,0,1,0,0,0,0,,0.0,1,0,12.0,0.0,,0,0.303999990224838,0.989000022411346,1,1,0,0,1,0,0,0,0,0,0,1,1,1,0,0,0,0,0,1.004182767,1,0.052855636,0.149498315
C_A_11116975_Pro_608_Thr,608.0,1,1,0,0,0,0,0,,0.02,1,0,12.0,0.0,0.971,1,7.74700021743774,1.0,1,1,0,0,1,0,0,0,0,0,0,1,1,1,0,0,0,0,0,0.930624301,1,0.135255239,0.382559587
C_T_11116975_Pro_608_Ser,608.0,1,1,0,0,0,0,1,-4.832682665251824,0.02,1,0,12.0,0.0,0.97,1,7.74700021743774,1.0,1,1,0,0,1,0,0,0,0,0,0,1,1,1,0,0,0,0,0,1.007349992,1,0.066566233,0.421001822
C_A_11116976_Pro_608_His,608.0,1,1,0,0,0,0,0,,0.03,1,0,12.0,0.0,0.962,1,6.63000011444092,1.0,1,1,0,0,1,0,0,0,0,0,0,1,1,1,0,0,0,0,0,-0.047749724,1,0.144930153,0.409924375
C_G_11116976_Pro_608_Arg,608.0,1,1,0,0,0,0,1,-6.046095406586541,0.04,1,0,12.0,0.0,0.973,1,6.63000011444092,1.0,1,1,0,0,1,0,0,0,0,0,0,1,1,1,0,0,0,0,0,-0.105910849,1,0.251662729,1.59165485
C_T_11116976_Pro_608_Leu,608.0,1,1,0,0,0,0,0,,0.03,1,0,12.0,0.0,0.95,1,6.63000011444092,1.0,1,1,0,0,1,0,0,0,0,0,0,1,1,1,0,0,0,0,0,0.774438951,1,0.07877135,0.385899228
C_A_11116977_Pro_608_Pro,608.0,0,0,1,0,0,0,0,,0.03,1,0,12.0,0.0,,0,0.0970000028610229,0.944000005722046,1,1,0,0,1,0,0,0,0,0,0,1,1,1,0,0,0,0,0,0.972061335,1,0.075102641,0.33586922
T_T_11116978_Ser_610_Val,610.0,1,0,0,0,0,0,0,,,0,0,12.0,0.0,,0,,,0,0,0,0,1,0,0,0,0,0,0,1,1,1,12,1,0,1,0,,0,,
T_T_11116979_Ser_610_Ser,610.0,1,0,0,0,0,0,0,,,0,0,12.0,0.0,,0,,,0,0,0,0,1,0,0,0,0,0,0,1,1,1,-3,0,1,1,0,,0,,
C_C_11116980_Ala_612_fs,612.0,1,0,0,1,0,0,0,,,0,0,12.0,0.0,,0,,,0,0,0,1,1,0,0,0,0,0,0,1,1,1,-10,0,0,0,0,,0,,
T_C_11116981_Ser_610_Pro,610.0,1,1,0,0,0,0,0,,0.02,1,0,12.0,0.0,0.783,1,1.86699998378754,0.28999999165535,1,1,0,0,1,0,0,0,0,0,0,1,1,1,0,0,0,0,0,-0.075632634,1,0.166136366,0.575513254
C_A_11116982_Ser_610_Tyr,610.0,1,1,0,0,0,0,0,,0.02,1,0,12.0,0.0,0.807,1,0.99099999666214,0.10700000077486,1,1,0,0,1,0,0,0,0,0,0,1,1,1,0,0,0,0,0,-0.185887129,1,0.085652574,0.513915446
C_G_11116982_Ser_610_Cys,610.0,1,1,0,0,0,0,1,-5.744968836654449,0.03,1,0,12.0,0.0,0.801,1,0.99099999666214,0.10700000077486,1,1,0,0,1,0,0,0,0,0,0,1,1,1,0,0,0,0,0,0.713142457,1,0.159026969,0.449796192
C_T_11116982_Ser_610_Phe,610.0,1,1,0,0,0,0,0,,0.01,1,0,12.0,0.0,0.828,1,0.99099999666214,0.10700000077486,1,1,0,0,1,0,0,0,0,0,0,1,1,1,0,0,0,0,0,-0.163165853,1,0.127281885,0.50912754
C_C_11116983_Leu_611_fs,611.0,1,0,0,1,0,0,0,,,0,0,12.0,0.0,,0,,,0,0,0,1,1,0,0,0,0,0,0,1,1,1,1,0,0,0,0,,0,,
T_C_11116984_Leu_611_Leu,611.0,0,0,1,0,0,0,1,-4.22373478173189,0.01,1,0,12.0,0.0,,0,-0.453999996185303,0.0,1,1,0,0,1,0,0,0,0,0,0,1,1,1,0,0,0,0,0,1.055614493,1,0.076893729,0.307574916
G_C_11116986_Leu_611_Phe,611.0,1,1,0,0,0,0,0,,0.04,1,0,12.0,0.0,0.853,1,0.266999989748001,0.994000017642975,1,1,0,0,1,0,0,0,0,0,0,1,1,1,0,0,0,0,0,0.33460833,1,0.212238246,0.600300413
G_T_11116986_Leu_611_Phe,611.0,1,1,0,0,0,0,0,,0.0,1,0,12.0,0.0,0.853,1,0.266999989748001,0.994000017642975,1,1,0,0,1,0,0,0,0,0,0,1,1,1,0,0,0,0,0,0.33460833,1,0.212238246,0.600300413
C_T_11116989_Ala_612_Ala,612.0,0,0,1,0,0,0,1,-2.499626285646626,0.09,1,0,12.0,0.0,,0,-0.0329999998211861,0.34400001168251,1,1,0,0,1,0,0,0,0,0,0,1,1,1,0,0,0,0,0,0.949868611,1,0.122966279,0.347801159
C_C_11116989_Val_613_fs,613.0,1,0,0,1,0,0,0,,,0,0,12.0,0.0,,0,,,0,0,0,1,1,0,0,0,0,0,0,1,1,1,-4,0,0,0,0,,0,,
C_C_11116992_Val_613_Ter,613.0,1,0,0,1,0,0,0,,,0,0,12.0,0.0,,0,,,0,0,0,1,1,0,0,0,0,0,0,1,1,1,-2,0,0,0,1,,0,,
T_A_11116993_Phe_614_Ile,614.0,1,1,0,0,0,0,0,,0.04,1,0,12.0,0.0,0.912,1,7.44199991226196,1.0,1,1,0,0,1,0,0,0,0,0,0,1,1,1,0,0,0,0,0,0.152013751,1,0.323683536,0.915515292
A_T_11116997_Glu_615_Val,615.0,1,1,0,0,0,0,0,,0.61,1,0,12.0,0.0,0.923,1,8.66699981689453,1.0,1,1,0,0,1,0,0,0,0,0,1,1,1,1,0,0,0,0,0,1.031860903,1,0.068410563,0.30594134
A_A_11116997_<NA>_<NA>_<NA>,,1,0,0,0,0,0,0,,,0,0,,,,0,9.29800033569336,1.0,1,1,,1,,,0,0,0,0,1,0,0,0,-1,0,0,0,0,,0,,
G_C_11116998_Glu_615_Asp,615.0,1,1,0,0,0,0,0,,0.98,1,0,12.0,0.0,0.789,1,7.48699998855591,1.0,1,1,0,0,1,0,0,0,0,0,1,1,1,1,0,0,0,0,0,-0.347241418,1,0.344209124,0.973570423
G_A_11116999_<NA>_<NA>_<NA>,,1,0,0,0,0,0,0,,0.99,1,0,,,,0,9.29800033569336,1.0,1,1,,1,,,0,0,0,0,1,0,0,0,0,0,0,0,0,,0,,
G_C_11116999_<NA>_<NA>_<NA>,,1,0,0,0,0,0,0,,0.99,1,0,,,,0,9.29800033569336,1.0,1,1,,1,,,0,0,0,0,1,0,0,0,0,0,0,0,0,,0,,
G_T_11116999_<NA>_<NA>_<NA>,,1,0,0,0,0,0,0,,0.99,1,0,,,,0,9.29800033569336,1.0,1,1,,1,,,0,0,0,0,1,0,0,0,0,0,0,0,0,,0,,
G_G_11116999_<NA>_<NA>_<NA>,,1,0,0,0,0,0,1,-4.935916564036404,,0,0,,,,0,7.44199991226196,1.0,1,1,,1,,,0,0,0,0,1,0,0,0,-1,0,0,0,0,,0,,
T_C_11117000_<NA>_<NA>_<NA>,,1,0,0,0,0,0,0,,0.99,1,0,,,,0,7.44199991226196,1.0,1,1,,1,,,0,0,0,0,1,0,0,0,0,0,0,0,0,,0,,
G_A_11117004_<NA>_<NA>_<NA>,,0,0,0,0,1,0,1,-5.744968836654449,0.03,1,0,,,,0,1.34300005435944,0.968999981880188,1,1,,0,,,0,0,0,0,0,0,0,0,0,0,0,0,0,,0,,
C_G_11117009_<NA>_<NA>_<NA>,,1,0,0,0,1,0,1,-6.046095406586541,0.66,1,0,,,,0,-3.22900009155273,0.0,1,1,,0,,,0,0,0,0,0,0,0,0,0,0,0,0,0,,0,,
C_T_11117009_<NA>_<NA>_<NA>,,0,0,0,0,1,0,1,-4.297655641644232,0.05,1,0,,,,0,-3.22900009155273,0.0,1,1,,0,,,0,0,0,0,0,0,0,0,0,0,0,0,0,,0,,
G_A_11117010_<NA>_<NA>_<NA>,,0,0,0,0,1,0,1,-3.714892970433188,0.33,1,0,,,,0,-0.996999979019165,0.0,1,1,,0,,,0,0,0,0,0,0,0,0,0,0,0,0,0,,0,,
C_T_11117013_<NA>_<NA>_<NA>,,0,0,0,0,1,0,1,-4.650528200785614,0.2,1,0,,,,0,-1.8289999961853,0.0,1,1,,0,,,0,0,0,0,0,0,0,0,0,0,0,0,0,,0,,
G_A_11117014_<NA>_<NA>_<NA>,,0,0,0,0,1,0,1,-4.479909671887158,0.33,1,0,,,,0,-0.486999988555908,0.0,1,1,,0,,,0,0,0,0,0,0,0,0,0,0,0,0,0,,0,,
G_A_11117016_<NA>_<NA>_<NA>,,0,0,0,0,1,0,1,-4.780939667551139,0.04,1,0,,,,0,-0.155000001192093,0.0,1,1,,0,,,0,0,0,0,0,0,0,0,0,0,0,0,0,,0,,
C_C_11117138_<NA>_<NA>_<NA>,,0,0,0,0,1,0,0,,,0,0,,,,0,0.702000021934509,0.034000001847744,1,1,,0,,,0,0,0,0,0,0,0,0,-1,0,0,0,0,,0,,
C_A_11120072_<NA>_<NA>_<NA>,,0,0,0,0,1,0,0,,0.01,1,0,,,,0,0.202999994158745,0.0,1,1,,0,,,0,0,0,0,0,0,0,0,0,0,0,0,0,,0,,
T_C_11120073_<NA>_<NA>_<NA>,,0,0,0,0,1,0,1,-4.303818412831476,0.01,1,0,,,,0,-0.256000012159348,0.0,1,1,,0,,,0,0,0,0,0,0,0,0,0,0,0,0,0,,0,,
T_C_11120077_<NA>_<NA>_<NA>,,0,0,0,0,1,0,1,-5.142908845326486,0.0,1,0,,,,0,0.43299999833107,0.0010000000474974,1,1,,0,,,0,0,0,0,0,0,0,0,0,0,0,0,0,,0,,
G_C_11120079_<NA>_<NA>_<NA>,,0,0,0,0,1,0,0,,0.01,1,0,,,,0,-1.64900004863739,0.0,1,1,,0,,,0,0,0,0,0,0,0,0,0,0,0,0,0,,0,,
T_A_11120081_<NA>_<NA>_<NA>,,1,0,0,0,1,0,0,,1.0,1,0,,,,0,-0.305999994277954,0.0,1,1,,0,,,0,0,0,0,0,0,0,0,0,0,0,0,0,,0,,
G_A_11120082_<NA>_<NA>_<NA>,,0,0,0,0,1,0,1,-4.183559832043861,0.01,1,0,,,,0,-0.629000008106232,0.0,1,1,,0,,,0,0,0,0,0,0,0,0,0,0,0,0,0,,0,,
G_T_11120082_<NA>_<NA>_<NA>,,0,0,0,0,1,0,1,-3.337998120610083,0.01,1,0,,,,0,-0.629000008106232,0.0,1,1,,0,,,0,0,0,0,0,0,0,0,0,0,0,0,0,,0,,
C_T_11120083_<NA>_<NA>_<NA>,,0,0,0,0,1,0,0,,0.01,1,0,,,,0,0.0810000002384186,0.0,1,1,,0,,,0,0,0,0,0,0,0,0,0,0,0,0,0,,0,,
C_T_11120084_<NA>_<NA>_<NA>,,0,0,0,0,1,0,0,,0.0,1,0,,,,0,-0.0790000036358833,0.0,1,1,,0,,,0,0,0,0,1,0,0,0,0,0,0,0,0,,0,,
T_C_11120085_<NA>_<NA>_<NA>,,0,0,0,0,1,0,0,,0.0,1,0,,,,0,0.108000002801418,0.0,1,1,,0,,,0,0,0,0,1,0,0,0,0,0,0,0,0,,0,,
T_T_11120087_<NA>_<NA>_<NA>,,1,0,0,0,1,0,0,,,0,0,13.0,0.0,,0,,,0,0,0,0,1,0,0,0,0,0,1,1,0,1,-9,0,0,0,0,,0,,
T_T_11120089_<NA>_<NA>_<NA>,,1,0,0,0,0,0,0,,,0,0,,,,0,,,0,0,,1,,,0,0,0,0,1,0,0,0,3,0,0,0,0,,0,,
A_C_11120090_<NA>_<NA>_<NA>,,1,0,0,0,0,0,0,,1.0,1,0,,,,0,9.1230001449585,1.0,1,1,,1,,,0,0,0,0,1,0,0,0,0,0,0,0,0,,0,,
A_G_11120090_<NA>_<NA>_<NA>,,1,0,0,0,0,0,0,,1.0,1,0,,,,0,9.1230001449585,1.0,1,1,,1,,,0,0,0,0,1,0,0,0,0,0,0,0,0,,0,,
G_A_11120091_<NA>_<NA>_<NA>,,1,0,0,0,0,0,1,-4.617622696531886,1.0,1,0,,,,0,9.78400039672852,1.0,1,1,,1,,,0,0,0,0,1,0,0,0,0,0,0,0,0,,0,,
G_C_11120091_<NA>_<NA>_<NA>,,1,0,0,0,0,0,0,,1.0,1,0,,,,0,9.78400039672852,1.0,1,1,,1,,,0,0,0,0,1,0,0,0,0,0,0,0,0,,0,,
G_T_11120091_<NA>_<NA>_<NA>,,1,0,0,0,0,0,0,,1.0,1,0,,,,0,9.78400039672852,1.0,1,1,,1,,,0,0,0,0,1,0,0,0,0,0,0,0,0,,0,,
G_G_11120091_Asp_616_fs,616.0,1,0,0,1,0,0,0,,,0,0,13.0,0.0,,0,,,0,0,0,1,1,0,0,0,0,0,1,1,1,1,-20,0,0,0,0,,0,,
C_T_11120094_Asp_616_Asp,616.0,0,0,1,0,0,0,1,-4.780939667551139,0.01,1,0,13.0,0.0,,0,0.263999998569489,0.995000004768372,1,1,0,0,1,0,0,0,0,0,1,1,1,1,0,0,0,0,0,0.677978763,1,0.111322424,0.314867362
C_C_11120094_Val_618_fs,618.0,1,0,0,1,0,0,0,,,0,0,13.0,0.0,,0,-0.12899999320507,0.319000005722046,1,1,0,1,1,0,0,0,0,0,0,1,1,1,-1,0,0,0,0,,0,,
A_A_11120096_Val_618_Thr,618.0,1,0,0,0,0,0,0,,,0,0,13.0,0.0,,0,,,0,0,0,0,1,0,0,0,0,0,0,1,1,1,-12,0,1,1,0,,0,,
T_G_11120099_Val_618_Gly,618.0,1,1,0,0,0,0,0,,0.01,1,0,13.0,0.0,0.938,1,7.84800004959106,1.0,1,1,0,0,1,0,0,0,0,0,0,1,1,1,0,0,0,0,0,0.018511036,1,0.13042484,0.521699361
A_G_11120100_Val_618_Val,618.0,0,0,1,0,0,0,1,-4.531652669587843,0.0,1,0,13.0,0.0,,0,-1.30200004577637,0.0020000000949949,1,1,0,0,1,0,0,0,0,0,0,1,1,1,0,0,0,0,0,1.021671506,1,0.045297528,0.221911659
T_C_11120101_Phe_619_Leu,619.0,1,1,0,0,0,0,1,-4.236796699629228,0.01,1,0,13.0,0.0,0.857,1,7.84800004959106,1.0,1,1,0,0,1,0,0,0,0,0,0,1,1,1,0,0,0,0,0,0.988832469,1,0.070356951,0.198999508
T_T_11120101_Phe_619_fs,619.0,1,0,0,1,0,0,0,,,0,0,13.0,0.0,,0,,,0,0,0,1,1,0,0,0,0,0,0,1,1,1,1,0,0,0,0,,0,,
T_C_11120102_Phe_619_Ser,619.0,1,1,0,0,0,0,1,-6.046095406586541,0.01,1,0,13.0,0.0,0.832,1,1.61899995803833,0.99099999666214,1,1,0,0,1,0,0,0,0,0,0,1,1,1,0,0,0,0,0,0.055538304,1,0.233628579,0.660801409
T_G_11120102_Phe_619_Cys,619.0,1,1,0,0,0,0,0,,0.01,1,0,13.0,0.0,0.856,1,1.61899995803833,0.99099999666214,1,1,0,0,1,0,0,0,0,0,0,1,1,1,0,0,0,0,0,0.428515929,1,0.397982566,1.125664683
T_C_11120104_Trp_620_Arg,620.0,1,1,0,0,0,0,0,,0.12,1,0,13.0,0.0,0.96,1,7.84800004959106,1.0,1,1,0,0,1,0,0,0,0,0,0,1,1,1,0,0,0,0,0,-0.170155027,1,0.121821874,0.344564292
T_T_11120104_Thr_621_fs,621.0,1,0,0,1,0,0,0,,,0,0,13.0,0.0,,0,,,0,0,0,1,1,0,0,0,0,0,0,1,1,1,1,0,0,0,0,,0,,
G_A_11120105_Trp_620_Ter,620.0,1,0,0,0,0,0,1,-6.046095406586541,0.3,1,0,13.0,0.0,,0,9.78400039672852,1.0,1,1,0,1,1,0,1,0,0,0,0,1,1,1,0,0,0,0,0,,0,,
G_A_11120106_Trp_620_Ter,620.0,1,0,0,0,0,0,0,,0.14,1,0,13.0,0.0,,0,9.78400039672852,1.0,1,1,0,1,1,0,1,0,0,0,0,1,1,1,0,0,0,0,0,,0,,
G_C_11120106_Trp_620_Cys,620.0,1,1,0,0,0,0,0,,0.13,1,0,13.0,0.0,0.942,1,9.78400039672852,1.0,1,1,0,0,1,0,0,0,0,0,0,1,1,1,0,0,0,0,0,-0.127440794,1,0.352472851,0.996943772
C_G_11120108_Thr_621_Arg,621.0,1,1,0,0,0,0,0,,0.01,1,0,13.0,0.0,0.934,1,3.28800010681152,0.995000004768372,1,1,0,0,1,0,0,0,0,0,0,1,1,1,0,0,0,0,0,-0.215981302,1,0.093937456,0.460197668
A_C_11120109_Thr_621_Thr,621.0,0,0,1,0,0,0,0,,0.08,1,0,13.0,0.0,,0,-2.48000001907349,0.0,1,1,0,0,1,0,0,0,0,0,0,1,1,1,0,0,0,0,0,0.969635188,1,0.07225965,0.40876231
A_T_11120109_Thr_621_Thr,621.0,0,0,1,0,0,0,1,-3.414990720097539,0.02,1,0,13.0,0.0,,0,-2.48000001907349,0.0,1,1,0,0,1,0,0,0,0,0,0,1,1,1,0,0,0,0,0,0.969635188,1,0.07225965,0.40876231
G_A_11120110_Asp_622_Asn,622.0,1,1,0,0,0,0,1,-4.598771832501887,0.02,1,0,13.0,0.0,0.785,1,9.78400039672852,1.0,1,1,0,0,1,0,0,0,0,0,0,1,1,1,0,0,0,0,0,0.333963242,1,0.180674361,0.511024263
G_G_11120110_Ile_623_fs,623.0,1,0,0,1,0,0,0,,,0,0,13.0,0.0,,0,,,0,0,0,1,1,0,0,0,0,0,0,1,1,1,-2,0,0,0,0,,0,,
A_C_11120111_Asp_622_Ala,622.0,1,1,0,0,0,0,0,,0.02,1,0,13.0,0.0,0.965,1,9.1230001449585,1.0,1,1,0,0,1,0,0,0,0,0,0,1,1,1,0,0,0,0,0,-0.097720049,1,0.171269924,0.484424499
A_G_11120111_Asp_622_Gly,622.0,1,1,0,0,0,0,0,,0.16,1,0,13.0,0.0,0.965,1,9.1230001449585,1.0,1,1,0,0,1,0,0,0,0,0,0,1,1,1,0,0,0,0,0,-0.14121222,1,0.158589116,0.448557757
T_T_11120112_Ile_623_fs,623.0,1,0,0,1,0,0,0,,,0,0,13.0,0.0,,0,,,0,0,0,1,1,0,0,0,0,0,0,1,1,1,1,0,0,0,0,,0,,
C_A_11120115_Ile_623_Ile,623.0,0,0,1,0,0,0,1,-3.820735535660975,0.15,1,0,13.0,0.0,,0,-0.187000006437302,0.0,1,1,0,0,1,0,0,0,0,0,0,1,1,1,0,0,0,0,0,1.031340908,1,0.151559613,0.428675319
T_T_11120117_Asn_625_fs,625.0,1,0,0,1,0,0,0,,,0,0,13.0,0.0,,0,-0.437000006437302,0.0020000000949949,1,1,0,1,1,0,0,0,0,0,0,1,1,1,-1,0,0,0,0,,0,,
C_T_11120121_Asn_625_Asn,625.0,0,0,1,0,0,0,1,-3.104246057926272,0.1,1,0,13.0,0.0,,0,-2.4539999961853,0.0,1,1,0,0,1,0,0,0,0,0,0,1,1,1,0,0,0,0,0,0.076571733,1,0.051637859,0.103275719
C_C_11120121_Glu_626_fs,626.0,1,0,0,1,0,0,0,,,0,0,13.0,0.0,,0,4.78800010681152,1.0,1,1,0,1,1,0,0,0,0,0,0,1,1,1,-1,0,0,0,0,,0,,
G_T_11120122_Glu_626_Ter,626.0,1,0,0,0,0,0,0,,0.38,1,0,13.0,0.0,,0,4.78800010681152,1.0,1,1,0,1,1,0,1,0,0,0,0,1,1,1,0,0,0,0,0,,0,,
G_G_11120122_Ala_627_fs,627.0,1,0,0,1,0,0,0,,,0,0,13.0,0.0,,0,0.108999997377396,0.904999971389771,1,1,0,1,1,0,0,0,0,0,0,1,1,1,-1,0,0,0,0,,0,,
G_A_11120125_Ala_627_Thr,627.0,1,1,0,0,0,0,1,-4.297741836837906,0.16,1,0,13.0,0.0,0.881,1,7.87099981307983,1.0,1,1,0,0,1,0,0,0,0,0,0,1,1,1,0,0,0,0,0,0.756056063,1,0.096084168,0.271767068
C_A_11120126_Ala_627_Asp,627.0,1,1,0,0,0,0,0,,0.04,1,0,13.0,0.0,0.898,1,4.77799987792969,1.0,1,1,0,0,1,0,0,0,0,0,0,1,1,1,0,0,0,0,0,0.371304211,1,0.12774172,0.625804066
C_T_11120126_Ala_627_Val,627.0,1,1,0,0,0,0,0,,0.25,1,0,13.0,0.0,0.895,1,4.77799987792969,1.0,1,1,0,0,1,0,0,0,0,0,0,1,1,1,0,0,0,0,0,0.963525345,1,0.137185445,0.388019034
C_T_11120127_Ala_627_Ala,627.0,0,0,1,0,0,0,0,,0.07,1,0,13.0,0.0,,0,0.629999995231628,0.998000025749207,1,1,0,0,1,0,0,0,0,0,0,1,1,1,0,0,0,0,0,0.992616413,1,0.079331439,0.317325756
A_A_11120128_Phe_629_fs,629.0,1,0,0,1,0,0,0,,,0,0,13.0,0.0,,0,0.864000022411346,0.954999983310699,1,1,0,1,1,0,0,0,0,0,0,1,1,1,-1,0,0,0,0,,0,,
T_T_11120131_Phe_629_fs,629.0,1,0,0,1,0,0,0,,,0,0,13.0,0.0,,0,,,0,0,0,1,1,0,0,0,0,0,0,1,1,1,1,0,0,0,0,,0,,
T_G_11120131_Phe_629_Pro,629.0,1,0,0,0,0,0,0,,,0,0,13.0,0.0,,0,,,0,0,0,0,1,0,0,0,0,0,0,1,1,1,6,0,1,0,1,,0,,
T_G_11120132_Phe_629_Cys,629.0,1,1,0,0,0,0,1,-4.617622696531886,0.18,1,0,13.0,0.0,0.768,1,0.864000022411346,0.954999983310699,1,1,0,0,1,0,0,0,0,0,0,1,1,1,0,0,0,0,0,0.948999128,1,0.061544768,0.246179072
C_T_11120133_Phe_629_Phe,629.0,0,0,1,0,0,0,1,-2.4630629772953263,0.09,1,0,13.0,0.0,,0,0.270000010728836,0.938000023365021,1,1,0,0,1,0,0,0,0,0,0,1,1,1,0,0,0,0,0,0.680226834,1,0.191257427,0.662535161
G_G_11120135_<NA>_<NA>_<NA>,,1,0,0,0,1,0,0,,,0,1,13.0,0.0,,0,,,0,0,0,0,1,0,0,0,0,0,1,0,0,1,-4270,0,0,0,0,,0,,
T_T_11120136_<NA>_<NA>_<NA>,,1,0,0,0,1,0,0,,,0,1,13.0,0.0,,0,,,0,0,0,0,1,0,0,0,0,0,1,0,0,1,-4273,0,0,0,0,,0,,
C_A_11120138_Ala_631_Asp,631.0,1,1,0,0,0,0,1,-6.046047116768077,0.05,1,0,13.0,0.0,0.888,1,6.0149998664856,1.0,1,1,0,0,1,0,0,0,0,0,0,1,1,1,0,0,0,0,0,-0.035747557,1,0.146000949,0.652936095
C_T_11120143_Arg_633_Cys,633.0,1,1,0,0,0,0,1,-4.1216505777822245,0.2,1,0,13.0,0.0,0.845,1,1.45299994945526,1.0,1,1,0,0,1,0,0,0,0,0,0,1,1,1,0,0,0,0,0,,0,,
G_A_11120144_Arg_633_His,633.0,1,1,0,0,0,0,1,-3.382894769497622,0.08,1,0,13.0,0.0,0.901,1,4.13100004196167,1.0,1,1,0,0,1,0,0,0,0,0,0,1,1,1,0,0,0,0,0,1.053488775,1,0.052948946,0.149762234
G_T_11120144_Arg_633_Leu,633.0,1,1,0,0,0,0,0,,0.47,1,0,13.0,0.0,0.899,1,4.13100004196167,1.0,1,1,0,0,1,0,0,0,0,0,0,1,1,1,0,0,0,0,0,0.973064422,1,0.031621441,0.154912793
G_G_11120144_Leu_634_fs,634.0,1,0,0,1,0,0,0,,,0,0,13.0,0.0,,0,1.02199995517731,0.603999972343445,1,1,0,1,1,0,0,0,0,0,0,1,1,1,-1,0,0,0,0,,0,,
T_T_11120147_Thr_635_fs,635.0,1,0,0,1,0,0,0,,,0,0,13.0,0.0,,0,,,0,0,0,1,1,0,0,0,0,0,0,1,1,1,-2,0,0,0,0,,0,,
C_G_11120148_Leu_634_Leu,634.0,0,0,1,0,0,0,1,-5.200935280648992,0.22,1,0,13.0,0.0,,0,0.068000003695488,0.968999981880188,1,1,0,0,1,0,0,0,0,0,0,1,1,1,0,0,0,0,0,1.091138301,1,0.135593461,0.383516224
A_G_11120151_Thr_635_Thr,635.0,0,0,1,0,0,0,1,-4.618884919290149,0.3,1,0,13.0,0.0,,0,-4.50500011444092,0.0,1,1,0,0,1,0,0,0,0,0,0,1,1,1,0,0,0,0,0,1.067991181,1,0.133148366,0.532593464
T_T_11120155_Asp_638_fs,638.0,1,0,0,1,0,0,0,,,0,0,13.0,0.0,,0,-7.11499977111816,0.0,1,1,0,1,1,0,0,0,0,0,0,1,1,1,-1,0,0,0,0,,0,,
C_A_11120157_Ser_637_Ser,637.0,0,0,1,0,0,0,0,,0.01,1,0,13.0,0.0,,0,-7.11499977111816,0.0,1,1,0,0,1,0,0,0,0,0,0,1,1,1,0,0,0,0,0,0.993971939,1,0.099639338,0.690321584
T_C_11120160_Asp_638_Asp,638.0,0,0,1,0,0,0,1,-4.598771832501887,0.04,1,0,13.0,0.0,,0,-0.256999999284744,0.0020000000949949,1,1,0,0,1,0,0,0,0,0,0,1,1,1,0,0,0,0,0,,0,,
T_A_11120162_Val_639_Asp,639.0,1,1,0,0,0,0,0,,0.02,1,0,13.0,0.0,0.713,1,7.84800004959106,0.977999985218048,1,1,0,0,1,0,0,0,0,0,0,1,1,1,0,0,0,0,0,0.910750118,1,0.147531769,0.417282858
T_G_11120162_Val_639_Gly,639.0,1,1,0,0,0,0,1,-4.634699251362012,0.0,1,0,13.0,0.0,0.681,1,7.84800004959106,0.977999985218048,1,1,0,0,1,0,0,0,0,0,0,1,1,1,0,0,0,0,0,0.891583246,1,0.130551357,0.452243167
C_T_11120166_Asn_640_Asn,640.0,0,0,1,0,0,0,1,-1.407046428452134,0.03,1,0,13.0,0.0,,0,-1.67400002479553,0.0,1,1,0,0,1,0,0,0,0,0,0,1,1,1,0,0,0,0,0,1.001444191,1,0.08433741,0.238542217
T_A_11120168_Leu_641_Ter,641.0,1,0,0,0,0,0,0,,0.07,1,0,13.0,0.0,,0,0.109999999403954,0.0,1,1,0,1,1,0,1,0,0,0,0,1,1,1,0,0,0,0,0,-0.084188713,1,0.070851369,0.200397934
T_C_11120170_Leu_642_Leu,642.0,0,0,1,0,0,0,0,,0.01,1,0,13.0,0.0,,0,0.250999987125397,0.23199999332428,1,1,0,0,1,0,0,0,0,0,0,1,1,1,0,0,0,0,0,1.036925995,1,0.044183087,0.176732349
T_C_11120171_Leu_642_Ser,642.0,1,1,0,0,0,0,0,,0.01,1,0,13.0,0.0,0.688,1,7.84800004959106,1.0,1,1,0,0,1,0,0,0,0,0,0,1,1,1,0,0,0,0,0,0.968556852,1,0.168581873,0.476821541
G_A_11120172_Leu_642_Leu,642.0,0,0,1,0,0,0,0,,0.13,1,0,13.0,0.0,,0,1.53699994087219,1.0,1,1,0,0,1,0,0,0,0,0,0,1,1,1,0,0,0,0,0,1.036925995,1,0.044183087,0.176732349
T_C_11120175_Ala_643_Ala,643.0,0,0,1,0,0,0,1,-4.832682665251824,0.01,1,0,13.0,0.0,,0,-3.72199988365173,0.0,1,1,0,0,1,0,0,0,0,0,0,1,1,1,0,0,0,0,0,1.191103928,1,0.105829819,0.299331929
G_G_11120176_Asn_645_fs,645.0,1,0,0,1,0,0,0,,,0,0,13.0,0.0,,0,,,0,0,0,1,1,0,0,0,0,0,0,1,1,1,1,0,0,0,0,,0,,
A_A_11120180_Leu_646_fs,646.0,1,0,0,1,0,0,0,,,0,0,13.0,0.0,,0,2.53600001335144,1.0,1,1,0,1,1,0,0,0,0,0,0,1,1,1,-1,0,0,0,0,,0,,
C_C_11120181_Leu_646_fs,646.0,1,0,0,1,0,0,0,,,0,0,13.0,0.0,,0,,,0,0,0,1,1,0,0,0,0,0,0,1,1,1,1,0,0,0,0,,0,,
C_T_11120182_Leu_646_Leu,646.0,0,0,1,0,0,0,0,,0.03,1,0,13.0,0.0,,0,2.53600001335144,1.0,1,1,0,0,1,0,0,0,0,0,0,1,1,1,0,0,0,0,0,1.031401322,1,0.049663272,0.280937893
A_G_11120184_Leu_646_Leu,646.0,0,0,1,0,0,0,0,,0.03,1,0,13.0,0.0,,0,-0.226999998092651,0.0010000000474974,1,1,0,0,1,0,0,0,0,0,0,1,1,1,0,0,0,0,0,1.031401322,1,0.049663272,0.280937893
C_C_11120185_Ser_648_fs,648.0,1,0,0,1,0,0,0,,,0,0,13.0,0.0,,0,,,0,0,0,1,1,0,0,0,0,0,0,1,1,1,1,0,0,0,0,,0,,
C_T_11120185_Leu_647_Leu,647.0,0,0,1,0,0,0,1,-4.780939667551139,0.03,1,0,13.0,0.0,,0,-1.87399995326996,0.0,1,1,0,0,1,0,0,0,0,0,0,1,1,1,0,0,0,0,0,1.028616536,1,0.056138348,0.388937882
G_A_11120187_Leu_647_Leu,647.0,0,0,1,0,0,0,1,-4.634699251362012,0.0,1,0,13.0,0.0,,0,-0.231000006198883,0.0,1,1,0,0,1,0,0,0,0,0,0,1,1,1,0,0,0,0,0,1.028616536,1,0.056138348,0.388937882
T_C_11120188_Ser_648_Pro,648.0,1,1,0,0,0,0,0,,0.02,1,0,13.0,0.0,0.604,1,1.00499999523163,0.0020000000949949,1,1,0,0,1,0,0,0,0,0,0,1,1,1,0,0,0,0,0,0.794826976,1,0.1386102,0.392048848
T_T_11120188_Glu_650_fs,650.0,1,0,0,1,0,0,0,,,0,0,13.0,0.0,,0,,,0,0,0,1,1,0,0,0,0,0,0,1,1,1,1,0,0,0,0,,0,,
T_T_11120188_Pro_649_fs,649.0,1,0,0,1,0,0,0,,,0,0,13.0,0.0,,0,7.73799991607666,1.0,1,1,0,1,1,0,0,0,0,0,0,1,1,1,-1,0,0,0,0,,0,,
C_G_11120189_Ser_648_fs,648.0,1,0,0,1,0,0,0,,,0,0,13.0,0.0,,0,,,0,0,0,1,1,0,0,0,0,0,0,1,1,1,-1,0,0,0,0,,0,,
C_T_11120190_Ser_648_Ser,648.0,0,0,1,0,0,0,1,-4.153972324635621,0.01,1,0,13.0,0.0,,0,-2.31699991226196,0.0,1,1,0,0,1,0,0,0,0,0,0,1,1,1,0,0,0,0,0,1.007824717,1,0.096720799,0.511798359
C_C_11120192_Asp_651_fs,651.0,1,0,0,1,0,0,0,,,0,0,13.0,0.0,,0,,,0,0,0,1,1,0,0,0,0,0,0,1,1,1,5,0,0,0,0,,0,,
G_A_11120196_Glu_650_Glu,650.0,0,0,1,0,0,0,1,-4.598771832501887,0.0,1,0,13.0,0.0,,0,0.547999978065491,1.0,1,1,0,0,1,0,0,0,0,0,0,1,1,1,0,0,0,0,0,,0,,
G_A_11120197_Asp_651_Asn,651.0,1,1,0,0,0,0,1,-4.183361055101539,0.03,1,0,13.0,0.0,0.697,1,9.78400039672852,1.0,1,1,0,0,1,0,0,0,0,0,0,1,1,1,0,0,0,0,0,0.947451522,1,0.127728046,0.442462931
G_T_11120197_Asp_651_Tyr,651.0,1,1,0,0,0,0,0,,0.06,1,0,13.0,0.0,0.933,1,9.78400039672852,1.0,1,1,0,0,1,0,0,0,0,0,0,1,1,1,0,0,0,0,0,1.103583918,1,0.111463228,0.445852911
G_G_11120197_Met_652_fs,652.0,1,0,0,1,0,0,0,,,0,0,13.0,0.0,,0,,,0,0,0,1,1,0,0,0,0,0,0,1,1,1,-2,0,0,0,0,,0,,
A_G_11120198_Asp_651_Gly,651.0,1,1,0,0,0,0,1,-4.83238732727247,0.26,1,0,13.0,0.0,0.752,1,7.32800006866455,1.0,1,1,0,0,1,0,0,0,0,0,0,1,1,1,0,0,0,0,0,0.862443526,1,0.075706402,0.428260083
A_A_11120198_Met_652_fs,652.0,1,0,0,1,0,0,0,,,0,0,13.0,0.0,,0,,,0,0,0,1,1,0,0,0,0,0,0,1,1,1,-13,0,0,0,0,,0,,
T_C_11120199_Asp_651_Asp,651.0,0,0,1,0,0,0,0,,0.01,1,0,13.0,0.0,,0,0.555999994277954,0.996999979019165,1,1,0,0,1,0,0,0,0,0,0,1,1,1,0,0,0,0,0,,0,,
A_A_11120200_Met_652_fs,652.0,1,0,0,1,0,0,0,,,0,0,13.0,0.0,,0,,,0,0,0,1,1,0,0,0,0,0,0,1,1,1,1,0,0,0,0,,0,,
T_C_11120201_Met_652_Thr,652.0,1,1,0,0,0,0,1,-4.598771832501887,0.01,1,0,13.0,0.0,0.588,1,7.84800004959106,1.0,1,1,0,0,1,0,0,0,0,0,0,1,1,1,0,0,0,0,0,0.695090647,1,0.157259599,0.444797316
G_G_11120203_His_656_fs,656.0,1,0,0,1,0,0,0,,,0,0,13.0,0.0,,0,,,0,0,0,1,1,0,0,0,0,0,0,1,1,1,5,0,0,0,0,,0,,
T_C_11120205_Val_653_Val,653.0,0,0,1,0,0,0,1,-0.2786841193941009,0.0,1,0,13.0,0.0,,0,-0.228000000119209,0.458999991416931,1,1,0,0,1,0,0,0,0,0,0,1,1,1,0,0,0,0,0,1.01561394,1,0.038032462,0.263496628
C_G_11120208_Leu_654_Leu,654.0,0,0,1,0,0,0,1,-5.744968836654449,0.0,1,0,13.0,0.0,,0,-0.920000016689301,0.109999999403954,1,1,0,0,1,0,0,0,0,0,0,1,1,1,0,0,0,0,0,1.023333603,1,0.06464111,0.25856444
C_T_11120208_Leu_654_Leu,654.0,0,0,1,0,0,0,1,-5.00471589231074,0.0,1,0,13.0,0.0,,0,-0.920000016689301,0.109999999403954,1,1,0,0,1,0,0,0,0,0,0,1,1,1,0,0,0,0,0,1.023333603,1,0.06464111,0.25856444
C_C_11120208_Phe_655_fs,655.0,1,0,0,1,0,0,0,,,0,0,13.0,0.0,,0,1.10000002384186,1.0,1,1,0,1,1,0,0,0,0,0,0,1,1,1,-1,0,0,0,0,,0,,
T_C_11120209_Phe_655_Leu,655.0,1,1,0,0,0,0,0,,0.01,1,0,13.0,0.0,0.785,1,7.84800004959106,1.0,1,1,0,0,1,0,0,0,0,0,0,1,1,1,0,0,0,0,0,0.793409636,1,0.095600196,0.540796374
C_G_11120211_Phe_655_Leu,655.0,1,1,0,0,0,0,1,-6.046095406586541,0.0,1,0,13.0,0.0,0.661,1,0.973999977111816,1.0,1,1,0,0,1,0,0,0,0,0,0,1,1,1,0,0,0,0,0,0.793409636,1,0.095600196,0.540796374
C_G_11120211_Phe_655_fs,655.0,1,0,0,1,0,0,0,,,0,0,13.0,0.0,,0,,,0,0,0,1,1,0,0,0,0,0,0,1,1,1,-1,0,0,0,0,,0,,
T_C_11120219_Leu_658_Pro,658.0,1,1,0,0,0,0,0,,0.01,1,0,13.0,0.0,0.656,1,4.99100017547607,0.996999979019165,1,1,0,0,1,0,0,0,0,0,0,1,1,1,0,0,0,0,0,,0,,
T_T_11120219_<NA>_<NA>_<NA>,,1,0,0,0,1,0,0,,,0,0,13.0,0.0,,0,,,0,0,0,0,1,0,0,0,0,0,1,1,0,1,-29,0,0,0,0,,0,,
C_T_11120220_Leu_658_Leu,658.0,0,0,1,0,0,0,1,-4.832682665251824,0.0,1,0,13.0,0.0,,0,0.0879999995231628,0.10700000077486,1,1,0,0,1,0,0,0,0,0,0,1,1,1,0,0,0,0,0,1.016909594,1,0.040043108,0.226518027
A_C_11120221_Thr_659_Pro,659.0,1,1,0,0,0,0,1,-3.9492336887669577,0.0,1,0,13.0,0.0,0.652,1,1.79700005054474,0.0930000022053719,1,1,0,0,1,0,0,0,0,0,0,1,1,1,0,0,0,0,0,,0,,
C_C_11120222_Pro_661_fs,661.0,1,0,0,1,0,0,0,,,0,0,13.0,0.0,,0,,,0,0,0,1,1,0,0,0,0,0,0,1,1,1,-4,0,0,0,0,,0,,
C_A_11120223_Thr_659_Thr,659.0,0,0,1,0,0,0,1,-2.7226200253327453,0.01,1,0,13.0,0.0,,0,-1.26300001144409,0.0,1,1,0,0,1,0,0,0,0,0,0,1,1,1,0,0,0,0,0,0.749362658,1,0.16197585,0.793516369
C_A_11120224_Gln_660_Lys,660.0,1,1,0,0,0,0,0,,0.01,1,0,13.0,0.0,0.726,1,7.73799991607666,1.0,1,1,0,0,1,0,0,0,0,0,0,1,1,1,0,0,0,0,0,0.461996312,1,0.259509944,1.038039778
C_T_11120224_Gln_660_Ter,660.0,1,0,0,0,0,0,0,,0.03,1,0,13.0,0.0,,0,7.73799991607666,1.0,1,1,0,1,1,0,1,0,0,0,0,1,1,1,0,0,0,0,0,0.429445927,1,0.223840742,0.633117226
A_C_11120225_Gln_660_Pro,660.0,1,1,0,0,0,0,0,,0.01,1,0,13.0,0.0,0.743,1,7.26599979400635,1.0,1,1,0,0,1,0,0,0,0,0,0,1,1,1,0,0,0,0,0,0.049894093,1,0.133672786,0.378083734
A_G_11120225_Gln_660_Arg,660.0,1,1,0,0,0,0,0,,0.0,1,0,13.0,0.0,0.807,1,7.26599979400635,1.0,1,1,0,0,1,0,0,0,0,0,0,1,1,1,0,0,0,0,0,0.867418674,1,0.144989896,0.410093354
G_A_11120226_Gln_660_Gln,660.0,0,0,1,0,0,0,1,-4.832682665251824,0.02,1,0,13.0,0.0,,0,1.52900004386902,1.0,1,1,0,0,1,0,0,0,0,0,0,1,1,1,0,0,0,0,0,,0,,
G_T_11120226_Gln_660_His,660.0,1,1,0,0,0,0,0,,0.03,1,0,13.0,0.0,0.699,1,1.52900004386902,1.0,1,1,0,0,1,0,0,0,0,0,0,1,1,1,0,0,0,0,0,0.247859131,1,0.474137548,1.642460648
C_G_11120227_Pro_661_Ala,661.0,1,1,0,0,0,0,0,,0.01,1,0,13.0,0.0,0.639,1,7.73799991607666,1.0,1,1,0,0,1,0,0,0,0,0,0,1,1,1,0,0,0,0,0,0.120864691,1,0.137129069,0.548516275
C_C_11120228_Arg_662_fs,662.0,1,0,0,1,0,0,0,,,0,0,13.0,0.0,,0,,,0,0,0,1,1,0,0,0,0,0,0,1,1,1,1,0,0,0,0,,0,,
A_T_11120230_Arg_662_Ter,662.0,1,0,0,0,0,0,0,,0.03,1,0,13.0,0.0,,0,1.47200000286102,0.0,1,1,0,1,1,0,1,0,0,0,0,1,1,1,0,0,0,0,0,0.262688279,1,0.314940619,0.89078659
A_A_11120232_<NA>_<NA>_<NA>,,1,0,0,0,0,0,1,-4.598771832501887,,0,0,,,,0,9.79500007629395,1.0,1,1,,1,,,0,0,0,0,1,0,0,0,-1,0,0,0,0,,0,,
A_C_11120232_Arg_662_fs,662.0,1,0,0,1,0,0,0,,,0,0,13.0,0.0,,0,,,0,0,0,1,1,0,0,0,0,0,1,1,1,1,-1,0,0,0,0,,0,,
G_G_11120233_<NA>_<NA>_<NA>,,1,0,0,0,1,0,0,,,0,0,,,,0,,,0,0,,0,,,0,0,0,0,1,0,0,0,-33,0,0,0,0,,0,,
T_A_11120235_<NA>_<NA>_<NA>,,1,0,0,0,0,0,0,,1.0,1,0,,,,0,7.85599994659424,1.0,1,1,,1,,,0,0,0,0,1,0,0,0,0,0,0,0,0,,0,,
T_G_11120235_<NA>_<NA>_<NA>,,1,0,0,0,0,0,0,,1.0,1,0,,,,0,7.85599994659424,1.0,1,1,,1,,,0,0,0,0,1,0,0,0,0,0,0,0,0,,0,,
G_G_11120240_<NA>_<NA>_<NA>,,0,0,0,0,1,0,0,,,0,0,,,,0,,,0,0,,0,,,0,0,0,0,1,0,0,0,1,0,0,0,0,,0,,
G_T_11120240_<NA>_<NA>_<NA>,,0,0,0,0,1,0,1,-4.417255034308723,0.08,1,0,,,,0,-0.0199999995529652,0.0,1,1,,0,,,0,0,0,0,1,0,0,0,0,0,0,0,0,,0,,
T_G_11120241_<NA>_<NA>_<NA>,,0,0,0,0,1,0,1,-6.046095406586541,0.08,1,0,,,,0,-0.739000022411346,0.0,1,1,,0,,,0,0,0,0,1,0,0,0,0,0,0,0,0,,0,,
G_T_11120242_<NA>_<NA>_<NA>,,0,0,0,0,1,0,0,,0.06,1,0,,,,0,0.509999990463257,0.0160000007599592,1,1,,0,,,0,0,0,0,0,0,0,0,0,0,0,0,0,,0,,
G_T_11120243_<NA>_<NA>_<NA>,,0,0,0,0,1,0,1,-4.07763790321521,0.04,1,0,,,,0,1.49000000953674,0.0309999994933605,1,1,,0,,,0,0,0,0,0,0,0,0,0,0,0,0,0,,0,,
A_C_11120247_<NA>_<NA>_<NA>,,0,0,0,0,1,0,1,-3.7155692661554807,0.0,1,0,,,,0,-0.155000001192093,0.0,1,1,,0,,,0,0,0,0,0,0,0,0,0,0,0,0,0,,0,,
C_T_11120252_<NA>_<NA>_<NA>,,0,0,0,0,1,0,1,-2.905528871358355,0.0,1,0,,,,0,-0.0430000014603138,0.0,1,1,,0,,,0,0,0,0,0,0,0,0,0,0,0,0,0,,0,,
A_A_11120253_<NA>_<NA>_<NA>,,0,0,0,0,1,0,0,,,0,0,,,,0,,,0,0,,0,,,0,0,0,0,0,0,0,0,1,0,0,0,0,,0,,
A_G_11120253_<NA>_<NA>_<NA>,,0,0,0,0,1,0,1,-4.173277479831008,0.0,1,0,,,,0,-1.28600001335144,0.0,1,1,,0,,,0,0,0,0,0,0,0,0,0,0,0,0,0,,0,,
C_C_11120317_<NA>_<NA>_<NA>,,1,0,0,0,1,0,0,,,0,0,14.0,0.0,,0,,,0,0,1,0,1,0,0,0,0,0,1,1,0,1,-71,0,0,0,0,,0,,
T_T_11120318_<NA>_<NA>_<NA>,,1,0,0,0,1,0,0,,,0,0,14.0,0.0,,0,,,0,0,1,0,1,0,0,0,0,0,1,1,0,1,-70,0,0,0,0,,0,,
G_T_11120320_<NA>_<NA>_<NA>,,0,0,0,0,1,0,0,,0.4,1,0,,,,0,-0.802999973297119,0.0,1,1,,0,,,0,0,0,0,0,0,0,0,0,0,0,0,0,,0,,
G_A_11120328_<NA>_<NA>_<NA>,,0,0,0,0,1,0,0,,0.05,1,0,,,,0,-2.07399988174438,0.0,1,1,,0,,,0,0,0,0,0,0,0,0,0,0,0,0,0,,0,,
C_T_11120346_<NA>_<NA>_<NA>,,0,0,0,0,1,0,1,-3.4715975620463824,0.03,1,0,,,,0,-0.587999999523163,0.0,1,1,,0,,,0,0,0,0,0,0,0,0,0,0,0,0,0,,0,,
C_T_11120350_<NA>_<NA>_<NA>,,0,0,0,0,1,0,0,,0.01,1,0,,,,0,0.592999994754791,0.0080000003799796,1,1,,0,,,0,0,0,0,0,0,0,0,0,0,0,0,0,,0,,
T_C_11120351_<NA>_<NA>_<NA>,,0,0,0,0,1,0,1,-3.92959267825988,0.01,1,0,,,,0,1.25100004673004,0.0529999993741512,1,1,,0,,,0,0,0,0,0,0,0,0,0,0,0,0,0,,0,,
T_T_11120351_<NA>_<NA>_<NA>,,0,0,0,0,1,0,0,,,0,0,,,,0,0.0160000007599592,0.0,1,1,,0,,,0,0,0,0,0,0,0,0,-1,0,0,0,0,,0,,
C_T_11120352_<NA>_<NA>_<NA>,,0,0,0,0,1,0,0,,0.01,1,0,,,,0,0.870999991893768,0.0570000000298023,1,1,,0,,,0,0,0,0,0,0,0,0,0,0,0,0,0,,0,,
C_T_11120353_<NA>_<NA>_<NA>,,0,0,0,0,1,0,1,-3.0195421077239,0.05,1,0,,,,0,0.0160000007599592,0.0,1,1,,0,,,0,0,0,0,0,0,0,0,0,0,0,0,0,,0,,
G_A_11120354_<NA>_<NA>_<NA>,,0,0,0,0,1,0,1,-3.883060353449244,0.01,1,0,,,,0,-3.28299999237061,0.0,1,1,,0,,,0,0,0,0,0,0,0,0,0,0,0,0,0,,0,,
T_C_11120357_<NA>_<NA>_<NA>,,0,0,0,0,1,0,0,,0.04,1,0,,,,0,0.0270000007003546,0.0,1,1,,0,,,0,0,0,0,0,0,0,0,0,0,0,0,0,,0,,
G_A_11120363_<NA>_<NA>_<NA>,,0,0,0,0,1,0,1,-3.6834006979061393,0.01,1,0,,,,0,-3.67000007629395,0.0,1,1,,0,,,0,0,0,0,1,0,0,0,0,0,0,0,0,,0,,
G_G_11120363_<NA>_<NA>_<NA>,,0,0,0,0,1,0,0,,,0,0,,,,0,,,0,0,,0,,,0,0,0,0,1,0,0,0,1,0,0,0,0,,0,,
C_T_11120365_<NA>_<NA>_<NA>,,0,0,0,0,1,0,1,-4.93218548883816,0.02,1,0,,,,0,-0.148000001907349,0.0,1,1,,0,,,0,0,0,0,1,0,0,0,0,0,0,0,0,,0,,
C_T_11120366_<NA>_<NA>_<NA>,,0,0,0,0,1,0,1,-3.789681480173768,0.02,1,0,,,,0,-0.816999971866608,0.0010000000474974,1,1,,0,,,0,0,0,0,1,0,0,0,0,0,0,0,0,,0,,
C_C_11120366_<NA>_<NA>_<NA>,,1,0,0,0,1,0,0,,,0,0,14.0,0.0,,0,,,0,0,1,0,1,0,0,0,0,0,1,0,0,1,-1217,0,0,0,0,,0,,
A_G_11120368_<NA>_<NA>_<NA>,,1,0,0,0,0,0,0,,0.99,1,0,,,,0,8.74600028991699,1.0,1,1,,1,,,0,0,0,0,1,0,0,0,0,0,0,0,0,,0,,
A_T_11120368_<NA>_<NA>_<NA>,,1,0,0,0,0,0,0,,0.99,1,0,,,,0,8.74600028991699,1.0,1,1,,1,,,0,0,0,0,1,0,0,0,0,0,0,0,0,,0,,
G_A_11120369_<NA>_<NA>_<NA>,,1,0,0,0,0,0,0,,0.99,1,0,,,,0,7.45499992370605,1.0,1,1,,1,,,0,0,0,0,1,0,0,0,0,0,0,0,0,,0,,
G_A_11120370_Gly_663_Glu,663.0,1,1,0,0,0,0,1,-6.046095406586541,0.68,1,0,14.0,0.0,0.794,1,4.36499977111816,1.0,1,1,1,0,1,0,0,0,0,0,1,1,1,1,0,0,0,0,0,1.005966645,1,0.152839731,0.432296042
G_C_11120370_Gly_663_Ala,663.0,1,1,0,0,0,0,0,,0.94,1,0,14.0,0.0,0.454,1,4.36499977111816,1.0,1,1,1,0,1,0,0,0,0,0,1,1,1,1,0,0,0,0,0,0.052651724,1,0.112460876,0.595087019
A_A_11120375_Trp_666_fs,666.0,1,0,0,1,0,0,0,,,0,0,14.0,0.0,,0,,,0,0,1,1,1,0,0,0,0,0,0,1,1,1,-17,0,0,0,0,,0,,
C_T_11120377_Asn_665_Asn,665.0,0,0,1,0,0,0,1,-6.046095406586541,0.03,1,0,14.0,0.0,,0,1.73300004005432,1.0,1,1,1,0,1,0,0,0,0,0,0,1,1,1,0,0,0,0,0,1.040999231,1,0.119845464,0.33897416
T_T_11120378_Trp_666_fs,666.0,1,0,0,1,0,0,0,,,0,0,14.0,0.0,,0,4.03000020980835,1.0,1,1,1,1,1,0,0,0,0,0,0,1,1,1,-1,0,0,0,0,,0,,
G_A_11120379_Trp_666_Ter,666.0,1,0,0,0,0,0,0,,0.01,1,0,14.0,0.0,,0,6.73799991607666,1.0,1,1,1,1,1,0,1,0,0,0,0,1,1,1,0,0,0,0,0,-0.107329138,1,0.079267103,0.317068414
G_G_11120379_Cys_667_Ter,667.0,1,0,0,1,0,0,0,,,0,0,14.0,0.0,,0,,,0,0,1,1,1,0,1,1,0,1,0,1,1,1,-2,0,1,0,1,-0.134899961,1,0.329707605,0.932553934
G_A_11120380_Trp_666_Ter,666.0,1,0,0,0,0,0,0,,0.09,1,0,14.0,0.0,,0,4.03000020980835,1.0,1,1,1,1,1,0,1,0,0,0,0,1,1,1,0,0,0,0,0,-0.107329138,1,0.079267103,0.317068414
T_A_11120381_Cys_667_Ser,667.0,1,1,0,0,0,0,0,,0.0,1,0,14.0,0.0,0.988,1,8.00399971008301,1.0,1,1,1,0,1,0,0,0,0,1,0,1,1,1,0,0,0,0,0,0.60067973,1,0.083302084,0.686926581
T_C_11120381_Cys_667_Arg,667.0,1,1,0,0,0,0,1,-3.760950906859808,0.01,1,0,14.0,0.0,0.987,1,8.00399971008301,1.0,1,1,1,0,1,0,0,0,0,1,0,1,1,1,0,0,0,0,0,0.253649641,1,0.242173115,0.968692461
T_G_11120381_Cys_667_Gly,667.0,1,1,0,0,0,0,0,,0.03,1,0,14.0,0.0,0.984,1,8.00399971008301,1.0,1,1,1,0,1,0,0,0,0,1,0,1,1,1,0,0,0,0,0,0.713260331,1,0.124256878,0.351451523
T_T_11120381_Cys_667_fs,667.0,1,0,0,1,0,0,0,,,0,0,14.0,0.0,,0,9.17599964141846,1.0,1,1,1,1,1,0,0,0,0,1,0,1,1,1,-1,0,0,0,0,,0,,
T_T_11120381_Trp_666_Ter,666.0,1,0,0,1,0,0,0,,,0,0,14.0,0.0,,0,,,0,0,1,1,1,0,0,0,0,0,0,1,1,1,-7,0,0,0,1,-0.134899961,1,0.329707605,0.932553934
G_A_11120382_Cys_667_Tyr,667.0,1,1,0,0,0,0,1,-5.201004265556119,0.01,1,0,14.0,0.0,0.986,1,9.17599964141846,1.0,1,1,1,0,1,0,0,0,0,1,0,1,1,1,0,0,0,0,0,-0.156290995,1,0.180351443,0.510110914
G_T_11120382_Cys_667_Phe,667.0,1,1,0,0,0,0,0,,0.02,1,0,14.0,0.0,0.989,1,9.17599964141846,1.0,1,1,1,0,1,0,0,0,0,1,0,1,1,1,0,0,0,0,0,0.079297925,1,0.260273245,1.041092981
G_G_11120382_Cys_667_fs,667.0,1,0,0,1,0,0,0,,,0,0,14.0,0.0,,0,1.17200005054474,1.0,1,1,1,1,1,0,0,0,0,1,0,1,1,1,-1,0,0,0,0,,0,,
T_A_11120383_Cys_667_Ter,667.0,1,0,0,0,0,0,0,,0.03,1,0,14.0,0.0,,0,1.17200005054474,1.0,1,1,1,1,1,0,1,0,0,1,0,1,1,1,0,0,0,0,0,-0.134899961,1,0.329707605,0.932553934
T_G_11120383_Cys_667_Trp,667.0,1,1,0,0,0,0,0,,0.01,1,0,14.0,0.0,0.936,1,1.17200005054474,1.0,1,1,1,0,1,0,0,0,0,1,0,1,1,1,0,0,0,0,0,-0.099228722,1,0.128182823,0.51273129
G_A_11120386_Glu_668_Glu,668.0,0,0,1,0,0,0,1,-6.046095406586541,0.01,1,0,14.0,0.0,,0,0.572000026702881,0.261999994516373,1,1,1,0,1,0,0,0,0,0,0,1,1,1,0,0,0,0,0,,0,,
G_A_11120389_Arg_669_Arg,669.0,0,0,1,0,0,0,1,-4.634699251362012,0.0,1,0,14.0,0.0,,0,-0.186000004410744,0.0,1,1,1,0,1,0,0,0,0,0,0,1,1,1,0,0,0,0,0,0.999838363,1,0.105782255,0.423129021
C_T_11120392_Thr_670_Thr,670.0,0,0,1,0,0,0,1,-4.832682665251824,0.01,1,0,14.0,0.0,,0,-3.97900009155273,0.0,1,1,1,0,1,0,0,0,0,0,0,1,1,1,0,0,0,0,0,0.946099254,1,0.073225872,0.207114044
C_C_11120392_Thr_671_fs,671.0,1,0,0,1,0,0,0,,,0,0,14.0,0.0,,0,-3.19000005722046,0.0,1,1,1,1,1,0,0,0,0,0,0,1,1,1,-1,0,0,0,0,,0,,
A_A_11120393_Thr_671_Ter,671.0,1,0,0,1,0,0,0,,,0,0,14.0,0.0,,0,0.31700000166893,0.0,1,1,1,1,1,0,0,0,0,0,0,1,1,1,-1,0,0,0,1,0.378939478,1,0.672984829,3.009679652
A_A_11120393_Leu_672_fs,672.0,1,0,0,1,0,0,0,,,0,0,14.0,0.0,,0,,,0,0,1,1,1,0,0,0,0,0,0,1,1,1,-2,0,0,0,0,,0,,
C_T_11120395_Thr_671_Thr,671.0,0,0,1,0,0,0,1,-4.598771832501887,0.03,1,0,14.0,0.0,,0,-0.541000008583069,0.0,1,1,1,0,1,0,0,0,0,0,0,1,1,1,0,0,0,0,0,0.693683719,1,0.186806897,1.05673939
C_T_11120396_Leu_672_Leu,672.0,0,0,1,0,0,0,0,,0.03,1,0,14.0,0.0,,0,0.31700000166893,0.0,1,1,1,0,1,0,0,0,0,0,0,1,1,1,0,0,0,0,0,1.005736639,1,0.047459987,0.314813938
C_C_11120396_Leu_672_fs,672.0,1,0,0,1,0,0,0,,,0,0,14.0,0.0,,0,0.870999991893768,0.0,1,1,1,1,1,0,0,0,0,0,0,1,1,1,-1,0,0,0,0,,0,,
G_A_11120398_Leu_672_Leu,672.0,0,0,1,0,0,0,0,,0.05,1,0,14.0,0.0,,0,-0.725000023841858,0.0,1,1,1,0,1,0,0,0,0,0,0,1,1,1,0,0,0,0,0,1.005736639,1,0.047459987,0.314813938
G_C_11120398_Leu_672_Leu,672.0,0,0,1,0,0,0,0,,0.01,1,0,14.0,0.0,,0,-0.725000023841858,0.0,1,1,1,0,1,0,0,0,0,0,0,1,1,1,0,0,0,0,0,1.005736639,1,0.047459987,0.314813938
C_T_11120401_Ser_673_Ser,673.0,0,0,1,0,0,0,1,-4.93218548883816,0.07,1,0,14.0,0.0,,0,-0.172999992966652,0.0010000000474974,1,1,1,0,1,0,0,0,0,0,0,1,1,1,0,0,0,0,0,0.946905461,1,0.049655282,0.384628164
A_A_11120403_Gly_675_fs,675.0,1,0,0,1,0,0,0,,,0,0,14.0,0.0,,0,,,0,0,1,1,1,0,0,0,0,0,0,1,1,1,1,0,0,0,0,,0,,
T_C_11120404_Asn_674_Asn,674.0,0,0,1,0,0,0,1,-4.832682665251824,0.06,1,0,14.0,0.0,,0,-3.51200008392334,0.0,1,1,1,0,1,0,0,0,0,0,0,1,1,1,0,0,0,0,0,,0,,
G_A_11120405_Gly_675_Ser,675.0,1,1,0,0,0,0,1,-5.347077112432058,0.06,1,0,14.0,0.0,0.853,1,7.88600015640259,1.0,1,1,1,0,1,0,0,0,0,0,0,1,1,1,0,0,0,0,0,1.006069881,1,0.072607268,0.290429071
C_T_11120407_Gly_675_Gly,675.0,0,0,1,0,0,0,1,-4.458670422333307,0.09,1,0,14.0,0.0,,0,-2.9909999370575,0.0,1,1,1,0,1,0,0,0,0,0,0,1,1,1,0,0,0,0,0,0.95178437,1,0.095372122,0.330378723
C_C_11120407_Gly_676_fs,676.0,1,0,0,1,0,0,0,,,0,0,14.0,0.0,,0,6.72399997711182,1.0,1,1,1,1,1,0,0,0,0,0,0,1,1,1,-1,0,0,0,0,,0,,
G_C_11120408_Gly_676_Arg,676.0,1,1,0,0,0,0,1,-3.715343717211484,0.01,1,0,14.0,0.0,0.906,1,7.65899991989136,1.0,1,1,1,0,1,0,0,0,0,0,0,1,1,1,0,0,0,0,0,1.025465775,1,0.049919933,0.199679734
C_C_11120410_Gln_678_Cys,678.0,1,0,0,0,0,0,0,,,0,0,14.0,0.0,,0,,,0,0,1,0,1,0,0,0,0,0,0,1,1,1,-12,0,1,1,0,,0,,
T_C_11120411_Cys_677_Arg,677.0,1,1,0,0,0,0,1,-4.780939667551139,0.05,1,0,14.0,0.0,0.965,1,8.00399971008301,1.0,1,1,1,0,1,0,0,0,0,1,0,1,1,1,0,0,0,0,0,0.060992321,1,0.10492945,0.514047221
T_T_11120411_Cys_677_fs,677.0,1,0,0,1,0,0,0,,,0,0,14.0,0.0,,0,,,0,0,1,1,1,0,0,0,0,1,0,1,1,1,-13,0,0,0,0,,0,,
G_A_11120412_Cys_677_Tyr,677.0,1,1,0,0,0,0,0,,0.17,1,0,14.0,0.0,0.953,1,9.98600006103516,1.0,1,1,1,0,1,0,0,0,0,1,0,1,1,1,0,0,0,0,0,0.010694041,1,0.093203305,0.372813219
G_T_11120412_Cys_677_Phe,677.0,1,1,0,0,0,0,1,-4.598771832501887,0.05,1,0,14.0,0.0,0.963,1,9.98600006103516,1.0,1,1,1,0,1,0,0,0,0,1,0,1,1,1,0,0,0,0,0,-0.073958884,1,0.134143666,0.709821561
C_A_11120413_Cys_677_Ter,677.0,1,0,0,0,0,0,0,,0.65,1,0,14.0,0.0,,0,1.44000005722046,1.0,1,1,1,1,1,0,1,0,0,1,0,1,1,1,0,0,0,0,0,-0.019172834,1,0.134960051,0.603559695
C_T_11120414_Gln_678_Ter,678.0,1,0,0,0,0,0,0,,0.2,1,0,14.0,0.0,,0,1.807000041008,1.0,1,1,1,1,1,0,1,0,0,0,0,1,1,1,0,0,0,0,0,-0.191208158,1,0.098485799,0.482479908
G_G_11120416_Tyr_679_fs,679.0,1,0,0,1,0,0,0,,,0,0,14.0,0.0,,0,,,0,0,1,1,1,0,0,0,0,0,0,1,1,1,1,0,0,0,0,,0,,
T_T_11120417_Tyr_679_Ter,679.0,1,0,0,1,0,0,0,,,0,0,14.0,0.0,,0,,,0,0,1,1,1,0,1,1,0,0,0,1,1,1,1,0,0,0,0,0.070809194,1,0.155737209,0.824083851
T_A_11120419_Tyr_679_Ter,679.0,1,0,0,0,0,0,1,-6.046095406586541,0.63,1,0,14.0,0.0,,0,0.505999982357025,0.36599999666214,1,1,1,1,1,0,1,0,0,0,0,1,1,1,0,0,0,0,0,0.070809194,1,0.155737209,0.824083851
T_C_11120419_Tyr_679_Tyr,679.0,0,0,1,0,0,0,1,-4.72399801003795,0.08,1,0,14.0,0.0,,0,0.505999982357025,0.36599999666214,1,1,1,0,1,0,0,0,0,0,0,1,1,1,0,0,0,0,0,,0,,
C_T_11120420_Leu_680_Leu,680.0,0,0,1,0,0,0,1,-3.821886747685368,0.02,1,0,14.0,0.0,,0,0.111000001430511,0.33899998664856,1,1,1,0,1,0,0,0,0,0,0,1,1,1,0,0,0,0,0,1.108400115,1,0.158173557,0.447382379
C_C_11120420_Cys_681_fs,681.0,1,0,0,1,0,0,0,,,0,0,14.0,0.0,,0,,,0,0,1,1,1,0,0,0,0,1,0,1,1,1,-2,0,0,0,0,,0,,
T_G_11120423_Cys_681_Gly,681.0,1,1,0,0,0,0,0,,0.18,1,0,14.0,0.0,0.957,1,8.00399971008301,1.0,1,1,1,0,1,0,0,0,0,1,0,1,1,1,0,0,0,0,0,-0.113608213,1,0.303888386,1.48874297
G_A_11120424_Cys_681_Tyr,681.0,1,1,0,0,0,0,1,-6.046095406586541,0.04,1,0,14.0,0.0,0.968,1,9.98600006103516,1.0,1,1,1,0,1,0,0,0,0,1,0,1,1,1,0,0,0,0,0,0.104414038,1,0.161140011,0.455772778
G_C_11120424_Cys_681_Ser,681.0,1,1,0,0,0,0,1,-6.046095406586541,0.16,1,0,14.0,0.0,0.957,1,9.98600006103516,1.0,1,1,1,0,1,0,0,0,0,1,0,1,1,1,0,0,0,0,0,-0.163234386,1,0.084905944,0.61226547
G_G_11120424_Ala_684_fs,684.0,1,0,0,1,0,0,0,,,0,0,14.0,0.0,,0,,,0,0,1,1,1,0,0,0,0,0,0,1,1,1,-4,0,0,0,0,,0,,
C_A_11120425_Cys_681_Ter,681.0,1,0,0,0,0,0,1,-3.0620309970485478,0.04,1,0,14.0,0.0,,0,-0.847000002861023,0.0120000001043081,1,1,1,1,1,0,1,0,0,1,0,1,1,1,0,0,0,0,0,-0.162409579,1,0.18575082,0.525382657
C_G_11120425_Cys_681_Trp,681.0,1,1,0,0,0,0,0,,0.14,1,0,14.0,0.0,0.83,1,-0.847000002861023,0.0120000001043081,1,1,1,0,1,0,0,0,0,1,0,1,1,1,0,0,0,0,0,-0.046517524,1,0.204997844,0.819991378
C_T_11120426_Leu_682_Phe,682.0,1,1,0,0,0,0,0,,0.19,1,0,14.0,0.0,0.834,1,7.89300012588501,1.0,1,1,1,0,1,0,0,0,0,0,0,1,1,1,0,0,0,0,0,0.906922873,1,0.039265861,0.157063443
T_G_11120427_Leu_682_Arg,682.0,1,1,0,0,0,0,0,,0.19,1,0,14.0,0.0,0.954,1,8.00399971008301,1.0,1,1,1,0,1,0,0,0,0,0,0,1,1,1,0,0,0,0,0,-0.033831138,1,0.090291592,0.361166367
C_T_11120428_Leu_682_Leu,682.0,0,0,1,0,0,0,0,,0.11,1,0,14.0,0.0,,0,-2.59800004959106,0.0,1,1,1,0,1,0,0,0,0,0,0,1,1,1,0,0,0,0,0,0.992394737,1,0.085853517,0.485660834
C_C_11120430_Ala_684_fs,684.0,1,0,0,1,0,0,0,,,0,0,14.0,0.0,,0,,,0,0,1,1,1,0,0,0,0,0,0,1,1,1,1,0,0,0,0,,0,,
T_G_11120431_Pro_683_Pro,683.0,0,0,1,0,0,0,0,,0.18,1,0,14.0,0.0,,0,-6.29400014877319,0.0,1,1,1,0,1,0,0,0,0,0,0,1,1,1,0,0,0,0,0,0.968939206,1,0.19820284,0.560602288
T_T_11120431_Ala_684_fs,684.0,1,0,0,1,0,0,0,,,0,0,14.0,0.0,,0,,,0,0,1,1,1,0,0,0,0,0,0,1,1,1,-14,0,0,0,0,,0,,
G_G_11120432_Gln_686_fs,686.0,1,0,0,1,0,0,0,,,0,0,14.0,0.0,,0,,,0,0,1,1,1,0,0,0,0,0,0,1,1,1,1,0,0,0,0,,0,,
G_G_11120432_Pro_685_fs,685.0,1,0,0,1,0,0,0,,,0,0,14.0,0.0,,0,7.89300012588501,1.0,1,1,1,1,1,0,0,0,0,0,0,1,1,1,-1,0,0,0,0,,0,,
G_G_11120432_Gln_686_fs,686.0,1,0,0,1,0,0,0,,,0,0,14.0,0.0,,0,,,0,0,1,1,1,0,0,0,0,0,0,1,1,1,-13,0,0,0,0,,0,,
G_G_11120432_Gln_686_fs,686.0,1,0,0,1,0,0,0,,,0,0,14.0,0.0,,0,,,0,0,1,1,1,0,0,0,0,0,0,1,1,1,-14,0,0,0,0,,0,,
C_G_11120434_Ala_684_Ala,684.0,0,0,1,0,0,0,1,-6.046095406586541,0.2,1,0,14.0,0.0,,0,-0.49099999666214,0.0710000023245811,1,1,1,0,1,0,0,0,0,0,0,1,1,1,0,0,0,0,0,1.25128538,1,0.143006652,0.572026609
C_T_11120434_Ala_684_Ala,684.0,0,0,1,0,0,0,1,-4.598771832501887,0.02,1,0,14.0,0.0,,0,-0.49099999666214,0.0710000023245811,1,1,1,0,1,0,0,0,0,0,0,1,1,1,0,0,0,0,0,1.25128538,1,0.143006652,0.572026609
C_A_11120435_Pro_685_Thr,685.0,1,1,0,0,0,0,0,,0.19,1,0,14.0,0.0,0.896,1,7.89300012588501,1.0,1,1,1,0,1,0,0,0,0,0,0,1,1,1,0,0,0,0,0,1.098710147,1,0.126081247,0.504324987
C_G_11120435_Pro_685_Ala,685.0,1,1,0,0,0,0,0,,0.21,1,0,14.0,0.0,0.81,1,7.89300012588501,1.0,1,1,1,0,1,0,0,0,0,0,0,1,1,1,0,0,0,0,0,1.012786233,1,0.150904466,0.426822286
C_T_11120435_Pro_685_Ser,685.0,1,1,0,0,0,0,0,,0.09,1,0,14.0,0.0,0.84,1,7.89300012588501,1.0,1,1,1,0,1,0,0,0,0,0,0,1,1,1,0,0,0,0,0,0.958197304,1,0.069040211,0.390550409
C_A_11120436_Pro_685_Gln,685.0,1,1,0,0,0,0,0,,0.19,1,0,14.0,0.0,0.812,1,7.89300012588501,1.0,1,1,1,0,1,0,0,0,0,0,0,1,1,1,0,0,0,0,0,-0.155520216,1,0.115601003,0.40045362
C_G_11120436_Pro_685_Arg,685.0,1,1,0,0,0,0,0,,0.19,1,0,14.0,0.0,0.862,1,7.89300012588501,1.0,1,1,1,0,1,0,0,0,0,0,0,1,1,1,0,0,0,0,0,0.988428374,1,0.062601404,0.415250739
C_T_11120436_Pro_685_Leu,685.0,1,1,0,0,0,0,1,-4.1216505777822245,0.02,1,0,14.0,0.0,0.883,1,7.89300012588501,1.0,1,1,1,0,1,0,0,0,0,0,0,1,1,1,0,0,0,0,0,0.919749899,1,0.067279404,0.269117617
C_C_11120436_Gln_686_fs,686.0,1,0,0,1,0,0,0,,,0,0,14.0,0.0,,0,-4.90100002288818,0.0,1,1,1,1,1,0,0,0,0,0,0,1,1,1,-1,0,0,0,0,,0,,
G_A_11120437_Pro_685_Pro,685.0,0,0,1,0,0,0,1,-2.946537395074545,0.09,1,0,14.0,0.0,,0,-4.90100002288818,0.0,1,1,1,0,1,0,0,0,0,0,0,1,1,1,0,0,0,0,0,0.951855399,1,0.08319967,0.332798682
G_G_11120437_Gln_686_fs,686.0,1,0,0,1,0,0,0,,,0,0,14.0,0.0,,0,,,0,0,1,1,1,0,0,0,0,0,0,1,1,1,-13,0,0,0,0,,0,,
C_G_11120438_Gln_686_Glu,686.0,1,1,0,0,0,0,0,,0.22,1,0,14.0,0.0,0.594,1,6.09700012207031,1.0,1,1,1,0,1,0,0,0,0,0,0,1,1,1,0,0,0,0,0,1.009700581,1,0.112878767,0.451515069
C_T_11120438_Gln_686_Ter,686.0,1,0,0,0,0,0,0,,0.12,1,0,14.0,0.0,,0,6.09700012207031,1.0,1,1,1,1,1,0,1,0,0,0,0,1,1,1,0,0,0,0,0,-0.233341379,1,0.132694199,0.375315871
A_A_11120441_Asn_688_fs,688.0,1,0,0,1,0,0,0,,,0,0,14.0,0.0,,0,,,0,0,1,1,1,0,0,0,0,0,0,1,1,1,1,0,0,0,0,,0,,
A_A_11120441_Ile_687_fs,687.0,1,0,0,1,0,0,0,,,0,0,14.0,0.0,,0,6.2480001449585,1.0,1,1,1,1,1,0,0,0,0,0,0,1,1,1,-1,0,0,0,0,,0,,
T_T_11120442_Asn_688_fs,688.0,1,0,0,1,0,0,1,-4.832682665251824,,0,0,14.0,0.0,,0,,,0,0,1,1,1,0,0,0,0,0,0,1,1,1,1,0,0,0,0,,0,,
T_T_11120442_Asn_688_fs,688.0,1,0,0,1,0,0,0,,,0,0,14.0,0.0,,0,0.0089999996125698,0.003000000026077,1,1,1,1,1,0,0,0,0,0,0,1,1,1,-1,0,0,0,0,,0,,
C_C_11120443_Asn_688_fs,688.0,1,0,0,1,0,0,0,,,0,0,14.0,0.0,,0,,,0,0,1,1,1,0,0,0,0,0,0,1,1,1,1,0,0,0,0,,0,,
C_T_11120443_Ile_687_Ile,687.0,0,0,1,0,0,0,1,-3.760950906859808,0.04,1,0,14.0,0.0,,0,0.0089999996125698,0.003000000026077,1,1,1,0,1,0,0,0,0,0,0,1,1,1,0,0,0,0,0,0.849878344,1,0.153296965,0.433589293
C_C_11120443_Asn_688_fs,688.0,1,0,0,1,0,0,0,,,0,0,14.0,0.0,,0,0.0070000002160668,0.0,1,1,1,1,1,0,0,0,0,0,0,1,1,1,-1,0,0,0,0,,0,,
A_A_11120445_His_690_fs,690.0,1,0,0,1,0,0,0,,,0,0,14.0,0.0,,0,,,0,0,1,1,1,0,0,0,0,0,0,1,1,1,1,0,0,0,0,,0,,
A_A_11120445_His_690_fs,690.0,1,0,0,1,0,0,0,,,0,0,14.0,0.0,,0,2.63599991798401,0.0140000004321337,1,1,1,1,1,0,0,0,0,0,0,1,1,1,-1,0,0,0,0,,0,,
C_T_11120446_Asn_688_Asn,688.0,0,0,1,0,0,0,1,-4.26074419673149,0.02,1,0,14.0,0.0,,0,0.0189999993890524,0.0,1,1,1,0,1,0,0,0,0,0,0,1,1,1,0,0,0,0,0,0.954946744,1,0.094825076,0.464546101
C_C_11120448_His_690_fs,690.0,1,0,0,1,0,0,0,,,0,0,14.0,0.0,,0,,,0,0,1,1,1,0,0,0,0,0,0,1,1,1,-17,0,0,0,0,,0,,
C_T_11120452_His_690_His,690.0,0,0,1,0,0,0,1,-5.744968836654449,0.02,1,0,14.0,0.0,,0,-0.598999977111816,0.0,1,1,1,0,1,0,0,0,0,0,0,1,1,1,0,0,0,0,0,0.843878518,1,0.151831412,0.607325647
C_A_11120454_Ser_691_Ter,691.0,1,0,0,0,0,0,1,-4.598771832501887,0.09,1,0,14.0,0.0,,0,7.89300012588501,1.0,1,1,1,1,1,0,1,0,0,0,0,1,1,1,0,0,0,0,0,-0.008688482,1,0.259587032,1.038348129
G_A_11120455_Ser_691_Ser,691.0,0,0,1,0,0,0,1,-3.760950906859808,0.05,1,0,14.0,0.0,,0,-4.99700021743774,0.0,1,1,1,0,1,0,0,0,0,0,0,1,1,1,0,0,0,0,0,0.877870769,1,0.073204712,0.358628383
G_T_11120455_Ser_691_Ser,691.0,0,0,1,0,0,0,1,-4.780939667551139,0.06,1,0,14.0,0.0,,0,-4.99700021743774,0.0,1,1,1,0,1,0,0,0,0,0,0,1,1,1,0,0,0,0,0,0.877870769,1,0.073204712,0.358628383
C_C_11120458_Phe_694_fs,694.0,1,0,0,1,0,0,0,,,0,0,14.0,0.0,,0,,,0,0,1,1,1,0,0,0,0,0,0,1,1,1,1,0,0,0,0,,0,,
C_G_11120458_Pro_692_Pro,692.0,0,0,1,0,0,0,0,,0.07,1,0,14.0,0.0,,0,0.0270000007003546,0.827000021934509,1,1,1,0,1,0,0,0,0,0,0,1,1,1,0,0,0,0,0,1.013231629,1,0.093946651,0.265721255
C_T_11120458_Pro_692_Pro,692.0,0,0,1,0,0,0,0,,0.03,1,0,14.0,0.0,,0,0.0270000007003546,0.827000021934509,1,1,1,0,1,0,0,0,0,0,0,1,1,1,0,0,0,0,0,1.013231629,1,0.093946651,0.265721255
C_C_11120458_Lys_693_fs,693.0,1,0,0,1,0,0,0,,,0,0,14.0,0.0,,0,,,0,0,1,1,1,0,0,0,0,0,0,1,1,1,-2,0,0,0,0,,0,,
T_G_11120462_Phe_694_Val,694.0,1,1,0,0,0,0,0,,0.05,1,0,14.0,0.0,0.817,1,8.00399971008301,1.0,1,1,1,0,1,0,0,0,0,0,0,1,1,1,0,0,0,0,0,1.004515553,1,0.063610913,0.440709331
A_A_11120465_Cys_696_fs,696.0,1,0,0,1,0,0,0,,,0,0,14.0,0.0,,0,-0.181999996304512,0.38400000333786,1,1,1,1,1,0,0,0,0,1,0,1,1,1,-1,0,0,0,0,,0,,
A_A_11120465_Ala_697_fs,697.0,1,0,0,1,0,0,0,,,0,0,14.0,0.0,,0,,,0,0,1,1,1,0,0,0,0,0,0,1,1,1,-19,0,0,0,0,,0,,
C_T_11120467_Thr_695_Thr,695.0,0,0,1,0,0,0,0,,0.04,1,0,14.0,0.0,,0,-0.181999996304512,0.38400000333786,1,1,1,0,1,0,0,0,0,0,0,1,1,1,0,0,0,0,0,1.009278594,1,0.097389924,0.435540979
T_A_11120468_Cys_696_Ser,696.0,1,1,0,0,0,0,0,,0.01,1,0,14.0,0.0,0.924,1,8.00399971008301,1.0,1,1,1,0,1,0,0,0,0,1,0,1,1,1,0,0,0,0,0,-0.195349207,1,0.200029282,0.894558144
T_G_11120468_Cys_696_Gly,696.0,1,1,0,0,0,0,0,,0.03,1,0,14.0,0.0,0.928,1,8.00399971008301,1.0,1,1,1,0,1,0,0,0,0,1,0,1,1,1,0,0,0,0,0,0.045130856,1,0.138571056,0.391938135
G_A_11120469_Cys_696_Tyr,696.0,1,1,0,0,0,0,1,-4.598771832501887,0.0,1,0,14.0,0.0,0.932,1,9.98600006103516,1.0,1,1,1,0,1,0,0,0,0,1,0,1,1,1,0,0,0,0,0,-0.011930087,1,0.163650926,0.801722531
G_T_11120469_Cys_696_Phe,696.0,1,1,0,0,0,0,0,,0.0,1,0,14.0,0.0,0.929,1,9.98600006103516,1.0,1,1,1,0,1,0,0,0,0,1,0,1,1,1,0,0,0,0,0,0.044162953,1,0.200136061,0.566070264
C_A_11120470_Cys_696_Ter,696.0,1,0,0,0,0,0,1,-6.046095406586541,0.03,1,0,14.0,0.0,,0,-0.239999994635582,0.563000023365021,1,1,1,1,1,0,1,0,0,1,0,1,1,1,0,0,0,0,0,0.24707195,1,0.212861979,0.737375526
C_G_11120470_Cys_696_Trp,696.0,1,1,0,0,0,0,0,,0.03,1,0,14.0,0.0,0.797,1,-0.239999994635582,0.563000023365021,1,1,1,0,1,0,0,0,0,1,0,1,1,1,0,0,0,0,0,1.026282756,1,0.124806757,0.249613514
C_T_11120470_Cys_696_Cys,696.0,0,0,1,0,0,0,1,-4.531800413927387,0.02,1,0,14.0,0.0,,0,-0.239999994635582,0.563000023365021,1,1,1,0,1,0,0,0,0,1,0,1,1,1,0,0,0,0,0,1.029001699,1,0.151912884,0.429674523
G_C_11120471_Ala_697_Pro,697.0,1,1,0,0,0,0,0,,0.07,1,0,14.0,0.0,0.78,1,4.27600002288818,0.996999979019165,1,1,1,0,1,0,0,0,0,0,0,1,1,1,0,0,0,0,0,0.285257474,1,0.304804839,0.862118274
G_G_11120471_Cys_698_fs,698.0,1,0,0,1,0,0,0,,,0,0,14.0,0.0,,0,0.184000000357628,0.921999990940094,1,1,1,1,1,0,0,0,0,1,0,1,1,1,-1,0,0,0,0,,0,,
C_T_11120473_Ala_697_Ala,697.0,0,0,1,0,0,0,0,,0.02,1,0,14.0,0.0,,0,0.184000000357628,0.921999990940094,1,1,1,0,1,0,0,0,0,0,0,1,1,1,0,0,0,0,0,0.923138818,1,0.043595636,0.194965612
C_C_11120473_Cys_698_fs,698.0,1,0,0,1,0,0,0,,,0,0,14.0,0.0,,0,8.00399971008301,1.0,1,1,1,1,1,0,0,0,0,1,0,1,1,1,-1,0,0,0,0,,0,,
T_C_11120474_Cys_698_Arg,698.0,1,1,0,0,0,0,0,,0.0,1,0,14.0,0.0,0.92,1,8.00399971008301,1.0,1,1,1,0,1,0,0,0,0,1,0,1,1,1,0,0,0,0,0,-0.19089863,1,0.098274832,0.277963199
G_A_11120475_Cys_698_Tyr,698.0,1,1,0,0,0,0,1,-4.598771832501887,0.02,1,0,14.0,0.0,0.916,1,9.98600006103516,1.0,1,1,1,0,1,0,0,0,0,1,0,1,1,1,0,0,0,0,0,0.943190572,1,0.13937075,0.278741499
G_T_11120475_Cys_698_Phe,698.0,1,1,0,0,0,0,1,-5.744968836654449,0.01,1,0,14.0,0.0,0.932,1,9.98600006103516,1.0,1,1,1,0,1,0,0,0,0,1,0,1,1,1,0,0,0,0,0,-0.515543236,1,0.123771645,0.24754329
G_G_11120475_Pro_699_fs,699.0,1,0,0,1,0,0,0,,,0,0,14.0,0.0,,0,7.89300012588501,1.0,1,1,1,1,1,0,0,0,0,0,0,1,1,1,-1,0,0,0,0,,0,,
C_A_11120476_Cys_698_Ter,698.0,1,0,0,0,0,0,0,,0.01,1,0,14.0,0.0,,0,0.513000011444092,0.998000025749207,1,1,1,1,1,0,1,0,0,1,0,1,1,1,0,0,0,0,0,-0.286457284,1,0.348063886,1.205728669
C_C_11120477_Met_702_fs,702.0,1,0,0,1,0,0,0,,,0,0,14.0,0.0,,0,,,0,0,1,1,1,0,0,0,0,0,0,1,1,1,4,0,0,0,0,,0,,
G_A_11120479_Pro_699_Pro,699.0,0,0,1,0,0,0,1,-4.178945244953112,0.03,1,0,14.0,0.0,,0,-5.24599981307983,0.0,1,1,1,0,1,0,0,0,0,0,0,1,1,1,0,0,0,0,0,1.075969943,1,0.02818021,0.07970567
G_A_11120480_Asp_700_Asn,700.0,1,1,0,0,0,0,1,-3.92959267825988,0.04,1,0,14.0,0.0,0.683,1,9.93599987030029,1.0,1,1,1,0,1,0,0,0,0,0,0,1,1,1,0,0,0,0,0,1.052548209,1,0.091002498,0.257393933
A_G_11120481_Asp_700_Gly,700.0,1,1,0,0,0,0,0,,0.09,1,0,14.0,0.0,0.875,1,6.18699979782104,1.0,1,1,1,0,1,0,0,0,0,0,0,1,1,1,0,0,0,0,0,1.001301781,1,0.053356272,0.213425088
T_T_11120487_Arg_706_fs,706.0,1,0,0,1,0,0,0,,,0,0,14.0,0.0,,0,,,0,0,1,1,1,0,0,0,0,0,0,1,1,1,7,0,0,0,0,,0,,
T_T_11120487_Met_702_fs,702.0,1,0,0,1,0,0,0,,,0,0,14.0,0.0,,0,6.68400001525879,1.0,1,1,1,1,1,0,0,0,0,0,0,1,1,1,-1,0,0,0,0,,0,,
T_T_11120487_Leu_703_fs,703.0,1,0,0,1,0,0,0,,,0,0,14.0,0.0,,0,,,0,0,1,1,1,0,0,0,0,0,0,1,1,1,-7,0,0,0,0,,0,,
C_C_11120489_Arg_706_fs,706.0,1,0,0,1,0,0,0,,,0,0,14.0,0.0,,0,,,0,0,1,1,1,0,0,0,0,0,0,1,1,1,4,0,0,0,0,,0,,
C_T_11120492_Leu_704_Leu,704.0,0,0,1,0,0,0,0,,0.01,1,0,14.0,0.0,,0,1.74000000953674,0.84799998998642,1,1,1,0,1,0,0,0,0,0,0,1,1,1,0,0,0,0,0,0.985183524,1,0.095790258,0.270935763
T_T_11120493_Ala_705_fs,705.0,1,0,0,1,0,0,0,,,0,0,14.0,0.0,,0,6.83099985122681,1.0,1,1,1,1,1,0,0,0,0,0,0,1,1,1,-1,0,0,0,0,,0,,
G_A_11120494_Leu_704_Leu,704.0,0,0,1,0,0,0,1,-4.780939667551139,0.01,1,0,14.0,0.0,,0,0.404000014066696,0.998000025749207,1,1,1,0,1,0,0,0,0,0,0,1,1,1,0,0,0,0,0,0.985183524,1,0.095790258,0.270935763
C_T_11120496_Ala_705_Val,705.0,1,1,0,0,0,0,0,,0.04,1,0,14.0,0.0,0.638,1,0.0989999994635582,0.0040000001899898,1,1,1,0,1,0,0,0,0,0,0,1,1,1,0,0,0,0,0,1.096875584,1,0.114662308,0.51278543
G_G_11120499_Ser_710_Ter,710.0,1,0,0,1,0,0,0,,,0,0,14.0,0.0,,0,,,0,0,1,1,1,0,0,0,0,0,0,1,1,1,8,0,1,0,1,,0,,
G_T_11120501_Asp_707_Tyr,707.0,1,1,0,0,0,0,0,,0.97,1,0,14.0,0.0,0.973,1,8.46399974822998,1.0,1,1,1,0,1,0,0,0,0,0,0,1,1,1,0,0,0,0,0,-0.548501148,1,0.122126162,0.244252324
G_A_11120509_Arg_709_Arg,709.0,0,0,1,0,0,0,1,-5.744968836654449,0.0,1,0,14.0,0.0,,0,0.883000016212463,1.0,1,1,1,0,1,0,0,0,0,0,0,1,1,1,0,0,0,0,0,1.129259057,1,0.128724697,0.514898788
G_G_11120509_Cys_711_Ter,711.0,1,0,0,1,0,0,0,,,0,0,14.0,0.0,,0,,,0,0,1,1,1,0,0,0,0,1,0,1,1,1,4,0,0,0,0,0.196830838,1,0.069206598,0.309501316
T_A_11120513_Cys_711_Ser,711.0,1,1,0,0,0,0,0,,0.0,1,0,14.0,0.0,0.945,1,7.8769998550415,1.0,1,1,1,0,1,0,0,0,0,1,0,1,1,1,0,0,0,0,0,-0.161067834,1,0.088500788,0.25031803
G_A_11120514_Cys_711_Tyr,711.0,1,1,0,0,0,0,0,,0.01,1,0,14.0,0.0,0.971,1,7.98099994659424,1.0,1,1,1,0,1,0,0,0,0,1,0,1,1,1,0,0,0,0,0,-0.356582592,1,0.019662235,0.068111981
G_C_11120514_Cys_711_Ser,711.0,1,1,0,0,0,0,0,,0.0,1,0,14.0,0.0,0.96,1,7.98099994659424,1.0,1,1,1,0,1,0,0,0,0,1,0,1,1,1,0,0,0,0,0,-0.161067834,1,0.088500788,0.25031803
G_G_11120514_Leu_712_fs,712.0,1,0,0,1,0,0,0,,,0,0,14.0,0.0,,0,,,0,0,1,1,1,0,0,0,0,0,0,1,1,1,1,0,0,0,0,,0,,
G_T_11120514_Cys_711_Phe,711.0,1,1,0,0,0,0,1,-4.935916564036404,0.01,1,0,14.0,0.0,0.977,1,7.98099994659424,1.0,1,1,1,0,1,0,0,0,0,1,0,1,1,1,0,0,0,0,0,-0.013442649,1,0.119779237,0.479116947
C_A_11120515_Cys_711_Ter,711.0,1,0,0,0,0,0,0,,0.01,1,0,14.0,0.0,,0,0.122000001370907,0.184000000357628,1,1,1,1,1,0,1,0,0,1,0,1,1,1,0,0,0,0,0,0.196830838,1,0.069206598,0.309501316
A_G_11120521_Thr_713_Thr,713.0,1,0,1,0,0,0,1,-4.719421629631924,0.29,1,0,14.0,0.0,,0,4.96299982070923,1.0,1,1,1,0,1,0,0,0,0,0,1,1,1,1,0,0,0,0,0,0.944360087,1,0.052791882,0.350181732
G_A_11120522_Glu_714_Lys,714.0,1,1,0,0,0,0,0,,0.68,1,0,14.0,0.0,0.582,1,6.66099977493286,1.0,1,1,1,0,1,0,0,0,0,0,1,1,1,1,0,0,0,0,0,1.04401425,1,0.019798815,0.125218702
G_C_11120522_Glu_714_Gln,714.0,1,1,0,0,0,0,0,,0.92,1,0,14.0,0.0,0.437,1,6.66099977493286,1.0,1,1,1,0,1,0,0,0,0,0,1,1,1,1,0,0,0,0,0,0.994788011,1,0.018871134,0.053375629
G_T_11120522_Glu_714_Ter,714.0,1,0,0,0,0,0,1,-5.744968836654449,0.85,1,0,14.0,0.0,,0,6.66099977493286,1.0,1,1,1,1,1,0,1,0,0,0,1,1,1,1,0,0,0,0,0,-0.307919611,1,0.071471894,0.202153043
G_A_11120523_<NA>_<NA>_<NA>,,1,0,0,0,0,0,1,-4.935916564036404,0.99,1,0,,,,0,7.97100019454956,1.0,1,1,,1,,,0,0,0,0,1,0,0,0,0,0,0,0,0,,0,,
G_C_11120523_<NA>_<NA>_<NA>,,1,0,0,0,0,0,0,,0.99,1,0,,,,0,7.97100019454956,1.0,1,1,,1,,,0,0,0,0,1,0,0,0,0,0,0,0,0,,0,,
G_T_11120523_<NA>_<NA>_<NA>,,1,0,0,0,0,0,1,-4.935916564036404,0.99,1,0,,,,0,7.97100019454956,1.0,1,1,,1,,,0,0,0,0,1,0,0,0,0,0,0,0,0,,0,,
T_A_11120524_<NA>_<NA>_<NA>,,1,0,0,0,0,0,1,-3.6836102489268048,0.98,1,0,,,,0,6.01900005340576,1.0,1,1,,1,,,0,0,0,0,1,0,0,0,0,0,0,0,0,,0,,
T_C_11120524_<NA>_<NA>_<NA>,,1,0,0,0,0,0,0,,0.79,1,0,,,,0,6.01900005340576,1.0,1,1,,1,,,0,0,0,0,1,0,0,0,0,0,0,0,0,,0,,
G_A_11120527_<NA>_<NA>_<NA>,,0,0,0,0,1,0,1,-1.494036481981874,0.33,1,0,,,,0,1.52400004863739,0.360000014305115,1,1,,0,,,0,0,0,0,0,0,0,0,0,0,0,0,0,,0,,
G_T_11120527_<NA>_<NA>_<NA>,,0,0,0,0,1,0,0,,0.06,1,0,,,,0,1.52400004863739,0.360000014305115,1,1,,0,,,0,0,0,0,0,0,0,0,0,0,0,0,0,,0,,
C_T_11120531_<NA>_<NA>_<NA>,,0,0,0,0,1,0,1,-4.634699251362012,0.02,1,0,,,,0,2.0789999961853,0.0049999998882412,1,1,,0,,,0,0,0,0,0,0,0,0,0,0,0,0,0,,0,,
C_G_11120533_<NA>_<NA>_<NA>,,0,0,0,0,1,0,0,,0.0,1,0,,,,0,-1.39400005340576,0.0,1,1,,0,,,0,0,0,0,0,0,0,0,0,0,0,0,0,,0,,
C_T_11120533_<NA>_<NA>_<NA>,,0,0,0,0,1,0,1,-3.899629454882437,0.0,1,0,,,,0,-1.39400005340576,0.0,1,1,,0,,,0,0,0,0,0,0,0,0,0,0,0,0,0,,0,,
G_A_11120534_<NA>_<NA>_<NA>,,0,0,0,0,1,0,1,-4.183361055101539,0.0,1,0,,,,0,0.564000010490417,0.0010000000474974,1,1,,0,,,0,0,0,0,0,0,0,0,0,0,0,0,0,,0,,
C_T_11120535_<NA>_<NA>_<NA>,,0,0,0,0,1,0,1,-4.081917215357813,0.0,1,0,,,,0,0.574999988079071,0.0010000000474974,1,1,,0,,,0,0,0,0,0,0,0,0,0,0,0,0,0,,0,,
T_C_11120537_<NA>_<NA>_<NA>,,0,0,0,0,1,0,1,-4.531800413927387,0.0,1,0,,,,0,0.425999999046326,0.0020000000949949,1,1,,0,,,0,0,0,0,0,0,0,0,0,0,0,0,0,,0,,
T_G_11120538_<NA>_<NA>_<NA>,,0,0,0,0,1,0,0,,0.01,1,0,,,,0,-0.061999998986721,0.0010000000474974,1,1,,0,,,0,0,0,0,0,0,0,0,0,0,0,0,0,,0,,
T_G_11120542_<NA>_<NA>_<NA>,,0,0,0,0,1,0,1,-3.383419469914114,0.0,1,0,,,,0,-0.964999973773956,0.0,1,1,,0,,,0,0,0,0,0,0,0,0,0,0,0,0,0,,0,,
C_G_11120608_<NA>_<NA>_<NA>,,1,0,0,0,1,0,0,,0.75,1,0,,,,0,-0.24600000679493,0.0,1,1,,0,,,0,0,0,0,0,0,0,0,0,0,0,0,0,,0,,
C_T_11120608_<NA>_<NA>_<NA>,,0,0,0,0,1,0,1,-3.566070234391536,0.07,1,0,,,,0,-0.24600000679493,0.0,1,1,,0,,,0,0,0,0,0,0,0,0,0,0,0,0,0,,0,,
G_A_11120620_<NA>_<NA>_<NA>,,0,0,0,0,1,0,1,-4.3952341152961125,0.01,1,0,,,,0,0.0280000008642673,0.0020000000949949,1,1,,0,,,0,0,0,0,0,0,0,0,0,0,0,0,0,,0,,
G_A_11122956_<NA>_<NA>_<NA>,,1,0,0,0,1,0,0,,0.34,1,0,,,,0,-1.33599996566772,0.0010000000474974,1,1,,0,,,0,0,0,0,0,0,0,0,0,0,0,0,0,,0,,
A_A_11122977_<NA>_<NA>_<NA>,,0,0,0,0,1,0,0,,,0,0,,,,0,0.0,0.0010000000474974,1,1,,0,,,0,0,0,0,0,0,0,0,-1,0,0,0,0,,0,,
G_A_11123002_<NA>_<NA>_<NA>,,0,0,0,0,1,0,0,,0.09,1,0,,,,0,0.314000010490417,0.003000000026077,1,1,,0,,,0,0,0,0,0,0,0,0,0,0,0,0,0,,0,,
G_C_11123002_<NA>_<NA>_<NA>,,0,0,0,0,1,0,1,-0.4340341825533333,0.29,1,0,,,,0,0.314000010490417,0.003000000026077,1,1,,0,,,0,0,0,0,0,0,0,0,0,0,0,0,0,,0,,
C_T_11123155_<NA>_<NA>_<NA>,,0,0,0,0,1,0,1,-3.9355420107730814,0.02,1,0,,,,0,-1.64999997615814,0.0,1,1,,0,,,0,0,0,0,0,0,0,0,0,0,0,0,0,,0,,
G_A_11123156_<NA>_<NA>_<NA>,,0,0,0,0,1,0,1,-4.935916564036404,0.0,1,0,,,,0,1.39600002765656,0.003000000026077,1,1,,0,,,0,0,0,0,0,0,0,0,0,0,0,0,0,,0,,
T_G_11123157_<NA>_<NA>_<NA>,,0,0,0,0,1,0,0,,0.04,1,0,,,,0,-1.15600001811981,0.0,1,1,,0,,,0,0,0,0,0,0,0,0,0,0,0,0,0,,0,,
A_G_11123160_<NA>_<NA>_<NA>,,0,0,0,0,1,0,0,,0.01,1,0,,,,0,-6.85200023651123,0.0,1,1,,0,,,0,0,0,0,0,0,0,0,0,0,0,0,0,,0,,
A_G_11123164_<NA>_<NA>_<NA>,,0,0,0,0,1,0,1,-4.935916564036404,0.04,1,0,,,,0,-0.689000010490417,0.0,1,1,,0,,,0,0,0,0,0,0,0,0,0,0,0,0,0,,0,,
T_C_11123165_<NA>_<NA>_<NA>,,0,0,0,0,1,0,0,,0.04,1,0,,,,0,-0.573000013828278,0.0,1,1,,0,,,0,0,0,0,0,0,0,0,0,0,0,0,0,,0,,
A_G_11123172_<NA>_<NA>_<NA>,,1,0,0,0,0,0,0,,0.98,1,0,,,,0,3.7409999370575,0.998000025749207,1,1,,1,,,0,0,0,0,1,0,0,0,0,0,0,0,0,,0,,
G_C_11123173_<NA>_<NA>_<NA>,,1,0,0,0,0,0,0,,0.98,1,0,,,,0,2.54900002479553,0.99099999666214,1,1,,1,,,0,0,0,0,1,0,0,0,0,0,0,0,0,,0,,
G_T_11123179_Glu_716_Ter,716.0,1,0,0,0,0,0,0,,0.03,1,0,15.0,0.0,,0,1.11300003528595,0.003000000026077,1,1,1,1,1,0,1,0,0,0,0,1,1,1,0,0,0,0,0,-0.176914218,1,0.043068894,0.121817228
G_A_11123181_Glu_716_Glu,716.0,0,0,1,0,0,0,1,-4.524764777395872,0.05,1,0,15.0,0.0,,0,-0.120999999344349,0.0,1,1,1,0,1,0,0,0,0,0,0,1,1,1,0,0,0,0,0,,0,,
A_G_11123187_Ala_718_Ala,718.0,0,0,1,0,0,0,1,-4.18309616062434,0.03,1,0,15.0,0.0,,0,-2.66100001335144,0.0,1,1,1,0,1,0,0,0,0,0,0,1,1,1,0,0,0,0,0,0.983633092,1,0.022710838,0.128471899
G_C_11123188_Val_719_Leu,719.0,0,1,0,0,0,0,0,,0.02,1,0,15.0,0.0,0.508,1,-0.238000005483627,0.0,1,1,1,0,1,0,0,0,0,0,0,1,1,1,0,0,0,0,0,0.980178567,1,0.021042421,0.255992098
C_T_11123197_Gln_722_Ter,722.0,1,0,0,0,0,0,0,,0.03,1,0,15.0,0.0,,0,-0.0979999974370003,0.0,1,1,1,1,1,0,1,0,0,0,0,1,1,1,0,0,0,0,0,-0.199832931,1,0.125002252,0.829171139
A_A_11123198_Glu_723_fs,723.0,1,0,0,1,0,0,0,,,0,0,15.0,0.0,,0,0.685999989509583,0.006000000052154,1,1,1,1,1,0,0,0,0,0,0,1,1,1,-1,0,0,0,0,,0,,
G_T_11123200_Glu_723_Ter,723.0,1,0,0,0,0,0,1,-4.832682665251824,0.04,1,0,15.0,0.0,,0,0.685999989509583,0.006000000052154,1,1,1,1,1,0,1,0,0,0,0,1,1,1,0,0,0,0,0,0.291344656,1,0.159973734,0.783708042
A_T_11123205_Thr_724_Thr,724.0,0,0,1,0,0,0,0,,0.0,1,0,15.0,0.0,,0,-1.64999997615814,0.0,1,1,1,0,1,0,0,0,0,0,0,1,1,1,0,0,0,0,0,0.992596441,1,0.0271096,0.187820817
T_T_11123206_Thr_726_fs,726.0,1,0,0,1,0,0,0,,,0,0,15.0,0.0,,0,-0.18299999833107,0.0,1,1,1,1,1,0,0,0,0,0,0,1,1,1,-1,0,0,0,0,,0,,
A_A_11123209_Val_727_fs,727.0,1,0,0,1,0,0,0,,,0,0,15.0,0.0,,0,-2.23399996757507,0.0,1,1,1,1,1,0,0,0,0,0,0,1,1,1,-1,0,0,0,0,,0,,
C_T_11123210_Thr_726_Ile,726.0,0,1,0,0,0,0,1,-1.9129287940934645,0.01,1,0,15.0,0.0,0.454,1,0.090999998152256,0.0,1,1,1,0,1,0,0,0,0,0,0,1,1,1,0,0,0,0,0,1.020181017,1,0.016522872,0.073892528
C_A_11123211_Thr_726_Thr,726.0,0,0,1,0,0,0,1,-6.046095406586541,0.03,1,0,15.0,0.0,,0,-2.23399996757507,0.0,1,1,1,0,1,0,0,0,0,0,0,1,1,1,0,0,0,0,0,1.036706984,1,0.02684174,0.107366958
C_C_11123211_Leu_729_fs,729.0,1,0,0,1,0,0,0,,,0,0,15.0,0.0,,0,,,0,0,1,1,1,0,0,0,0,0,0,1,1,1,5,0,0,0,0,,0,,
C_T_11123211_Thr_726_Thr,726.0,0,0,1,0,0,0,1,-3.760950906859808,0.03,1,0,15.0,0.0,,0,-2.23399996757507,0.0,1,1,1,0,1,0,0,0,0,0,0,1,1,1,0,0,0,0,0,1.036706984,1,0.02684174,0.107366958
A_A_11123215_Arg_728_fs,728.0,1,0,0,1,0,0,0,,,0,0,15.0,0.0,,0,0.216999992728233,0.0,1,1,1,1,1,0,0,0,0,0,0,1,1,1,-1,0,0,0,0,,0,,
G_G_11123216_Lys_730_fs,730.0,1,0,0,1,0,0,0,,,0,0,15.0,0.0,,0,,,0,0,1,1,1,0,0,0,0,0,0,1,1,1,-11,0,0,0,0,,0,,
C_C_11123218_Val_731_fs,731.0,1,0,0,1,0,0,0,,,0,0,15.0,0.0,,0,,,0,0,1,1,1,0,0,0,0,0,0,1,1,1,1,0,0,0,0,,0,,
A_G_11123220_Leu_729_Leu,729.0,0,0,1,0,0,0,0,,0.03,1,0,15.0,0.0,,0,-1.06900000572205,0.0,1,1,1,0,1,0,0,0,0,0,0,1,1,1,0,0,0,0,0,0.423478035,1,0.164060318,1.136643228
A_A_11123221_Ser_732_fs,732.0,1,0,0,1,0,0,0,,,0,0,15.0,0.0,,0,,,0,0,1,1,1,0,0,0,0,0,0,1,1,1,5,0,0,0,0,,0,,
A_A_11123221_Ala_735_fs,735.0,1,0,0,1,0,0,0,,,0,0,15.0,0.0,,0,,,0,0,1,1,1,0,0,0,0,0,0,1,1,1,13,0,0,0,0,,0,,
A_A_11123222_Val_731_fs,731.0,1,0,0,1,0,0,0,,,0,0,15.0,0.0,,0,0.349000006914139,0.0,1,1,1,1,1,0,0,0,0,0,0,1,1,1,-1,0,0,0,0,,0,,
G_A_11123223_Lys_730_Lys,730.0,0,0,1,0,0,0,1,-4.832682665251824,0.05,1,0,15.0,0.0,,0,-1.48599994182587,0.0,1,1,1,0,1,0,0,0,0,0,0,1,1,1,0,0,0,0,0,,0,,
G_G_11123224_Thr_734_fs,734.0,1,0,0,1,0,0,0,,,0,0,15.0,0.0,,0,,,0,0,1,1,1,0,0,0,0,0,0,1,1,1,5,0,0,0,0,,0,,
T_T_11123225_Ser_732_fs,732.0,1,0,0,1,0,0,0,,,0,0,15.0,0.0,,0,,,0,0,1,1,1,0,0,0,0,0,0,1,1,1,1,0,0,0,0,,0,,
C_C_11123231_Thr_734_fs,734.0,1,0,0,1,0,0,0,,,0,0,15.0,0.0,,0,,,0,0,1,1,1,0,0,0,0,0,0,1,1,1,-2,0,0,0,0,,0,,
C_T_11123238_Ala_735_Ala,735.0,0,0,1,0,0,0,1,-4.116225038644742,0.01,1,0,15.0,0.0,,0,-2.58699989318848,0.0,1,1,1,0,1,0,0,0,0,0,0,1,1,1,0,0,0,0,0,1.0101661,1,0.02233236,0.063165453
G_G_11123239_Arg_737_fs,737.0,1,0,0,1,0,0,1,-4.935916564036404,,0,0,15.0,0.0,,0,,,0,0,1,1,1,0,0,0,0,0,0,1,1,1,1,0,0,0,0,,0,,
A_T_11123241_Val_736_Val,736.0,0,0,1,0,0,0,0,,0.03,1,0,15.0,0.0,,0,-0.651000022888184,0.0,1,1,1,0,1,0,0,0,0,0,0,1,1,1,0,0,0,0,0,1.049210178,1,0.0486685,0.137655306
G_A_11123244_Arg_737_Arg,737.0,0,0,1,0,0,0,0,,0.02,1,0,15.0,0.0,,0,1.85300004482269,0.0219999998807907,1,1,1,0,1,0,0,0,0,0,0,1,1,1,0,0,0,0,0,0.930230251,1,0.044013303,0.124488421
A_C_11123247_Thr_738_Thr,738.0,0,0,1,0,0,0,1,-6.046095406586541,0.01,1,0,15.0,0.0,,0,-3.41599988937378,0.0,1,1,1,0,1,0,0,0,0,0,0,1,1,1,0,0,0,0,0,0.905225146,1,0.052098152,0.541419874
C_T_11123248_Gln_739_Ter,739.0,1,0,0,0,0,0,0,,0.08,1,0,15.0,0.0,,0,-0.202999994158745,0.0020000000949949,1,1,1,1,1,0,1,0,0,0,0,1,1,1,0,0,0,0,0,-0.189838343,1,0.098523171,0.482662991
C_T_11123253_His_740_His,740.0,0,0,1,0,0,0,1,-4.634699251362012,0.0,1,0,15.0,0.0,,0,-0.0979999974370003,0.0,1,1,1,0,1,0,0,0,0,0,0,1,1,1,0,0,0,0,0,1.010387611,1,0.020501206,0.142036521
A_A_11123257_Thr_743_fs,743.0,1,0,0,1,0,0,0,,,0,0,15.0,0.0,,0,-0.282000005245209,0.0,1,1,1,1,1,0,0,0,0,0,0,1,1,1,-1,0,0,0,0,,0,,
A_A_11123260_Arg_744_fs,744.0,1,0,0,1,0,0,0,,,0,0,15.0,0.0,,0,,,0,0,1,1,1,0,0,0,0,0,0,1,1,1,1,0,0,0,0,,0,,
A_A_11123260_Arg_744_fs,744.0,1,0,0,1,0,0,0,,,0,0,15.0,0.0,,0,-0.237000003457069,0.0,1,1,1,1,1,0,0,0,0,0,0,1,1,1,-1,0,0,0,0,,0,,
A_A_11123260_Pro_745_fs,745.0,1,0,0,1,0,0,0,,,0,0,15.0,0.0,,0,,,0,0,1,1,1,0,0,0,0,0,0,1,1,1,-11,0,0,0,0,,0,,
C_T_11123263_Arg_744_Ter,744.0,1,0,0,0,0,0,1,-3.696156225111345,0.06,1,0,15.0,0.0,,0,-0.237000003457069,0.0,1,1,1,1,1,0,1,0,0,0,0,1,1,1,0,0,0,0,0,0.364026537,1,0.088937786,0.355751145
G_A_11123264_Arg_744_Gln,744.0,0,1,0,0,0,0,1,-2.468393368067278,0.03,1,0,15.0,0.0,0.291,1,-2.23499989509583,0.0,1,1,1,0,1,0,0,0,0,0,0,1,1,1,0,0,0,0,0,0.283393415,1,0.0823957,0.233050232
G_G_11123264_Pro_745_fs,745.0,1,0,0,1,0,0,0,,,0,0,15.0,0.0,,0,,,0,0,1,1,1,0,0,0,0,0,0,1,1,1,-59,0,0,0,0,,0,,
A_G_11123265_Arg_744_Arg,744.0,0,0,1,0,0,0,1,-0.0227795533646147,0.0,1,0,15.0,0.0,,0,-0.822000026702881,0.0,1,1,1,0,1,0,0,0,0,0,0,1,1,1,0,0,0,0,0,1.000429472,1,0.018177104,0.089049258
A_A_11123265_Pro_745_fs,745.0,1,0,0,1,0,0,0,,,0,0,15.0,0.0,,0,,,0,0,1,1,1,0,0,0,0,0,0,1,1,1,-59,0,0,0,0,,0,,
T_T_11123271_Asp_748_fs,748.0,1,0,0,1,0,0,0,,,0,0,15.0,0.0,,0,-0.785000026226044,0.0,1,1,1,1,1,0,0,0,0,0,0,1,1,1,-1,0,0,0,0,,0,,
C_A_11123274_Pro_747_Pro,747.0,0,0,1,0,0,0,1,-3.760950906859808,0.0,1,0,15.0,0.0,,0,-0.785000026226044,0.0,1,1,1,0,1,0,0,0,0,0,0,1,1,1,0,0,0,0,0,1.006740597,1,0.024524008,0.069364371
C_T_11123274_Pro_747_Pro,747.0,0,0,1,0,0,0,1,-3.760950906859808,0.0,1,0,15.0,0.0,,0,-0.785000026226044,0.0,1,1,1,0,1,0,0,0,0,0,0,1,1,1,0,0,0,0,0,1.006740597,1,0.024524008,0.069364371
C_T_11123277_Asp_748_Asp,748.0,0,0,1,0,0,0,0,,0.0,1,0,15.0,0.0,,0,-0.792999982833862,0.0,1,1,1,0,1,0,0,0,0,0,0,1,1,1,0,0,0,0,0,0.978763022,1,0.022544259,0.063764793
C_G_11123280_Thr_749_Thr,749.0,0,0,1,0,0,0,0,,0.0,1,0,15.0,0.0,,0,-1.57799994945526,0.0,1,1,1,0,1,0,0,0,0,0,0,1,1,1,0,0,0,0,0,0.9376381,1,0.038017476,0.186246834
C_T_11123280_Thr_749_Thr,749.0,0,0,1,0,0,0,1,-5.568958054664114,0.0,1,0,15.0,0.0,,0,-1.57799994945526,0.0,1,1,1,0,1,0,0,0,0,0,0,1,1,1,0,0,0,0,0,0.9376381,1,0.038017476,0.186246834
C_A_11123283_Ser_750_Ser,750.0,0,0,1,0,0,0,1,-4.531652669587843,0.0,1,0,15.0,0.0,,0,-1.442999958992,0.0,1,1,1,0,1,0,0,0,0,0,0,1,1,1,0,0,0,0,0,0.990089936,1,0.034679136,0.09808741
C_T_11123283_Ser_750_Ser,750.0,0,0,1,0,0,0,0,,0.0,1,0,15.0,0.0,,0,-1.442999958992,0.0,1,1,1,0,1,0,0,0,0,0,0,1,1,1,0,0,0,0,0,0.990089936,1,0.034679136,0.09808741
C_C_11123284_Pro_753_fs,753.0,1,0,0,1,0,0,0,,,0,0,15.0,0.0,,0,,,0,0,1,1,1,0,0,0,0,0,0,1,1,1,4,0,0,0,0,,0,,
C_T_11123284_Arg_751_Trp,751.0,0,1,0,0,0,0,1,-4.140501441812224,0.0,1,0,15.0,0.0,0.428,1,-1.93099999427795,0.0,1,1,1,0,1,0,0,0,0,0,0,1,1,1,0,0,0,0,0,1.011303011,1,0.044710149,0.126459398
G_T_11123286_Arg_751_Arg,751.0,0,0,1,0,0,0,0,,0.0,1,0,15.0,0.0,,0,0.88400000333786,0.0010000000474974,1,1,1,0,1,0,0,0,0,0,0,1,1,1,0,0,0,0,0,1.007283226,1,0.023269909,0.093079635
C_C_11123287_Leu_752_fs,752.0,1,0,0,1,0,0,0,,,0,0,15.0,0.0,,0,-0.943000018596649,0.0010000000474974,1,1,1,1,1,0,0,0,0,0,0,1,1,1,-1,0,0,0,0,,0,,
C_C_11123290_Gly_754_fs,754.0,1,0,0,1,0,0,0,,,0,0,15.0,0.0,,0,,,0,0,1,1,1,0,0,0,0,0,0,1,1,1,-19,0,0,0,0,,0,,
C_C_11123291_Gly_754_fs,754.0,1,0,0,1,0,0,1,-6.046095406586541,,0,0,15.0,0.0,,0,,,0,0,1,1,1,0,0,0,0,0,0,1,1,1,1,0,0,0,0,,0,,
G_G_11123294_Ala_755_fs,755.0,1,0,0,1,0,0,0,,,0,0,15.0,0.0,,0,,,0,0,1,1,1,0,0,0,0,0,0,1,1,1,-10,0,0,0,0,,0,,
G_C_11123295_Gly_754_Gly,754.0,0,0,1,0,0,0,0,,0.0,1,0,15.0,0.0,,0,0.0579999983310699,0.0,1,1,1,0,1,0,0,0,0,0,0,1,1,1,0,0,0,0,0,1.042443578,1,0.019528467,0.055234844
C_T_11123298_Ala_755_Ala,755.0,0,0,1,0,0,0,1,-5.267928059000133,0.0,1,0,15.0,0.0,,0,0.277999997138977,0.0,1,1,1,0,1,0,0,0,0,0,0,1,1,1,0,0,0,0,0,0.988344344,1,0.055399706,0.29314769
C_C_11123298_Thr_756_fs,756.0,1,0,0,1,0,0,0,,,0,0,15.0,0.0,,0,-0.560000002384186,0.0,1,1,1,1,1,0,0,0,0,0,0,1,1,1,-1,0,0,0,0,,0,,
A_A_11123299_Pro_757_fs,757.0,1,0,0,1,0,0,0,,,0,0,15.0,0.0,,0,1.55299997329712,0.103000000119209,1,1,1,1,1,0,0,0,0,0,0,1,1,1,-1,0,0,0,0,,0,,
C_T_11123301_Thr_756_Thr,756.0,0,0,1,0,0,0,1,,0.0,1,0,15.0,0.0,,0,0.0610000006854534,0.0010000000474974,1,1,1,0,1,0,0,0,0,0,0,1,1,1,0,0,0,0,0,1.021459314,1,0.014222027,0.075255895
C_C_11123303_Leu_759_fs,759.0,1,0,0,1,0,0,1,-4.349498205121633,,0,0,15.0,0.0,,0,0.0610000006854534,0.109999999403954,1,1,1,1,1,0,0,0,0,0,0,1,1,1,-1,0,0,0,0,,0,,
T_T_11123304_Leu_759_fs,759.0,1,0,0,1,0,0,0,,,0,0,15.0,0.0,,0,-0.467999994754791,0.0189999993890524,1,1,1,1,1,0,0,0,0,0,0,1,1,1,-1,0,0,0,0,,0,,
G_A_11123307_Gly_758_Gly,758.0,0,0,1,0,0,0,0,,0.0,1,0,15.0,0.0,,0,-0.467999994754791,0.0189999993890524,1,1,1,0,1,0,0,0,0,0,0,1,1,1,0,0,0,0,0,0.646613406,1,0.190013474,0.760053896
G_G_11123307_Gln_770_fs,770.0,1,0,0,1,0,0,0,,,0,0,15.0,0.0,,0,,,0,0,1,1,1,0,0,0,0,0,0,1,1,1,28,0,0,0,0,,0,,
G_G_11123307_Thr_761_fs,761.0,1,0,0,1,0,0,0,,,0,0,15.0,0.0,,0,,,0,0,1,1,1,0,0,0,0,0,1,1,1,1,-28,0,0,0,0,,0,,
C_T_11123310_Leu_759_Leu,759.0,0,0,1,0,0,0,1,-3.9197343726601552,0.0,1,0,15.0,0.0,,0,0.640999972820282,0.985000014305115,1,1,1,0,1,0,0,0,0,0,0,1,1,1,0,0,0,0,0,0.230387655,1,0.217327197,0.869308788
G_A_11123316_Thr_761_Thr,761.0,0,0,1,0,0,0,1,-4.524764777395872,0.0,1,0,15.0,0.0,,0,-5.59200000762939,0.0,1,1,1,0,1,0,0,0,0,0,0,1,1,1,0,0,0,0,0,0.968061059,1,0.016673135,0.170033284
T_T_11123318_Glu_763_fs,763.0,1,0,0,1,0,0,0,,,0,0,15.0,0.0,,0,,,0,0,1,1,1,0,0,0,0,0,0,1,1,1,1,0,0,0,0,,0,,
T_T_11123318_Glu_763_fs,763.0,1,0,0,1,0,0,0,,,0,0,15.0,0.0,,0,1.68900001049042,0.528999984264374,1,1,1,1,1,0,0,0,0,0,0,1,1,1,-1,0,0,0,0,,0,,
G_T_11123322_Glu_763_Asp,763.0,0,1,0,0,0,0,1,-2.5696024086130334,0.0,1,0,15.0,0.0,0.318,1,0.735000014305115,0.47299998998642,1,1,1,0,1,0,0,0,0,0,0,1,1,1,0,0,0,0,0,1.030252259,1,0.031292402,0.088508278
T_C_11123324_Ile_764_Thr,764.0,0,1,0,0,0,0,1,-3.820735535660975,0.0,1,0,15.0,0.0,0.352,1,-1.71700000762939,0.0,1,1,1,0,1,0,0,0,0,0,0,1,1,1,0,0,0,0,0,0.906084158,1,0.15732481,0.889963519
T_T_11123324_Ile_764_fs,764.0,1,0,0,1,0,0,1,-6.046095406586541,,0,0,15.0,0.0,,0,-0.646000027656555,0.0010000000474974,1,1,1,1,1,0,0,0,0,0,0,1,1,1,-1,0,0,0,0,,0,,
A_A_11123325_Thr_766_fs,766.0,1,0,0,1,0,0,0,,,0,0,15.0,0.0,,0,,,0,0,1,1,1,0,0,0,0,0,0,1,1,1,-8,0,0,0,0,,0,,
T_G_11123327_Val_765_Gly,765.0,0,1,0,0,0,0,1,-4.727462222624763,0.01,1,0,15.0,0.0,0.603,1,0.537000000476837,0.598999977111816,1,1,1,0,1,0,0,0,0,0,0,1,1,1,0,0,0,0,0,0.821556019,1,0.0476124,0.233252169
G_G_11123328_Thr_766_fs,766.0,1,0,0,1,0,0,0,,,0,0,15.0,0.0,,0,,,0,0,1,1,1,0,0,0,0,0,0,1,1,1,-2,0,0,0,0,,0,,
C_C_11123330_Met_767_fs,767.0,1,0,0,1,0,0,0,,,0,0,15.0,0.0,,0,-0.261000007390976,0.0,1,1,1,1,1,0,0,0,0,0,0,1,1,1,-1,0,0,0,0,,0,,
A_G_11123331_Thr_766_Thr,766.0,0,0,1,0,0,0,0,,0.0,1,0,15.0,0.0,,0,-5.52500009536743,0.0,1,1,1,0,1,0,0,0,0,0,0,1,1,1,0,0,0,0,0,0.959488147,1,0.027209536,0.326514431
A_A_11123339_Gln_770_fs,770.0,1,0,0,1,0,0,0,,,0,0,15.0,0.0,,0,0.532000005245209,0.703000009059906,1,1,1,1,1,0,0,0,0,0,0,1,1,1,-1,0,0,0,0,,0,,
C_T_11123340_His_769_His,769.0,0,0,1,0,0,0,0,,0.0,1,0,15.0,0.0,,0,-0.823000013828278,0.0049999998882412,1,1,1,0,1,0,0,0,0,0,0,1,1,1,0,0,0,0,0,1.033139898,1,0.014830053,0.041945724
C_T_11123341_Gln_770_Ter,770.0,1,0,0,0,0,0,1,-6.046047116768077,0.01,1,0,15.0,0.0,,0,0.532000005245209,0.703000009059906,1,1,1,1,1,0,1,0,0,0,0,1,1,1,0,0,0,0,0,-0.47027792,1,0.082608936,0.233653356
G_A_11123345_<NA>_<NA>_<NA>,,1,0,0,0,0,0,1,-6.04599883231843,0.99,1,0,,,,0,4.87099981307983,1.0,1,1,,1,,,0,0,0,0,1,0,0,0,0,0,0,0,0,,0,,
G_C_11123345_<NA>_<NA>_<NA>,,1,0,0,0,0,0,0,,0.99,1,0,,,,0,4.87099981307983,1.0,1,1,,1,,,0,0,0,0,1,0,0,0,0,0,0,0,0,,0,,
G_T_11123345_<NA>_<NA>_<NA>,,1,0,0,0,0,0,0,,0.99,1,0,,,,0,4.87099981307983,1.0,1,1,,1,,,0,0,0,0,1,0,0,0,0,0,0,0,0,,0,,
T_G_11123346_<NA>_<NA>_<NA>,,1,0,0,0,0,0,0,,0.99,1,0,,,,0,3.89400005340576,1.0,1,1,,1,,,0,0,0,0,1,0,0,0,0,0,0,0,0,,0,,
A_G_11123351_<NA>_<NA>_<NA>,,0,0,0,0,1,0,0,,0.0,1,0,,,,0,-0.649999976158142,0.0,1,1,,0,,,0,0,0,0,1,0,0,0,0,0,0,0,0,,0,,
T_G_11123353_<NA>_<NA>_<NA>,,0,0,0,0,1,0,1,-4.183493562953643,0.0,1,0,,,,0,-0.279000014066696,0.0010000000474974,1,1,,0,,,0,0,0,0,0,0,0,0,0,0,0,0,0,,0,,
G_C_11123356_<NA>_<NA>_<NA>,,0,0,0,0,1,0,0,,0.0,1,0,,,,0,0.611000001430511,0.0010000000474974,1,1,,0,,,0,0,0,0,0,0,0,0,0,0,0,0,0,,0,,
C_T_11123357_<NA>_<NA>_<NA>,,0,0,0,0,1,0,1,-3.3209356818786877,0.0,1,0,,,,0,-0.833999991416931,0.0,1,1,,0,,,0,0,0,0,0,0,0,0,0,0,0,0,0,,0,,
C_C_11123359_<NA>_<NA>_<NA>,,0,0,0,0,1,0,0,,,0,0,,,,0,,,0,0,,0,,,0,0,0,0,0,0,0,0,5,0,0,0,0,,0,,
C_T_11123362_<NA>_<NA>_<NA>,,0,0,0,0,1,0,0,,0.0,1,0,,,,0,-0.0149999996647239,0.0,1,1,,0,,,0,0,0,0,0,0,0,0,0,0,0,0,0,,0,,
T_G_11123364_<NA>_<NA>_<NA>,,0,0,0,0,1,0,0,,0.0,1,0,,,,0,0.379000008106232,0.0,1,1,,0,,,0,0,0,0,0,0,0,0,0,0,0,0,0,,0,,
A_T_11127797_<NA>_<NA>_<NA>,,0,0,0,0,1,0,1,-3.1007268126823964,0.0,1,0,,,,0,-2.28800010681152,0.0,1,1,,0,,,0,0,0,0,0,0,0,0,0,0,0,0,0,,0,,
A_G_11127872_<NA>_<NA>_<NA>,,0,0,0,0,1,0,1,-0.0381993608083214,0.0,1,0,,,,0,-1.37699997425079,0.0,1,1,,0,,,0,0,0,0,0,0,0,0,0,0,0,0,0,,0,,
G_A_11127961_<NA>_<NA>_<NA>,,0,0,0,0,1,0,1,-1.763210900590707,0.0,1,0,,,,0,-0.749000012874603,0.0,1,1,,0,,,0,0,0,0,0,0,0,0,0,0,0,0,0,,0,,
G_T_11127993_<NA>_<NA>_<NA>,,0,0,0,0,1,0,0,,0.0,1,0,,,,0,-1.38100004196167,0.0,1,1,,0,,,0,0,0,0,0,0,0,0,0,0,0,0,0,,0,,
C_A_11127994_<NA>_<NA>_<NA>,,0,0,0,0,1,0,0,,0.0,1,0,,,,0,-0.560999989509583,0.0,1,1,,0,,,0,0,0,0,0,0,0,0,0,0,0,0,0,,0,,
C_G_11127999_<NA>_<NA>_<NA>,,0,0,0,0,1,0,0,,0.01,1,0,,,,0,0.931999981403351,0.0010000000474974,1,1,,0,,,0,0,0,0,0,0,0,0,0,0,0,0,0,,0,,
C_T_11128002_<NA>_<NA>_<NA>,,0,0,0,0,1,0,0,,0.0,1,0,,,,0,-2.49799990653992,0.0,1,1,,0,,,0,0,0,0,1,0,0,0,0,0,0,0,0,,0,,
C_A_11128005_<NA>_<NA>_<NA>,,1,0,0,0,1,0,1,-4.598771832501887,0.22,1,0,,,,0,0.986000001430511,0.712000012397766,1,1,,0,,,0,0,0,0,1,0,0,0,0,0,0,0,0,,0,,
A_C_11128006_<NA>_<NA>_<NA>,,1,0,0,0,0,0,0,,0.99,1,0,,,,0,4.55900001525879,0.995999991893768,1,1,,1,,,0,0,0,0,1,0,0,0,0,0,0,0,0,,0,,
A_G_11128006_<NA>_<NA>_<NA>,,1,0,0,0,0,0,1,-6.046095406586541,0.99,1,0,,,,0,4.55900001525879,0.995999991893768,1,1,,1,,,0,0,0,0,1,0,0,0,0,0,0,0,0,,0,,
G_A_11128007_<NA>_<NA>_<NA>,,1,0,0,0,0,0,0,,0.99,1,0,,,,0,4.88500022888184,0.995999991893768,1,1,,1,,,0,0,0,0,1,0,0,0,0,0,0,0,0,,0,,
G_T_11128007_<NA>_<NA>_<NA>,,1,0,0,0,0,0,1,-4.935916564036404,0.99,1,0,,,,0,4.88500022888184,0.995999991893768,1,1,,1,,,0,0,0,0,1,0,0,0,0,0,0,0,0,,0,,
C_T_11128010_Leu_772_Leu,772.0,0,0,1,0,0,0,1,-4.935916564036404,0.0,1,0,16.0,0.0,,0,0.358000010251999,0.0,1,1,1,0,1,0,0,0,0,0,1,1,1,1,0,0,0,0,0,0.915545505,1,0.042356113,0.224127483
T_T_11128011_Gly_773_fs,773.0,1,0,0,1,0,0,0,,,0,0,16.0,0.0,,0,0.0359999984502792,0.0,1,1,1,1,1,0,0,0,0,0,0,1,1,1,-1,0,0,0,0,,0,,
G_G_11128013_Gly_773_fs,773.0,1,0,0,1,0,0,0,,,0,0,16.0,0.0,,0,,,0,0,1,1,1,0,0,0,0,0,0,1,1,1,2,0,0,0,0,,0,,
C_A_11128015_Gly_773_Gly,773.0,0,0,1,0,0,0,1,-6.046095406586541,0.0,1,0,16.0,0.0,,0,-3.6800000667572,0.0,1,1,1,0,1,0,0,0,0,0,0,1,1,1,0,0,0,0,0,1.000273138,1,0.032602628,0.206197127
C_T_11128015_Gly_773_Gly,773.0,0,0,1,0,0,0,1,-3.899629454882437,0.0,1,0,16.0,0.0,,0,-3.6800000667572,0.0,1,1,1,0,1,0,0,0,0,0,0,1,1,1,0,0,0,0,0,1.000273138,1,0.032602628,0.206197127
A_A_11128017_Asp_774_fs,774.0,1,0,0,1,0,0,0,,,0,0,16.0,0.0,,0,-1.37600004673004,0.0,1,1,1,1,1,0,0,0,0,0,0,1,1,1,-1,0,0,0,0,,0,,
A_A_11128017_Val_775_Pro,775.0,1,0,0,0,0,0,0,,,0,0,16.0,0.0,,0,,,0,0,1,0,1,0,0,0,0,0,0,1,1,1,-30,0,1,1,0,,0,,
C_T_11128018_Asp_774_Asp,774.0,0,0,1,0,0,0,1,-4.727694155597914,0.0,1,0,16.0,0.0,,0,-1.37600004673004,0.0,1,1,1,0,1,0,0,0,0,0,0,1,1,1,0,0,0,0,0,0.912195804,1,0.056617688,0.226470754
T_G_11128021_Val_775_Val,775.0,0,0,1,0,0,0,0,,0.0,1,0,16.0,0.0,,0,-2.90700006484985,0.0,1,1,1,0,1,0,0,0,0,0,0,1,1,1,0,0,0,0,0,1.027788243,1,0.025082296,0.086887623
T_C_11128024_Ala_776_Ala,776.0,0,0,1,0,0,0,1,-4.81559251458768,0.0,1,0,16.0,0.0,,0,-2.97199988365173,0.0,1,1,1,0,1,0,0,0,0,0,0,1,1,1,0,0,0,0,0,0.988650587,1,0.021822365,0.179951831
G_G_11128029_Arg_778_fs,778.0,1,0,0,1,0,0,0,,,0,0,16.0,0.0,,0,,,0,0,1,1,1,0,0,0,0,0,0,1,1,1,1,0,0,0,0,,0,,
A_G_11128030_Arg_778_Arg,778.0,0,0,1,0,0,0,0,,0.01,1,0,16.0,0.0,,0,1.46800005435944,0.0070000002160668,1,1,1,0,1,0,0,0,0,0,0,1,1,1,0,0,0,0,0,1.031252586,1,0.057913791,0.163804938
A_A_11128035_Asn_780_fs,780.0,1,0,0,1,0,0,0,,,0,0,16.0,0.0,,0,-2.44400000572205,0.0,1,1,1,1,1,0,0,0,0,0,0,1,1,1,-1,0,0,0,0,,0,,
T_T_11128036_Lys_782_fs,782.0,1,0,0,1,0,0,0,,,0,0,16.0,0.0,,0,,,0,0,1,1,1,0,0,0,0,0,0,1,1,1,-5,0,0,0,0,,0,,
G_T_11128037_Glu_781_Ter,781.0,1,0,0,0,0,0,0,,0.04,1,0,16.0,0.0,,0,-0.180999994277954,0.0,1,1,1,1,1,0,1,0,0,0,0,1,1,1,0,0,0,0,0,-0.067281726,1,0.102894426,0.582058772
A_T_11128040_Lys_782_Ter,782.0,1,0,0,0,0,0,0,,0.11,1,0,16.0,0.0,,0,0.41499999165535,0.0130000002682209,1,1,1,1,1,0,1,0,0,0,0,1,1,1,0,0,0,0,0,-0.311460756,1,0.053000817,0.259649916
G_A_11128042_Lys_782_Lys,782.0,0,0,1,0,0,0,0,,0.02,1,0,16.0,0.0,,0,2.06500005722046,0.0299999993294477,1,1,1,0,1,0,0,0,0,0,0,1,1,1,0,0,0,0,0,,0,,
G_A_11128045_Lys_783_Lys,783.0,0,0,1,0,0,0,1,-4.598771832501887,0.0,1,0,16.0,0.0,,0,-0.0130000002682209,0.0,1,1,1,0,1,0,0,0,0,0,0,1,1,1,0,0,0,0,0,,0,,
C_A_11128048_Pro_784_Pro,784.0,0,0,1,0,0,0,0,,0.0,1,0,16.0,0.0,,0,-3.50099992752075,0.0,1,1,1,0,1,0,0,0,0,0,0,1,1,1,0,0,0,0,0,1.028596538,1,0.012463107,0.049852429
T_C_11128051_Ser_785_Ser,785.0,0,0,1,0,0,0,1,-3.3209356818786877,0.0,1,0,16.0,0.0,,0,-2.42199993133545,0.0,1,1,1,0,1,0,0,0,0,0,0,1,1,1,0,0,0,0,0,0.978138948,1,0.0706975,0.199962725
C_T_11128054_Ser_786_Ser,786.0,0,0,1,0,0,0,1,-2.458545571252411,0.0,1,0,16.0,0.0,,0,-1.18700003623962,0.0,1,1,1,0,1,0,0,0,0,0,0,1,1,1,0,0,0,0,0,1.037000093,1,0.01639993,0.056811022
G_C_11128057_Val_787_Val,787.0,0,0,1,0,0,0,0,,0.0,1,0,16.0,0.0,,0,0.948000013828278,0.003000000026077,1,1,1,0,1,0,0,0,0,0,0,1,1,1,0,0,0,0,0,1.029400153,1,0.033961754,0.135847015
G_G_11128061_Ser_791_fs,791.0,1,0,0,1,0,0,0,,,0,0,16.0,0.0,,0,,,0,0,1,1,1,0,0,0,0,0,0,1,1,1,2,0,0,0,0,,0,,
T_T_11128063_Ile_792_fs,792.0,1,0,0,1,0,0,0,,,0,0,16.0,0.0,,0,,,0,0,1,1,1,0,0,0,0,0,0,1,1,1,-7,0,0,0,0,,0,,
C_C_11128064_Leu_790_fs,790.0,1,0,0,1,0,0,0,,,0,0,16.0,0.0,,0,,,0,0,1,1,1,0,0,0,0,0,0,1,1,1,4,0,0,0,0,,0,,
C_T_11128064_Leu_790_Leu,790.0,0,0,1,0,0,0,0,,0.0,1,0,16.0,0.0,,0,0.308999985456467,0.143999993801117,1,1,1,0,1,0,0,0,0,0,0,1,1,1,0,0,0,0,0,1.02506089,1,0.026649051,0.168543399
T_T_11128065_<NA>_<NA>_<NA>,,1,0,0,0,1,0,0,,,0,0,16.0,0.0,,0,,,0,0,1,0,1,0,0,0,0,0,1,1,0,1,-40,0,0,0,0,,0,,
G_C_11128066_Leu_790_Leu,790.0,0,0,1,0,0,0,0,,0.0,1,0,16.0,0.0,,0,0.0089999996125698,0.714999973773956,1,1,1,0,1,0,0,0,0,0,0,1,1,1,0,0,0,0,0,1.02506089,1,0.026649051,0.168543399
C_T_11128069_Ser_791_Ser,791.0,0,0,1,0,0,0,1,-5.347173697438995,0.0,1,0,16.0,0.0,,0,1.61099994182587,0.787999987602234,1,1,1,0,1,0,0,0,0,0,0,1,1,1,0,0,0,0,0,0.99036671,1,0.018786447,0.13015632
A_A_11128070_Ile_792_fs,792.0,1,0,0,1,0,0,0,,,0,0,16.0,0.0,,0,-0.73199999332428,0.028999999165535,1,1,1,1,1,0,0,0,0,0,0,1,1,1,-1,0,0,0,0,,0,,
T_A_11128072_Ile_792_Ile,792.0,0,0,1,0,0,0,0,,0.0,1,0,16.0,0.0,,0,-0.73199999332428,0.028999999165535,1,1,1,0,1,0,0,0,0,0,0,1,1,1,0,0,0,0,0,0.997283549,1,0.054903656,0.155290989
T_C_11128072_Ile_792_Ile,792.0,0,0,1,0,0,0,1,-3.1589535345906965,0.0,1,0,16.0,0.0,,0,-0.73199999332428,0.028999999165535,1,1,1,0,1,0,0,0,0,0,0,1,1,1,0,0,0,0,0,0.997283549,1,0.054903656,0.155290989
C_T_11128075_Val_793_Val,793.0,0,0,1,0,0,0,0,,0.0,1,0,16.0,0.0,,0,0.653999984264374,0.699999988079071,1,1,1,0,1,0,0,0,0,0,0,1,1,1,0,0,0,0,0,0.993191197,1,0.033869213,0.22466294
T_T_11128077_Ile_796_fs,796.0,1,0,0,1,0,0,0,,,0,0,16.0,0.0,,0,-0.300999999046326,0.0049999998882412,1,1,1,1,1,0,0,0,0,0,0,1,1,1,-1,0,0,0,0,,0,,
C_G_11128078_Leu_794_Leu,794.0,0,0,1,0,0,0,1,-4.048468209457652,0.0,1,0,16.0,0.0,,0,-1.70700001716614,0.0509999990463257,1,1,1,0,1,0,0,0,0,0,0,1,1,1,0,0,0,0,0,0.888914167,1,0.094201532,0.532884334
C_C_11128079_<NA>_<NA>_<NA>,,1,0,0,0,0,0,0,,,0,0,16.0,0.0,,0,,,0,0,1,1,1,0,0,0,0,0,1,1,0,1,-8,0,0,0,0,,0,,
G_A_11128085_Val_797_Met,797.0,1,1,0,0,0,0,1,-3.6838199011065473,0.32,1,0,16.0,0.0,0.599,1,2.41100001335144,0.991999983787537,1,1,1,0,1,0,0,0,0,0,1,1,1,1,0,0,0,0,0,1.063834389,1,0.019502603,0.078010414
G_T_11128085_Val_797_Leu,797.0,1,1,0,0,0,0,1,-4.832682665251824,0.46,1,0,16.0,0.0,0.527,1,2.41100001335144,0.991999983787537,1,1,1,0,1,0,0,0,0,0,1,1,1,1,0,0,0,0,0,1.050200444,1,0.014216717,0.056866869
G_A_11128086_<NA>_<NA>_<NA>,,1,0,0,0,0,0,0,,0.99,1,0,,,,0,4.88500022888184,1.0,1,1,,1,,,0,0,0,0,1,0,0,0,0,0,0,0,0,,0,,
G_C_11128086_<NA>_<NA>_<NA>,,1,0,0,0,0,0,0,,0.99,1,0,,,,0,4.88500022888184,1.0,1,1,,1,,,0,0,0,0,1,0,0,0,0,0,0,0,0,,0,,
G_T_11128086_<NA>_<NA>_<NA>,,1,0,0,0,0,0,0,,0.99,1,0,,,,0,4.88500022888184,1.0,1,1,,1,,,0,0,0,0,1,0,0,0,0,0,0,0,0,,0,,
T_G_11128087_<NA>_<NA>_<NA>,,1,0,0,0,0,0,0,,0.99,1,0,,,,0,3.90799999237061,1.0,1,1,,1,,,0,0,0,0,1,0,0,0,0,0,0,0,0,,0,,
T_T_11128087_<NA>_<NA>_<NA>,,0,0,0,0,1,0,0,,,0,0,,,,0,,,0,0,,0,,,0,0,0,0,0,0,0,0,1,0,0,0,0,,0,,
T_G_11128087_<NA>_<NA>_<NA>,,1,0,0,0,1,0,0,,,0,0,,,,0,,,0,0,,0,,,0,0,0,0,1,0,0,0,4,0,0,0,0,,0,,
G_A_11128094_<NA>_<NA>_<NA>,,0,0,0,0,1,0,1,-4.650528200785614,0.0,1,0,,,,0,-2.59599995613098,0.0,1,1,,0,,,0,0,0,0,0,0,0,0,0,0,0,0,0,,0,,
G_C_11128094_<NA>_<NA>_<NA>,,0,0,0,0,1,0,0,,0.0,1,0,,,,0,-2.59599995613098,0.0,1,1,,0,,,0,0,0,0,0,0,0,0,0,0,0,0,0,,0,,
G_A_11128095_<NA>_<NA>_<NA>,,0,0,0,0,1,0,1,-4.297741836837906,0.0,1,0,,,,0,0.135000005364418,0.0,1,1,,0,,,0,0,0,0,0,0,0,0,0,0,0,0,0,,0,,
G_A_11128096_<NA>_<NA>_<NA>,,0,0,0,0,1,0,0,,0.0,1,0,,,,0,-1.32099997997284,0.0,1,1,,0,,,0,0,0,0,0,0,0,0,0,0,0,0,0,,0,,
C_T_11128098_<NA>_<NA>_<NA>,,0,0,0,0,1,0,1,-3.483200295918376,0.0,1,0,,,,0,-2.61500000953674,0.0,1,1,,0,,,0,0,0,0,0,0,0,0,0,0,0,0,0,,0,,
G_G_11128099_<NA>_<NA>_<NA>,,0,0,0,0,1,0,0,,,0,0,,,,0,,,0,0,,0,,,0,0,0,0,0,0,0,0,10,0,0,0,0,,0,,
G_G_11128099_<NA>_<NA>_<NA>,,0,0,0,0,1,0,0,,,0,0,,,,0,,,0,0,,0,,,0,0,0,0,0,0,0,0,-10,0,0,0,0,,0,,
G_C_11128100_<NA>_<NA>_<NA>,,0,0,0,0,1,0,0,,0.0,1,0,,,,0,-0.381999999284744,0.0,1,1,,0,,,0,0,0,0,0,0,0,0,0,0,0,0,0,,0,,
C_A_11128103_<NA>_<NA>_<NA>,,0,0,0,0,1,0,1,-4.531652669587843,0.0,1,0,,,,0,-0.728999972343445,0.0,1,1,,0,,,0,0,0,0,0,0,0,0,0,0,0,0,0,,0,,
C_T_11128104_<NA>_<NA>_<NA>,,0,0,0,0,1,0,1,-4.302770657240282,0.0,1,0,,,,0,-1.46399998664856,0.0,1,1,,0,,,0,0,0,0,0,0,0,0,0,0,0,0,0,,0,,
G_A_11128108_<NA>_<NA>_<NA>,,0,0,0,0,1,0,1,-3.459545386328588,0.0,1,0,,,,0,0.268999993801117,0.0,1,1,,0,,,0,0,0,0,0,0,0,0,0,0,0,0,0,,0,,
C_T_11128126_<NA>_<NA>_<NA>,,0,0,0,0,1,0,1,-1.953504835665292,0.0,1,0,,,,0,-2.03800010681152,0.0,1,1,,0,,,0,0,0,0,0,0,0,0,0,0,0,0,0,,0,,
C_T_11128131_<NA>_<NA>_<NA>,,0,0,0,0,1,0,1,-0.3982658517398951,0.0,1,0,,,,0,-1.00199997425079,0.0,1,1,,0,,,0,0,0,0,0,0,0,0,0,0,0,0,0,,0,,
G_A_11128132_<NA>_<NA>_<NA>,,0,0,0,0,1,0,1,-0.9480760839538936,0.0,1,0,,,,0,-0.796999990940094,0.0,1,1,,0,,,0,0,0,0,0,0,0,0,0,0,0,0,0,,0,,
C_T_11128142_<NA>_<NA>_<NA>,,0,0,0,0,1,0,1,-1.6232406045951202,0.0,1,0,,,,0,-0.0399999991059303,0.0,1,1,,0,,,0,0,0,0,0,0,0,0,0,0,0,0,0,,0,,
C_T_11128299_<NA>_<NA>_<NA>,,0,0,0,0,1,0,1,-0.5076587467450255,0.0,1,0,,,,0,-2.52600002288818,0.0,1,1,,0,,,0,0,0,0,0,0,0,0,0,0,0,0,0,,0,,
C_T_11128320_<NA>_<NA>_<NA>,,0,0,0,0,1,0,1,-1.8924508702553136,0.0,1,0,,,,0,-3.06699991226196,0.0,1,1,,0,,,0,0,0,0,0,0,0,0,0,0,0,0,0,,0,,
G_A_11129493_<NA>_<NA>_<NA>,,0,0,0,0,1,0,0,,0.01,1,0,,,,0,-0.210999995470047,0.0,1,1,,0,,,0,0,0,0,0,0,0,0,0,0,0,0,0,,0,,
C_T_11129496_<NA>_<NA>_<NA>,,0,0,0,0,1,0,1,-4.139961610192807,0.02,1,0,,,,0,-0.488000005483627,0.0,1,1,,0,,,0,0,0,0,0,0,0,0,0,0,0,0,0,,0,,
G_A_11129497_<NA>_<NA>_<NA>,,0,0,0,0,1,0,1,-1.9500071430798571,0.01,1,0,,,,0,-1.9650000333786,0.0,1,1,,0,,,0,0,0,0,0,0,0,0,0,0,0,0,0,,0,,
G_T_11129497_<NA>_<NA>_<NA>,,0,0,0,0,1,0,1,-3.682145510668531,0.02,1,0,,,,0,-1.9650000333786,0.0,1,1,,0,,,0,0,0,0,0,0,0,0,0,0,0,0,0,,0,,
G_C_11129499_<NA>_<NA>_<NA>,,0,0,0,0,1,0,1,-3.714892970433188,0.02,1,0,,,,0,0.257999986410141,0.0,1,1,,0,,,0,0,0,0,0,0,0,0,0,0,0,0,0,,0,,
C_T_11129503_<NA>_<NA>_<NA>,,0,0,0,0,1,0,0,,0.0,1,0,,,,0,-0.112000003457069,0.0,1,1,,0,,,0,0,0,0,0,0,0,0,0,0,0,0,0,,0,,
T_C_11129504_<NA>_<NA>_<NA>,,0,0,0,0,1,0,0,,0.0,1,0,,,,0,-0.400000005960464,0.0,1,1,,0,,,0,0,0,0,0,0,0,0,0,0,0,0,0,,0,,
C_G_11129506_<NA>_<NA>_<NA>,,0,0,0,0,1,0,1,-4.316322701181308,0.01,1,0,,,,0,0.0070000002160668,0.0,1,1,,0,,,0,0,0,0,1,0,0,0,0,0,0,0,0,,0,,
C_T_11129506_<NA>_<NA>_<NA>,,0,0,0,0,1,0,1,-4.524764777395872,0.0,1,0,,,,0,0.0070000002160668,0.0,1,1,,0,,,0,0,0,0,1,0,0,0,0,0,0,0,0,,0,,
A_G_11129509_<NA>_<NA>_<NA>,,0,0,0,0,1,0,1,-4.524764777395872,0.05,1,0,,,,0,-7.28800010681152,0.0,1,1,,0,,,0,0,0,0,1,0,0,0,0,0,0,0,0,,0,,
C_T_11129510_<NA>_<NA>_<NA>,,0,0,0,0,1,0,1,-4.61475131759678,0.08,1,0,,,,0,-0.180000007152557,0.0,1,1,,0,,,0,0,0,0,1,0,0,0,0,0,0,0,0,,0,,
A_C_11129511_<NA>_<NA>_<NA>,,1,0,0,0,0,0,0,,0.99,1,0,,,,0,6.98799991607666,1.0,1,1,,1,,,0,0,0,0,1,0,0,0,0,0,0,0,0,,0,,
A_G_11129511_<NA>_<NA>_<NA>,,1,0,0,0,0,0,1,-5.744968836654449,0.99,1,0,,,,0,6.98799991607666,1.0,1,1,,1,,,0,0,0,0,1,0,0,0,0,0,0,0,0,,0,,
G_A_11129512_<NA>_<NA>_<NA>,,1,0,0,0,0,0,0,,0.99,1,0,,,,0,6.26599979400635,1.0,1,1,,1,,,0,0,0,0,1,0,0,0,0,0,0,0,0,,0,,
G_C_11129512_<NA>_<NA>_<NA>,,1,0,0,0,0,0,1,-6.046095406586541,0.99,1,0,,,,0,6.26599979400635,1.0,1,1,,1,,,0,0,0,0,1,0,0,0,0,0,0,0,0,,0,,
G_G_11129512_Leu_798_fs,798.0,1,0,0,1,0,0,0,,,0,0,17.0,0.0,,0,,,0,0,0,1,1,0,0,0,0,0,0,1,1,1,-17,0,0,0,0,,0,,
G_T_11129514_Val_797_Val,797.0,0,0,1,0,0,0,1,-6.046095406586541,0.07,1,0,17.0,0.0,,0,-1.25199997425079,0.0,1,1,0,0,1,0,0,0,0,0,1,1,1,1,0,0,0,0,0,0.987005425,1,0.022099545,0.062506952
G_G_11129514_Leu_798_Val,798.0,1,0,0,0,0,0,0,,,0,0,17.0,0.0,,0,,,0,0,0,0,1,0,0,0,0,0,1,1,1,1,-9,0,1,1,0,,0,,
T_T_11129516_Leu_799_fs,799.0,1,0,0,1,0,0,0,,,0,0,17.0,0.0,,0,,,0,0,0,1,1,0,0,0,0,0,0,1,1,1,1,0,0,0,0,,0,,
C_G_11129517_Leu_798_Leu,798.0,0,0,1,0,0,0,0,,0.03,1,0,17.0,0.0,,0,0.476000010967255,0.0719999969005585,1,1,0,0,1,0,0,0,0,0,0,1,1,1,0,0,0,0,0,0.969009208,1,0.020403334,0.115418684
T_G_11129519_Leu_799_Arg,799.0,1,1,0,0,0,0,0,,0.05,1,0,17.0,0.0,0.703,1,4.78999996185303,0.717000007629395,1,1,0,0,1,0,0,0,0,0,0,1,1,1,0,0,0,0,0,-0.190012998,1,0.07801683,0.441329838
T_T_11129519_Val_800_fs,800.0,1,0,0,1,0,0,0,,,0,0,17.0,0.0,,0,,,0,0,0,1,1,0,0,0,0,0,0,1,1,1,-16,0,0,0,0,,0,,
C_C_11129520_Cys_803_Leu,803.0,1,0,0,0,0,0,0,,,0,0,17.0,0.0,,0,,,0,0,0,0,1,0,0,0,0,0,0,1,1,1,-18,0,1,1,0,,0,,
G_A_11129521_Val_800_Ile,800.0,0,1,0,0,0,0,1,-3.3081231774406685,0.07,1,0,17.0,0.0,0.163,1,-1.99199998378754,0.0,1,1,0,0,1,0,0,0,0,0,0,1,1,1,0,0,0,0,0,0.874275181,1,0.027259642,0.07710191
T_G_11129522_Val_800_fs,800.0,1,0,0,1,0,0,0,,,0,0,17.0,0.0,,0,,,0,0,0,1,1,0,0,0,0,0,0,1,1,1,-1,0,0,0,0,,0,,
T_T_11129522_Leu_802_fs,802.0,1,0,0,1,0,0,0,,,0,0,17.0,0.0,,0,,,0,0,0,1,1,0,0,0,0,0,0,1,1,1,-4,0,0,0,0,,0,,
C_T_11129526_Phe_801_Phe,801.0,0,0,1,0,0,0,0,,0.22,1,0,17.0,0.0,,0,0.321999996900558,0.754000008106232,1,1,0,0,1,0,0,0,0,0,0,1,1,1,0,0,0,0,0,0.8281238,1,0.080259035,0.424690893
T_A_11129529_Leu_802_Leu,802.0,0,0,1,0,0,0,0,,0.06,1,0,17.0,0.0,,0,-0.196999996900558,0.0120000001043081,1,1,0,0,1,0,0,0,0,0,0,1,1,1,0,0,0,0,0,0.99189202,1,0.018200435,0.102957206
T_C_11129530_Cys_803_Arg,803.0,1,1,0,0,0,0,0,,0.07,1,0,17.0,0.0,0.441,1,-0.194000005722046,0.0,1,1,0,0,1,0,0,0,0,0,0,1,1,1,0,0,0,0,0,0.785067324,1,0.028953955,0.14184483
T_T_11129530_Leu_804_fs,804.0,1,0,0,1,0,0,0,,,0,0,17.0,0.0,,0,,,0,0,0,1,1,0,0,0,0,0,0,1,1,1,2,0,0,0,0,,0,,
C_T_11129532_Cys_803_Cys,803.0,0,0,1,0,0,0,0,,0.07,1,0,17.0,0.0,,0,-0.0790000036358833,0.0,1,1,0,0,1,0,0,0,0,0,0,1,1,1,0,0,0,0,0,1.01064646,1,0.026369316,0.105477264
C_T_11129533_Leu_804_Leu,804.0,0,0,1,0,0,0,0,,0.06,1,0,17.0,0.0,,0,-0.199000000953674,0.0,1,1,0,0,1,0,0,0,0,0,0,1,1,1,0,0,0,0,0,0.996010406,1,0.036266463,0.145065851
T_T_11129534_Val_806_fs,806.0,1,0,0,1,0,0,0,,,0,0,17.0,0.0,,0,,,0,0,0,1,1,0,0,0,0,0,0,1,1,1,1,0,0,0,0,,0,,
T_T_11129534_Val_806_fs,806.0,1,0,0,1,0,0,0,,,0,0,17.0,0.0,,0,5.46000003814697,0.949000000953674,1,1,0,1,1,0,0,0,0,0,0,1,1,1,-1,0,0,0,0,,0,,
G_A_11129536_Gly_805_Arg,805.0,1,1,0,0,0,0,1,-4.935916564036404,0.08,1,0,17.0,0.0,0.887,1,6.63199996948242,1.0,1,1,0,0,1,0,0,0,0,0,0,1,1,1,0,0,0,0,0,0.867653295,1,0.068527081,0.306462424
G_C_11129536_Gly_805_Arg,805.0,1,1,0,0,0,0,1,-6.046095406586541,0.02,1,0,17.0,0.0,0.887,1,6.63199996948242,1.0,1,1,0,0,1,0,0,0,0,0,0,1,1,1,0,0,0,0,0,0.867653295,1,0.068527081,0.306462424
G_A_11129537_Gly_805_Glu,805.0,1,1,0,0,0,0,1,-6.046095406586541,0.1,1,0,17.0,0.0,0.72,1,2.28200006484985,0.995000004768372,1,1,0,0,1,0,0,0,0,0,0,1,1,1,0,0,0,0,0,0.109998621,1,0.087676222,0.247985805
G_A_11129538_Gly_805_Gly,805.0,0,0,1,0,0,0,1,-4.83238732727247,0.11,1,0,17.0,0.0,,0,-3.61299991607666,0.0,1,1,0,0,1,0,0,0,0,0,0,1,1,1,0,0,0,0,0,0.454546464,1,0.174964743,0.857148689
G_G_11129539_Phe_807_fs,807.0,1,0,0,1,0,0,0,,,0,0,17.0,0.0,,0,,,0,0,0,1,1,0,0,0,0,0,0,1,1,1,-7,0,0,0,0,,0,,
T_A_11129540_Val_806_Asp,806.0,0,1,0,0,0,0,0,,0.06,1,0,17.0,0.0,0.521,1,0.151999995112419,0.017000000923872,1,1,0,0,1,0,0,0,0,0,0,1,1,1,0,0,0,0,0,,0,,
T_T_11129540_Phe_807_fs,807.0,1,0,0,1,0,0,0,,,0,0,17.0,0.0,,0,,,0,0,0,1,1,0,0,0,0,0,0,1,1,1,1,0,0,0,0,,0,,
T_T_11129540_Phe_807_fs,807.0,1,0,0,1,0,0,0,,,0,0,17.0,0.0,,0,,,0,0,0,1,1,0,0,0,0,0,0,1,1,1,2,0,0,0,0,,0,,
C_A_11129541_Val_806_Val,806.0,0,0,1,0,0,0,1,-4.81559251458768,0.02,1,0,17.0,0.0,,0,-0.906000018119812,0.0,1,1,0,0,1,0,0,0,0,0,0,1,1,1,0,0,0,0,0,0.993415167,1,0.010911364,0.061723993
C_G_11129545_Leu_808_Val,808.0,1,1,0,0,0,0,0,,0.03,1,0,17.0,0.0,0.552,1,0.617999970912933,0.995999991893768,1,1,0,0,1,0,0,0,0,0,0,1,1,1,0,0,0,0,0,0.967918322,1,0.015637167,0.117017844
C_T_11129548_Leu_809_Leu,809.0,0,0,1,0,0,0,0,,0.01,1,0,17.0,0.0,,0,-0.936999976634979,0.0,1,1,0,0,1,0,0,0,0,0,0,1,1,1,0,0,0,0,0,1.017698244,1,0.010966283,0.072742095
A_G_11129550_Leu_809_Leu,809.0,0,0,1,0,0,0,1,-3.632830511465319,0.04,1,0,17.0,0.0,,0,-1.63800001144409,0.0020000000949949,1,1,0,0,1,0,0,0,0,0,0,1,1,1,0,0,0,0,0,1.017698244,1,0.010966283,0.072742095
G_A_11129552_Trp_810_Ter,810.0,1,0,0,0,0,0,0,,0.57,1,0,17.0,0.0,,0,9.76799964904785,1.0,1,1,0,1,1,0,1,0,0,0,0,1,1,1,0,0,0,0,0,-0.313972598,1,0.117222129,0.6631085
G_A_11129553_Trp_810_Ter,810.0,1,0,0,0,0,0,0,,0.01,1,0,17.0,0.0,,0,9.76799964904785,1.0,1,1,0,1,1,0,1,0,0,0,0,1,1,1,0,0,0,0,0,-0.313972598,1,0.117222129,0.6631085
A_T_11129554_Lys_811_Ter,811.0,1,0,0,0,0,0,1,-4.297741836837906,0.44,1,0,17.0,0.0,,0,2.14400005340576,1.0,1,1,0,1,1,0,1,0,0,0,0,1,1,1,0,0,0,0,0,-0.160868291,1,0.083118061,0.621998617
G_A_11129561_Trp_813_Ter,813.0,1,0,0,0,0,0,1,-4.524764777395872,0.04,1,0,17.0,0.0,,0,4.64799976348877,1.0,1,1,0,1,1,0,1,0,0,0,0,1,1,1,0,0,0,0,0,-0.249535371,1,0.058994563,0.166861823
G_A_11129562_Trp_813_Ter,813.0,1,0,0,0,0,0,0,,0.01,1,0,17.0,0.0,,0,5.15799999237061,1.0,1,1,0,1,1,0,1,0,0,0,0,1,1,1,0,0,0,0,0,-0.249535371,1,0.058994563,0.166861823
C_A_11129563_Arg_814_Arg,814.0,0,0,1,0,0,0,1,-6.046095406586541,0.02,1,0,17.0,0.0,,0,-0.837999999523163,0.116999998688698,1,1,0,0,1,0,0,0,0,0,0,1,1,1,0,0,0,0,0,1.073999032,1,0.018727249,0.074908996
C_C_11129563_Lys_816_fs,816.0,1,0,0,1,0,0,0,,,0,0,17.0,0.0,,0,0.061999998986721,0.958000004291534,1,1,0,1,1,0,0,0,0,0,0,1,1,1,-1,0,0,0,0,,0,,
G_A_11129565_Arg_814_Arg,814.0,0,0,1,0,0,0,1,-4.61672334959235,0.02,1,0,17.0,0.0,,0,0.061999998986721,0.958000004291534,1,1,0,0,1,0,0,0,0,0,0,1,1,1,0,0,0,0,0,1.073999032,1,0.018727249,0.074908996
T_T_11129568_Asn_817_fs,817.0,1,0,0,1,0,0,0,,,0,0,17.0,0.0,,0,,,0,0,0,1,1,0,0,0,0,0,0,1,1,1,4,0,0,0,0,,0,,
T_T_11129568_Ile_821_Ter,821.0,1,0,0,0,0,0,0,,,0,0,17.0,0.0,,0,,,0,0,0,0,1,0,0,0,0,0,0,0,1,1,327,0,0,1,1,,0,,
T_T_11129568_Ser_820_Ser,820.0,1,0,0,0,0,0,0,,,0,0,17.0,0.0,,0,,,0,0,0,0,1,0,0,0,0,0,0,1,1,1,129,0,0,0,1,,0,,
A_T_11129569_Lys_816_Ter,816.0,1,0,0,0,0,0,0,,0.05,1,0,17.0,0.0,,0,4.96500015258789,1.0,1,1,0,1,1,0,1,0,0,0,0,1,1,1,0,0,0,0,0,-0.207445988,1,0.066491243,0.4975749
G_G_11129571_Asn_817_fs,817.0,1,0,0,1,0,0,0,,,0,0,17.0,0.0,,0,,,0,0,0,1,1,0,0,0,0,0,0,1,1,1,-5,0,0,0,0,,0,,
T_T_11129576_Asp_824_Ter,824.0,1,0,0,1,0,0,0,,,0,0,17.0,0.0,,0,,,0,0,0,1,1,0,0,0,0,0,0,1,1,1,137,0,1,0,1,,0,,
C_T_11129589_Asn_822_Asn,822.0,0,0,1,0,0,0,0,,0.01,1,0,17.0,0.0,,0,1.60599994659424,1.0,1,1,0,0,1,0,0,0,0,0,0,1,1,1,0,0,0,0,0,1.039342523,1,0.030928001,0.087477598
T_C_11129592_Phe_823_Phe,823.0,0,0,1,0,0,0,1,-4.047643522676209,0.02,1,0,17.0,0.0,,0,-0.712000012397766,0.068000003695488,1,1,0,0,1,0,0,0,0,0,0,1,1,1,0,0,0,0,0,,0,,
G_G_11129593_Asn_825_Asn,825.0,1,0,0,0,0,0,0,,,0,0,17.0,0.0,,0,,,0,0,0,0,1,0,0,0,0,0,0,1,1,1,-3,0,1,1,0,,0,,
C_T_11129595_Asp_824_Asp,824.0,0,0,1,0,0,0,1,-4.650528200785614,0.02,1,0,17.0,0.0,,0,0.667999982833862,0.998000025749207,1,1,0,0,1,0,0,0,0,0,0,1,1,1,0,0,0,0,0,0.986984795,1,0.036763607,0.103983182
A_G_11129596_Asn_825_Asp,825.0,1,1,0,0,0,0,0,,0.02,1,0,17.0,0.0,0.93,1,9.10799980163574,1.0,1,1,0,0,1,0,0,0,0,0,0,1,1,1,0,0,0,0,0,0.278797388,1,0.119456929,0.337875219
A_A_11129597_Val_827_fs,827.0,1,0,0,1,0,0,0,,,0,0,17.0,0.0,,0,,,0,0,0,1,1,0,0,0,0,0,0,1,1,1,1,0,0,0,0,,0,,
A_A_11129597_Val_827_fs,827.0,1,0,0,1,0,0,0,,,0,0,17.0,0.0,,0,-5.05399990081787,0.0,1,1,0,1,1,0,0,0,0,0,0,1,1,1,-1,0,0,0,0,,0,,
C_A_11129598_Asn_825_Lys,825.0,1,1,0,0,0,0,1,-4.935916564036404,0.01,1,0,17.0,0.0,0.802,1,-0.0920000001788139,0.669000029563904,1,1,0,0,1,0,0,0,0,0,0,1,1,1,0,0,0,0,0,0.551857428,1,0.049055212,0.277498183
C_G_11129598_Asn_825_Lys,825.0,1,1,0,0,0,0,1,-4.935916564036404,0.0,1,0,17.0,0.0,0.803,1,-0.0920000001788139,0.669000029563904,1,1,0,0,1,0,0,0,0,0,0,1,1,1,0,0,0,0,0,0.551857428,1,0.049055212,0.277498183
C_A_11129599_Pro_826_Thr,826.0,1,1,0,0,0,0,1,-5.568958054664114,0.01,1,0,17.0,0.0,0.883,1,7.72700023651123,1.0,1,1,0,0,1,0,0,0,0,0,0,1,1,1,0,0,0,0,0,0.938033214,1,0.024686684,0.120939557
C_G_11129601_Pro_826_Pro,826.0,0,0,1,0,0,0,0,,0.0,1,0,17.0,0.0,,0,-5.05399990081787,0.0,1,1,0,0,1,0,0,0,0,0,0,1,1,1,0,0,0,0,0,0.975934075,1,0.036743694,0.180006601
C_T_11129601_Pro_826_Pro,826.0,0,0,1,0,0,0,1,-4.173406946065952,0.02,1,0,17.0,0.0,,0,-5.05399990081787,0.0,1,1,0,0,1,0,0,0,0,0,0,1,1,1,0,0,0,0,0,0.975934075,1,0.036743694,0.180006601
C_C_11129604_Tyr_828_fs,828.0,1,0,0,1,0,0,0,,,0,0,17.0,0.0,,0,,,0,0,0,1,1,0,0,0,0,0,0,1,1,1,1,0,0,0,0,,0,,
C_T_11129604_Val_827_Val,827.0,0,0,1,0,0,0,1,-4.444059562181489,0.01,1,0,17.0,0.0,,0,-1.84800004959106,0.0010000000474974,1,1,0,0,1,0,0,0,0,0,0,1,1,1,0,0,0,0,0,1.028990064,1,0.016101951,0.064407803
T_C_11129605_Tyr_828_His,828.0,1,1,0,0,0,0,0,,0.01,1,0,17.0,0.0,0.948,1,7.83599996566772,1.0,1,1,0,0,1,0,0,0,0,0,0,1,1,1,0,0,0,0,0,0.754765249,1,0.026735003,0.185225533
A_C_11129606_Tyr_828_Ser,828.0,1,1,0,0,0,0,1,-6.046095406586541,0.01,1,0,17.0,0.0,0.961,1,9.10799980163574,1.0,1,1,0,0,1,0,0,0,0,0,0,1,1,1,0,0,0,0,0,0.578974879,1,0.02912377,0.164748925
A_G_11129606_Tyr_828_Cys,828.0,1,1,0,0,0,0,1,-4.780939667551139,0.01,1,0,17.0,0.0,0.962,1,9.10799980163574,1.0,1,1,0,0,1,0,0,0,0,0,0,1,1,1,0,0,0,0,0,0.727853012,1,0.058503406,0.421874061
C_T_11129608_Gln_829_Ter,829.0,1,0,0,0,0,0,0,,0.0,1,0,17.0,0.0,,0,2.5789999961853,0.998000025749207,1,1,0,1,1,0,1,0,0,0,0,1,1,1,0,0,0,0,0,0.930003091,1,0.044423599,0.416730295
G_A_11129613_Lys_830_Lys,830.0,0,0,1,0,0,0,0,,0.0,1,0,17.0,0.0,,0,0.47299998998642,0.999000012874603,1,1,0,0,1,0,0,0,0,0,0,1,1,1,0,0,0,0,0,,0,,
A_G_11129619_Thr_832_Thr,832.0,0,0,1,0,0,0,1,-4.598771832501887,0.0,1,0,17.0,0.0,,0,-0.870999991893768,0.0020000000949949,1,1,0,0,1,0,0,0,0,0,0,1,1,1,0,0,0,0,0,0.959830126,1,0.026819334,0.075856533
G_C_11129623_Asp_834_fs,834.0,1,0,0,1,0,0,0,,,0,0,17.0,0.0,,0,,,0,0,0,1,1,0,0,0,0,0,0,1,1,1,-2,0,0,0,0,,0,,
A_A_11129624_Glu_835_Ter,835.0,1,0,0,1,0,0,0,,,0,0,17.0,0.0,,0,,,0,0,0,1,1,0,0,0,0,0,0,1,1,1,1,0,0,0,0,0.791995607,1,0.065111424,0.390668542
G_A_11129628_Glu_835_Glu,835.0,0,0,1,0,0,0,0,,0.0,1,0,17.0,0.0,,0,2.06599998474121,0.952000021934509,1,1,0,0,1,0,0,0,0,0,0,1,1,1,0,0,0,0,0,0.081660353,1,0.060211835,0.170304787
T_T_11129630_His_837_fs,837.0,1,0,0,1,0,0,0,,,0,0,17.0,0.0,,0,4.83699989318848,1.0,1,1,0,1,1,0,0,0,0,0,0,1,1,1,-1,0,0,0,0,,0,,
C_T_11129631_Val_836_Val,836.0,0,0,1,0,0,0,0,,0.0,1,0,17.0,0.0,,0,-2.26200008392334,0.0,1,1,0,0,1,0,0,0,0,0,0,1,1,1,0,0,0,0,0,1.019144023,1,0.020737275,0.0829491
C_T_11129634_His_837_His,837.0,0,0,1,0,0,0,0,,0.0,1,0,17.0,0.0,,0,2.08400011062622,1.0,1,1,0,0,1,0,0,0,0,0,0,1,1,1,0,0,0,0,0,0.942656952,1,0.033881011,0.135524043
T_A_11129637_Ile_838_Ile,838.0,0,0,1,0,0,0,0,,0.0,1,0,17.0,0.0,,0,0.162000000476837,0.977999985218048,1,1,0,0,1,0,0,0,0,0,0,1,1,1,0,0,0,0,0,,0,,
C_T_11129640_Cys_839_Cys,839.0,0,0,1,0,0,0,0,,0.0,1,0,17.0,0.0,,0,0.28999999165535,0.809000015258789,1,1,0,0,1,0,0,0,0,0,0,1,1,1,0,0,0,0,0,0.975472238,1,0.016908524,0.067634097
C_T_11129643_His_840_His,840.0,0,0,1,0,0,0,1,-6.046095406586541,0.0,1,0,17.0,0.0,,0,-0.0120000001043081,0.264999985694885,1,1,0,0,1,0,0,0,0,0,0,1,1,1,0,0,0,0,0,0.778370552,1,0.358704392,1.757285459
A_A_11129651_Gly_844_fs,844.0,1,0,0,1,0,0,0,,,0,0,17.0,0.0,,0,,,0,0,0,1,1,0,0,0,0,0,0,1,1,1,-13,0,0,0,0,,0,,
C_T_11129652_Asp_843_Asp,843.0,0,0,1,0,0,0,1,-4.297741836837906,0.0,1,0,17.0,0.0,,0,-1.2389999628067,0.0,1,1,0,0,1,0,0,0,0,0,0,1,1,1,0,0,0,0,0,0.845019771,1,0.041430377,0.117182802
G_A_11129654_Gly_844_Asp,844.0,1,1,0,0,0,0,1,-4.125112489153888,0.0,1,0,17.0,0.0,0.939,1,9.77200031280518,1.0,1,1,0,0,1,0,0,0,0,0,0,1,1,1,0,0,0,0,0,1.036528024,1,0.018956786,0.136699331
C_T_11129658_Tyr_845_Tyr,845.0,0,0,1,0,0,0,1,-3.706858516549069,0.0,1,0,17.0,0.0,,0,1.29799997806549,0.592000007629395,1,1,0,0,1,0,0,0,0,0,0,1,1,1,0,0,0,0,0,0.854796764,1,0.069305625,0.19602591
A_A_11129663_Ser_849_fs,849.0,1,0,0,1,0,0,0,,,0,0,17.0,0.0,,0,,,0,0,0,1,1,0,0,0,0,0,0,1,1,1,1,0,0,0,0,,0,,
C_T_11129664_Tyr_847_Tyr,847.0,0,0,1,0,0,0,1,-6.046095406586541,0.0,1,0,17.0,0.0,,0,0.939000010490417,1.0,1,1,0,0,1,0,0,0,0,0,0,1,1,1,0,0,0,0,0,0.979520051,1,0.037724787,0.213403624
T_T_11129668_Pro_848_Ter,848.0,1,0,0,1,0,0,0,,,0,0,17.0,0.0,,0,3.79800009727478,0.995999991893768,1,1,0,1,1,0,0,0,0,0,1,1,1,1,-1,0,0,0,1,0.779578485,1,0.11416941,0.790988874
C_A_11129669_Ser_849_Ter,849.0,1,0,0,0,0,0,1,-4.531652669587843,0.0,1,0,17.0,0.0,,0,3.79800009727478,0.995999991893768,1,1,0,1,1,0,1,0,0,0,1,1,1,1,0,0,0,0,0,0.779578485,1,0.11416941,0.790988874
G_A_11129671_<NA>_<NA>_<NA>,,1,0,0,0,0,0,1,-6.046095406586541,1.0,1,0,,,,0,9.77200031280518,1.0,1,1,,1,,,0,0,0,0,1,0,0,0,0,0,0,0,0,,0,,
G_T_11129671_<NA>_<NA>_<NA>,,1,0,0,0,0,0,0,,1.0,1,0,,,,0,9.77200031280518,1.0,1,1,,1,,,0,0,0,0,1,0,0,0,0,0,0,0,0,,0,,
T_G_11129672_<NA>_<NA>_<NA>,,1,0,0,0,0,0,0,,1.0,1,0,,,,0,7.83900022506714,1.0,1,1,,1,,,0,0,0,0,1,0,0,0,0,0,0,0,0,,0,,
A_T_11129678_<NA>_<NA>_<NA>,,0,0,0,0,1,0,1,-4.616005210558267,0.0,1,0,,,,0,-1.24000000953674,0.0,1,1,,0,,,0,0,0,0,1,0,0,0,0,0,0,0,0,,0,,
C_A_11129679_<NA>_<NA>_<NA>,,0,0,0,0,1,0,1,-4.81559251458768,0.0,1,0,,,,0,2.27800011634827,0.0109999999403954,1,1,,0,,,0,0,0,0,0,0,0,0,0,0,0,0,0,,0,,
C_T_11129679_<NA>_<NA>_<NA>,,0,0,0,0,1,0,1,-3.283913146225168,0.0,1,0,,,,0,2.27800011634827,0.0109999999403954,1,1,,0,,,0,0,0,0,0,0,0,0,0,0,0,0,0,,0,,
C_T_11129680_<NA>_<NA>_<NA>,,0,0,0,0,1,0,0,,0.0,1,0,,,,0,0.305000007152557,0.0049999998882412,1,1,,0,,,0,0,0,0,0,0,0,0,0,0,0,0,0,,0,,
C_T_11129683_<NA>_<NA>_<NA>,,0,0,0,0,1,0,0,,0.0,1,0,,,,0,-0.0659999996423721,0.0,1,1,,0,,,0,0,0,0,0,0,0,0,0,0,0,0,0,,0,,
C_T_11129685_<NA>_<NA>_<NA>,,0,0,0,0,1,0,1,-4.634699251362012,0.0,1,0,,,,0,0.261999994516373,0.0010000000474974,1,1,,0,,,0,0,0,0,0,0,0,0,0,0,0,0,0,,0,,
A_G_11129687_<NA>_<NA>_<NA>,,0,0,0,0,1,0,1,-4.780939667551139,0.0,1,0,,,,0,0.162000000476837,0.0989999994635582,1,1,,0,,,0,0,0,0,0,0,0,0,0,0,0,0,0,,0,,
G_A_11131104_<NA>_<NA>_<NA>,,0,0,0,0,1,0,1,-0.4143137215475031,0.0,1,0,,,,0,0.291000008583069,0.0,1,1,,0,,,0,0,0,0,0,0,0,0,0,0,0,0,0,,0,,
G_A_11131134_<NA>_<NA>_<NA>,,0,0,0,0,1,0,1,-0.3983745204460553,0.0,1,0,,,,0,-0.337999999523163,0.0,1,1,,0,,,0,0,0,0,0,0,0,0,0,0,0,0,0,,0,,
G_A_11131201_<NA>_<NA>_<NA>,,0,0,0,0,1,0,1,-0.3995716742678688,0.0,1,0,,,,0,0.314999997615814,0.0,1,1,,0,,,0,0,0,0,0,0,0,0,0,0,0,0,0,,0,,
A_G_11131239_<NA>_<NA>_<NA>,,0,0,0,0,1,0,1,-0.2795099315499485,0.03,1,0,,,,0,-0.486000001430511,0.0,1,1,,0,,,0,0,0,0,0,0,0,0,0,0,0,0,0,,0,,
A_G_11131266_<NA>_<NA>_<NA>,,0,0,0,0,1,0,1,-4.305745887974721,0.03,1,0,,,,0,-1.22000002861023,0.0,1,1,,0,,,0,0,0,0,0,0,0,0,0,0,0,0,0,,0,,
A_C_11131269_<NA>_<NA>_<NA>,,0,0,0,0,1,0,0,,0.07,1,0,,,,0,-3.54500007629395,0.0,1,1,,0,,,0,0,0,0,0,0,0,0,0,0,0,0,0,,0,,
A_G_11131269_<NA>_<NA>_<NA>,,0,0,0,0,1,0,1,-3.3197551629573923,0.03,1,0,,,,0,-3.54500007629395,0.0,1,1,,0,,,0,0,0,0,0,0,0,0,0,0,0,0,0,,0,,
G_A_11131273_<NA>_<NA>_<NA>,,0,0,0,0,1,0,0,,0.08,1,0,,,,0,0.221000000834465,0.0099999997764825,1,1,,0,,,0,0,0,0,1,0,0,0,0,0,0,0,0,,0,,
G_C_11131273_<NA>_<NA>_<NA>,,0,0,0,0,1,0,0,,0.08,1,0,,,,0,0.221000000834465,0.0099999997764825,1,1,,0,,,0,0,0,0,1,0,0,0,0,0,0,0,0,,0,,
T_C_11131274_<NA>_<NA>_<NA>,,0,0,0,0,1,0,0,,0.08,1,0,,,,0,0.307000011205673,0.0120000001043081,1,1,,0,,,0,0,0,0,1,0,0,0,0,0,0,0,0,,0,,
A_C_11131279_<NA>_<NA>_<NA>,,0,0,0,0,0,0,0,,0.96,1,0,,,,0,5.13899993896484,1.0,1,1,,1,,,0,0,0,0,1,0,0,0,0,0,0,0,0,,0,,
A_G_11131279_<NA>_<NA>_<NA>,,1,0,0,0,0,0,0,,0.96,1,0,,,,0,5.13899993896484,1.0,1,1,,1,,,0,0,0,0,1,0,0,0,0,0,0,0,0,,0,,
A_G_11131283_Arg_850_Arg,850.0,0,0,1,0,0,0,0,,0.15,1,0,18.0,0.0,,0,0.284000009298325,0.992999970912933,1,1,,0,0,1,0,0,0,0,1,1,1,1,0,0,0,0,0,1.023535857,1,0.026795652,0.151579097
C_C_11131284_Gln_851_fs,851.0,1,0,0,1,0,0,0,,,0,0,18.0,0.0,,0,3.66700005531311,1.0,1,1,,1,0,1,0,0,0,0,0,1,1,1,-1,0,0,0,0,,0,,
C_T_11131292_Val_853_Val,853.0,0,0,1,0,0,0,1,-4.832682665251824,0.11,1,0,18.0,0.0,,0,0.123000003397465,0.996999979019165,1,1,,0,0,1,0,0,0,0,0,1,1,1,0,0,0,0,0,0.929251175,1,0.027570776,0.135068668
T_C_11131304_Asp_857_Asp,857.0,0,0,1,0,0,0,0,,0.04,1,0,18.0,0.0,,0,-2.2739999294281,0.0099999997764825,1,1,,0,0,1,0,0,0,0,0,1,1,1,0,0,0,0,0,,0,,
C_T_11131307_Asp_858_Asp,858.0,0,0,1,0,0,0,1,-3.8395314688809625,0.05,1,0,18.0,0.0,,0,-1.91199994087219,0.0,1,1,,0,0,1,0,0,0,0,0,1,1,1,0,0,0,0,0,-0.100442013,1,0.114007364,0.322461522
G_A_11131308_Val_859_Met,859.0,0,1,0,0,0,0,1,-3.760950906859808,0.04,1,0,18.0,0.0,0.209,1,0.541999995708466,0.0089999996125698,1,1,,0,0,1,0,0,0,0,0,1,1,1,0,0,0,0,0,0.995730561,1,0.013522764,0.038248153
G_A_11131310_Val_859_Val,859.0,0,0,1,0,0,0,1,-3.4060497047360125,0.03,1,0,18.0,0.0,,0,0.830999970436096,0.722000002861023,1,1,,0,0,1,0,0,0,0,0,1,1,1,0,0,0,0,0,1.002175015,1,0.025148112,0.112465774
C_T_11131312_Ala_860_Val,860.0,0,1,0,0,0,0,1,-2.3131850454926832,0.01,1,0,18.0,0.0,0.662,1,1.51300001144409,0.870999991893768,1,1,,0,0,1,0,0,0,0,0,1,1,1,0,0,0,0,0,0.954631315,1,0.008928681,0.025254124
G_A_11131313_Ala_860_Ala,860.0,0,0,1,0,0,0,1,-4.479909671887158,0.01,1,0,18.0,0.0,,0,-3.39000010490417,0.0,1,1,,0,0,1,0,0,0,0,0,1,1,1,0,0,0,0,0,0.991833992,1,0.032483779,0.159137368
G_T_11131313_Ala_860_Ala,860.0,0,0,1,0,0,0,0,,0.03,1,0,18.0,0.0,,0,-3.39000010490417,0.0,1,1,,0,0,1,0,0,0,0,0,1,1,1,0,0,0,0,0,0.991833992,1,0.032483779,0.159137368
T_T_11131314_Ter_861_Ter,861.0,0,0,0,0,0,0,0,,,0,0,18.0,0.0,,0,,,0,0,,0,0,1,0,0,0,0,0,1,1,1,1,0,0,1,0,,0,,
G_A_11131315_Ter_861_Ter,861.0,0,0,0,0,0,0,1,-4.598771832501887,0.04,1,0,18.0,0.0,,0,3.77800011634827,1.0,1,1,,0,0,1,0,0,0,0,0,1,1,1,0,0,0,0,0,,0,,
A_G_11131317_<NA>_<NA>_<NA>,,0,0,0,0,0,1,0,,0.03,1,0,18.0,0.0,,0,0.0540000014007092,0.0010000000474974,1,1,,0,0,1,0,0,0,0,0,1,0,1,0,0,0,0,0,,0,,
A_G_11131329_<NA>_<NA>_<NA>,,0,0,0,0,0,1,1,-2.060880282351513,0.12,1,0,18.0,0.0,,0,-0.280000001192093,0.0,1,1,,0,0,1,0,0,0,0,0,1,0,1,0,0,0,0,0,,0,,
G_A_11131359_<NA>_<NA>_<NA>,,0,0,0,0,0,1,1,-4.517698232776557,0.0,1,0,18.0,0.0,,0,0.75,0.0020000000949949,1,1,,0,0,1,0,0,0,0,0,1,0,1,0,0,0,0,0,,0,,
G_A_11131368_<NA>_<NA>_<NA>,,0,0,0,0,0,1,1,-0.3991359636901604,0.0,1,0,18.0,0.0,,0,-0.517000019550323,0.0,1,1,,0,0,1,0,0,0,0,0,1,0,1,0,0,0,0,0,,0,,
G_A_11131395_<NA>_<NA>_<NA>,,0,0,0,0,0,1,1,-4.647817481888637,0.0,1,0,18.0,0.0,,0,0.503000020980835,0.003000000026077,1,1,,0,0,1,0,0,0,0,0,1,0,1,0,0,0,0,0,,0,,
G_A_11131445_<NA>_<NA>_<NA>,,0,0,0,0,0,1,0,,0.0,1,0,18.0,0.0,,0,1.79200005531311,0.930999994277954,1,1,,0,0,1,0,0,0,0,0,1,0,1,0,0,0,0,0,,0,,
G_T_11131445_<NA>_<NA>_<NA>,,0,0,0,0,0,1,0,,0.02,1,0,18.0,0.0,,0,1.79200005531311,0.930999994277954,1,1,,0,0,1,0,0,0,0,0,1,0,1,0,0,0,0,0,,0,,
G_A_11131457_<NA>_<NA>_<NA>,,0,0,0,0,0,1,1,-0.95233580539844,0.0,1,0,18.0,0.0,,0,2.21700000762939,0.712000012397766,1,1,,0,0,1,0,0,0,0,0,1,0,1,0,0,0,0,0,,0,,
G_A_11131515_<NA>_<NA>_<NA>,,0,0,0,0,0,1,1,-3.7155692661554807,0.0,1,0,18.0,0.0,,0,-3.83200001716614,0.0,1,1,,0,0,1,0,0,0,0,0,1,0,1,0,0,0,0,0,,0,,
G_A_11131539_<NA>_<NA>_<NA>,,0,0,0,0,0,1,1,-2.025304128090317,0.01,1,0,18.0,0.0,,0,-2.16700005531311,0.0,1,1,,0,0,1,0,0,0,0,0,1,0,1,0,0,0,0,0,,0,,
G_T_11131573_<NA>_<NA>_<NA>,,0,0,0,0,0,1,0,,0.14,1,0,18.0,0.0,,0,0.64300000667572,0.003000000026077,1,1,,0,0,1,0,0,0,0,0,1,0,1,0,0,0,0,0,,0,,
G_C_11131631_<NA>_<NA>_<NA>,,0,0,0,0,0,1,1,-0.0540392964224314,0.0,1,0,18.0,0.0,,0,-0.261000007390976,0.0,1,1,,0,0,1,0,0,0,0,0,1,0,1,0,0,0,0,0,,0,,
G_A_11131654_<NA>_<NA>_<NA>,,0,0,0,0,0,1,1,-2.3581294545236875,0.0,1,0,18.0,0.0,,0,-1.37300002574921,0.0,1,1,,0,0,1,0,0,0,0,0,1,0,1,0,0,0,0,0,,0,,
G_A_11131820_<NA>_<NA>_<NA>,,0,0,0,0,0,1,1,-0.3084764778318455,0.0,1,0,18.0,0.0,,0,-1.77100002765656,0.0,1,1,,0,0,1,0,0,0,0,0,1,0,1,0,0,0,0,0,,0,,
C_A_11131833_<NA>_<NA>_<NA>,,0,0,0,0,0,1,1,-2.1231473523986564,0.0,1,0,18.0,0.0,,0,0.0560000017285347,0.0,1,1,,0,0,1,0,0,0,0,0,1,0,1,0,0,0,0,0,,0,,
T_C_11131982_<NA>_<NA>_<NA>,,0,0,0,0,0,1,1,-0.0924811538933707,0.0,1,0,18.0,0.0,,0,0.0309999994933605,0.0,1,1,,0,0,1,0,0,0,0,0,1,0,1,0,0,0,0,0,,0,,
G_A_11132033_<NA>_<NA>_<NA>,,0,0,0,0,0,1,1,-2.0844946382456238,0.0,1,0,18.0,0.0,,0,-2.13899993896484,0.0,1,1,,0,0,1,0,0,0,0,0,1,0,1,0,0,0,0,0,,0,,
A_G_11132089_<NA>_<NA>_<NA>,,0,0,0,0,0,1,1,-0.4160082008016836,0.0,1,0,18.0,0.0,,0,-1.33200001716614,0.0,1,1,,0,0,1,0,0,0,0,0,1,0,1,0,0,0,0,0,,0,,
C_T_11132119_<NA>_<NA>_<NA>,,0,0,0,0,0,1,1,-1.5797141150580822,0.0,1,0,18.0,0.0,,0,-1.77300000190735,0.0,1,1,,0,0,1,0,0,0,0,0,1,0,1,0,0,0,0,0,,0,,
C_T_11132281_<NA>_<NA>_<NA>,,0,0,0,0,0,1,1,-1.7176044952574745,0.0,1,0,18.0,0.0,,0,-2.87199997901917,0.0,1,1,,0,0,1,0,0,0,0,0,1,0,1,0,0,0,0,0,,0,,
G_C_11132298_<NA>_<NA>_<NA>,,0,0,0,0,0,1,1,-0.9982662871909996,0.0,1,0,18.0,0.0,,0,-0.0149999996647239,0.0,1,1,,0,0,1,0,0,0,0,0,1,0,1,0,0,0,0,0,,0,,
G_A_11132456_<NA>_<NA>_<NA>,,0,0,0,0,0,1,1,-1.9476909003526768,0.0,1,0,18.0,0.0,,0,-0.384999990463257,0.0529999993741512,1,1,,0,0,1,0,0,0,0,0,1,0,1,0,0,0,0,0,,0,,
G_A_11132484_<NA>_<NA>_<NA>,,0,0,0,0,0,1,1,-0.4361630813354551,0.0,1,0,18.0,0.0,,0,-0.874000012874603,0.0049999998882412,1,1,,0,0,1,0,0,0,0,0,1,0,1,0,0,0,0,0,,0,,
G_C_11132489_<NA>_<NA>_<NA>,,0,0,0,0,0,1,1,-2.145997766873011,0.0,1,0,18.0,0.0,,0,-0.358000010251999,0.0,1,1,,0,0,1,0,0,0,0,0,1,0,1,0,0,0,0,0,,0,,
C_C_11132531_<NA>_<NA>_<NA>,,0,0,0,0,0,1,1,-0.1545918603782066,,0,0,18.0,0.0,,0,,,0,0,,0,0,1,0,0,0,0,0,1,0,1,1,0,0,0,0,,0,,
C_G_11132533_<NA>_<NA>_<NA>,,0,0,0,0,0,1,1,-0.1500894416985039,0.01,1,0,18.0,0.0,,0,-0.726999998092651,0.0010000000474974,1,1,,0,0,1,0,0,0,0,0,1,0,1,0,0,0,0,0,,0,,
T_C_11132578_<NA>_<NA>_<NA>,,0,0,0,0,0,1,1,0.0,0.0,1,0,18.0,0.0,,0,-0.12899999320507,0.0020000000949949,1,1,,0,0,1,0,0,0,0,0,1,0,1,0,0,0,0,0,,0,,
C_T_11132584_<NA>_<NA>_<NA>,,0,0,0,0,0,1,1,-0.3162327385746883,0.0,1,0,18.0,0.0,,0,-1.92799997329712,0.0,1,1,,0,0,1,0,0,0,0,0,1,0,1,0,0,0,0,0,,0,,
G_A_11132585_<NA>_<NA>_<NA>,,0,0,0,0,0,1,1,-2.911509529817604,0.0,1,0,18.0,0.0,,0,-1.80999994277954,0.0,1,1,,0,0,1,0,0,0,0,0,1,0,1,0,0,0,0,0,,0,,
C_T_11132608_<NA>_<NA>_<NA>,,0,0,0,0,0,1,1,-1.9100948885606024,0.0,1,0,18.0,0.0,,0,-0.148000001907349,0.0160000007599592,1,1,,0,0,1,0,0,0,0,0,1,0,1,0,0,0,0,0,,0,,
G_A_11132648_<NA>_<NA>_<NA>,,0,0,0,0,0,1,1,-0.9974020192800914,0.0,1,0,18.0,0.0,,0,-2.69700002670288,0.0,1,1,,0,0,1,0,0,0,0,0,1,0,1,0,0,0,0,0,,0,,
C_G_11132652_<NA>_<NA>_<NA>,,0,0,0,0,0,1,1,-0.4306260903849541,0.0,1,0,18.0,0.0,,0,-0.046000000089407,0.0,1,1,,0,0,1,0,0,0,0,0,1,0,1,0,0,0,0,0,,0,,
C_A_11132656_<NA>_<NA>_<NA>,,0,0,0,0,0,1,1,-0.82623117686335,0.0,1,0,18.0,0.0,,0,-0.229000002145767,0.0010000000474974,1,1,,0,0,1,0,0,0,0,0,1,0,1,0,0,0,0,0,,0,,
T_C_11132670_<NA>_<NA>_<NA>,,0,0,0,0,0,1,1,-0.549750891680639,0.0,1,0,18.0,0.0,,0,-5.47900009155273,0.0,1,1,,0,0,1,0,0,0,0,0,1,0,1,0,0,0,0,0,,0,,
T_C_11132692_<NA>_<NA>_<NA>,,0,0,0,0,0,1,1,-0.4342702121688729,0.0,1,0,18.0,0.0,,0,0.0,0.0140000004321337,1,1,,0,0,1,0,0,0,0,0,1,0,1,0,0,0,0,0,,0,,
G_A_11132693_<NA>_<NA>_<NA>,,0,0,0,0,0,1,1,-1.8661418747966652,0.0,1,0,18.0,0.0,,0,-0.0750000029802322,0.0140000004321337,1,1,,0,0,1,0,0,0,0,0,1,0,1,0,0,0,0,0,,0,,
A_C_11132733_<NA>_<NA>_<NA>,,0,0,0,0,0,1,1,-1.6434005642750291,0.0,1,0,18.0,0.0,,0,-0.465999990701675,0.0070000002160668,1,1,,0,0,1,0,0,0,0,0,1,0,1,0,0,0,0,0,,0,,
C_A_11132735_<NA>_<NA>_<NA>,,0,0,0,0,0,1,1,-0.4365189146055893,0.0,1,0,18.0,0.0,,0,-0.342999994754791,0.006000000052154,1,1,,0,0,1,0,0,0,0,0,1,0,1,0,0,0,0,0,,0,,
C_T_11132746_<NA>_<NA>_<NA>,,0,0,0,0,0,1,1,-0.7931741239681502,0.0,1,0,18.0,0.0,,0,-1.44900000095367,0.0,1,1,,0,0,1,0,0,0,0,0,1,0,1,0,0,0,0,0,,0,,
A_G_11132769_<NA>_<NA>_<NA>,,0,0,0,0,0,1,1,-0.424119684319354,0.0,1,0,18.0,0.0,,0,-1.51699995994568,0.0,1,1,,0,0,1,0,0,0,0,0,1,0,1,0,0,0,0,0,,0,,
T_C_11132826_<NA>_<NA>_<NA>,,0,0,0,0,0,1,1,0.0,0.0,1,0,18.0,0.0,,0,0.504999995231628,0.0070000002160668,1,1,,0,0,1,0,0,0,0,0,1,0,1,0,0,0,0,0,,0,,
A_T_11132866_<NA>_<NA>_<NA>,,0,0,0,0,0,1,1,-0.3010299956639812,0.0,1,0,18.0,0.0,,0,0.566999971866608,0.0049999998882412,1,1,,0,0,1,0,0,0,0,0,1,0,1,0,0,0,0,0,,0,,
G_T_11132916_<NA>_<NA>_<NA>,,0,0,0,0,0,1,1,0.0,0.09,1,0,18.0,0.0,,0,-0.352999985218048,0.0450000017881393,1,1,,0,0,1,0,0,0,0,0,1,0,1,0,0,0,0,0,,0,,
C_T_11133059_<NA>_<NA>_<NA>,,0,0,0,0,0,1,1,0.0,0.0,1,0,18.0,0.0,,0,-3.84100008010864,0.0,1,1,,0,0,1,0,0,0,0,0,1,0,1,0,0,0,0,0,,0,,
C_T_11133276_<NA>_<NA>_<NA>,,0,0,0,0,0,1,1,-1.893129455521346,0.0,1,0,18.0,0.0,,0,0.12899999320507,0.0,1,1,,0,0,1,0,0,0,0,0,1,0,1,0,0,0,0,0,,0,,
G_A_11133332_<NA>_<NA>_<NA>,,0,0,0,0,0,1,1,-0.9340470196861304,0.0,1,0,18.0,0.0,,0,-0.238000005483627,0.0,1,1,,0,0,1,0,0,0,0,0,1,0,1,0,0,0,0,0,,0,,
G_A_11133370_<NA>_<NA>_<NA>,,0,0,0,0,0,1,1,-1.0033570086445276,0.0,1,0,18.0,0.0,,0,-1.25899994373322,0.0,1,1,,0,0,1,0,0,0,0,0,1,0,1,0,0,0,0,0,,0,,
G_A_11133427_<NA>_<NA>_<NA>,,0,0,0,0,0,1,1,-1.799696817018415,0.0,1,0,18.0,0.0,,0,0.629999995231628,0.689999997615814,1,1,,0,0,1,0,0,0,0,0,1,0,1,0,0,0,0,0,,0,,
G_A_11133442_<NA>_<NA>_<NA>,,0,0,0,0,0,1,1,-2.0830199526796176,0.0,1,0,18.0,0.0,,0,-1.00699996948242,0.0049999998882412,1,1,,0,0,1,0,0,0,0,0,1,0,1,0,0,0,0,0,,0,,
T_G_11133526_<NA>_<NA>_<NA>,,0,0,0,0,0,1,0,,0.0,1,0,18.0,0.0,,0,0.138999998569489,0.0070000002160668,1,1,,0,0,1,0,0,0,0,0,1,0,1,0,0,0,0,0,,0,,
